4.591257572174072266e-01,4.497767984867095947e-01,2.244315445423126221e-01,2.232369184494018555e-01,-4.302334785461425781e-01,2.105829566717147827e-01,3.442536294460296631e-01,3.495503365993499756e-01,2.098884582519531250e-01,6.018215417861938477e-01,6.694831252098083496e-01,1.556320339441299438e-01,4.675045907497406006e-01,4.694513976573944092e-01,4.126650989055633545e-01,4.215876460075378418e-01,1.620925664901733398e-01,6.598703265190124512e-01,4.181876182556152344e-01,-5.039321184158325195e-01,4.729681015014648438e-01,-2.477623671293258667e-01,4.422425627708435059e-01,4.906156063079833984e-01,2.643739879131317139e-01,-3.452021360397338867e+00,-3.452021360397338867e+00,4.690941572189331055e-01,4.319227933883666992e-01,4.373666644096374512e-01,5.193507671356201172e-01,6.430323719978332520e-01,4.906418323516845703e-01,4.321653246879577637e-01,4.837280213832855225e-01,-6.962877511978149414e-01,-7.234513759613037109e-01,2.488532364368438721e-01,-3.226292848587036133e+00,-1.099791288375854492e+00,4.657560586929321289e-01,2.942218482494354248e-01,4.692612886428833008e-01,3.953511640429496765e-02,5.994536280632019043e-01,6.649290919303894043e-01,4.376547634601593018e-01,4.241240918636322021e-01,4.261495471000671387e-01,-3.964739739894866943e-01,-1.972074955701828003e-01,5.974231958389282227e-01,6.590477228164672852e-01,4.388366043567657471e-01,4.476398825645446777e-01,-2.239737033843994141e+00,4.047887027263641357e-01,4.748395383358001709e-01,4.786695837974548340e-01,5.721129775047302246e-01,4.773156642913818359e-01,4.424500167369842529e-01,3.049571812152862549e-01,-2.520780563354492188e+00,-8.303871750831604004e-02,5.689666271209716797e-01,5.040745139122009277e-01,4.282176494598388672e-01,4.769862890243530273e-01,4.525413215160369873e-01,4.973949864506721497e-02,4.046576023101806641e-01,5.754789710044860840e-01,1.978611499071121216e-01,4.008278846740722656e-01,4.177494049072265625e-01,4.792100489139556885e-01,3.638630211353302002e-01,3.646971285343170166e-01,5.962007045745849609e-01,6.450840830802917480e-01,4.434768557548522949e-01,4.065781831741333008e-01,3.649019598960876465e-01,4.103669226169586182e-01,1.183367967605590820e-01,-8.267032504081726074e-01,-3.452021360397338867e+00,-3.452021360397338867e+00,-3.452021360397338867e+00,-2.772513329982757568e-01,2.442955970764160156e-01,-2.332182884216308594e+00,5.828434228897094727e-01,6.410183906555175781e-01,-3.379647433757781982e-02,-5.990493297576904297e-01,4.058997631072998047e-01,6.573613733053207397e-02,4.536736384034156799e-02,-2.685488462448120117e+00,-4.912958741188049316e-01,4.504781663417816162e-01,4.652119874954223633e-01,4.055317044258117676e-01,3.818480968475341797e-01,3.533456325531005859e-01,4.744914770126342773e-01,-1.277647733688354492e+00,-8.860285878181457520e-01,4.080251753330230713e-01,4.516580402851104736e-01,4.523414075374603271e-01,3.056175708770751953e-01,5.531971454620361328e-01,6.472471952438354492e-01,3.907201886177062988e-01,4.116008877754211426e-01,3.735839724540710449e-01
3.407973051071166992e-01,3.294678926467895508e-01,4.260304272174835205e-01,4.658119976520538330e-01,-8.479067683219909668e-01,6.470588594675064087e-02,2.099340856075286865e-01,2.137267291545867920e-01,1.650137901306152344e-01,4.314828515052795410e-01,4.716827273368835449e-01,2.612592577934265137e-01,2.949358820915222168e-01,3.389066457748413086e-01,2.833822369575500488e-01,3.443691134452819824e-01,7.040761411190032959e-02,4.991038143634796143e-01,2.312849164009094238e-01,-9.063044190406799316e-01,3.131315410137176514e-01,2.806010246276855469e-01,3.048112988471984863e-01,2.693845629692077637e-01,1.582090258598327637e-01,-4.684021949768066406e+00,-4.684021949768066406e+00,3.471867144107818604e-01,2.419132739305496216e-01,2.804525494575500488e-01,4.337290823459625244e-01,4.741318225860595703e-01,3.306642174720764160e-01,2.888810932636260986e-01,2.829099893569946289e-01,3.274036347866058350e-01,3.075369000434875488e-01,4.292429089546203613e-01,-4.399197101593017578e+00,-1.516969799995422363e+00,3.163168132305145264e-01,3.180715441703796387e-01,3.072796463966369629e-01,-2.072289884090423584e-01,4.255995750427246094e-01,4.869357049465179443e-01,2.884690761566162109e-01,2.886238396167755127e-01,2.743203938007354736e-01,-8.031809926033020020e-01,-5.282402634620666504e-01,4.360589385032653809e-01,4.855637252330780029e-01,2.686734497547149658e-01,3.238314092159271240e-01,-3.176860094070434570e+00,2.134506553411483765e-01,2.905417084693908691e-01,4.161118865013122559e-01,4.647809267044067383e-01,3.333580195903778076e-01,3.224510550498962402e-01,1.085745915770530701e-01,3.220474123954772949e-01,3.155074417591094971e-01,4.318342208862304688e-01,5.142040848731994629e-01,3.494287431240081787e-01,3.106991648674011230e-01,3.204056322574615479e-01,3.532477617263793945e-01,3.358844816684722900e-01,4.472377896308898926e-01,5.184392929077148438e-01,2.464705556631088257e-01,2.823264896869659424e-01,2.973096668720245361e-01,2.530837357044219971e-01,3.261675834655761719e-01,4.687839746475219727e-01,4.651636481285095215e-01,3.226133584976196289e-01,3.212756514549255371e-01,3.474460542201995850e-01,3.285915851593017578e-01,2.650092244148254395e-01,4.006673395633697510e-01,5.179080963134765625e-01,4.784820377826690674e-01,3.302772939205169678e-01,3.283698856830596924e-01,2.016548365354537964e-01,-3.006418943405151367e+00,4.124610424041748047e-01,4.712560772895812988e-01,-3.154681026935577393e-01,-9.598858356475830078e-01,3.431648313999176025e-01,-1.742843687534332275e-01,2.807516157627105713e-01,-3.696814775466918945e+00,-9.183679223060607910e-01,3.544942736625671387e-01,3.317162096500396729e-01,3.091272413730621338e-01,3.499323725700378418e-01,3.140622377395629883e-01,3.350090086460113525e-01,-1.504699230194091797e+00,-1.368758797645568848e+00,3.293863236904144287e-01,3.051003515720367432e-01,3.490732014179229736e-01,2.885673940181732178e-01,3.976995646953582764e-01,4.965543150901794434e-01,1.922683864831924438e-01,2.425658106803894043e-01,3.133971393108367920e-01
2.201053053140640259e-01,4.259205758571624756e-01,4.905109703540802002e-01,5.378703474998474121e-01,-1.007862210273742676e+00,1.015537679195404053e-01,1.360619813203811646e-01,2.652776241302490234e-01,2.782338261604309082e-01,5.370028018951416016e-01,5.225304961204528809e-01,3.101276755332946777e-01,5.795433744788169861e-02,3.882296681404113770e-01,3.405848741531372070e-01,4.190082848072052002e-01,1.694419980049133301e-01,5.492050051689147949e-01,3.851284384727478027e-01,-7.979160547256469727e-01,-2.189456224441528320e-01,-4.128739237785339355e-03,3.917285501956939697e-01,2.909589409828186035e-01,4.136048853397369385e-01,-4.603542327880859375e+00,-4.603542327880859375e+00,4.032695293426513672e-01,2.617771029472351074e-01,3.710655570030212402e-01,4.452453851699829102e-01,5.616301298141479492e-01,4.273738861083984375e-01,1.588309705257415771e-01,4.101935625076293945e-01,3.916409909725189209e-01,4.412665069103240967e-01,5.064933896064758301e-01,-4.321062088012695312e+00,-1.451052188873291016e+00,2.135189436376094818e-02,3.618166148662567139e-01,3.683818876743316650e-01,-3.086295127868652344e-01,5.195509195327758789e-01,5.552088022232055664e-01,1.999113261699676514e-01,-8.832368254661560059e-02,4.098712801933288574e-01,-7.684261798858642578e-01,-4.070353209972381592e-01,4.893839955329895020e-01,5.394209623336791992e-01,5.874687060713768005e-02,3.881951868534088135e-01,-3.102266550064086914e+00,-3.119901716709136963e-01,3.911991119384765625e-01,4.898043572902679443e-01,5.208826065063476562e-01,3.838940262794494629e-01,3.593214750289916992e-01,-1.086923778057098389e-01,3.963130712509155273e-01,3.785125017166137695e-01,5.152294635772705078e-01,5.152517557144165039e-01,4.088334739208221436e-01,2.919411659240722656e-02,3.194779455661773682e-01,3.454288244247436523e-01,1.146449241787195206e-02,4.854091703891754150e-01,5.424289703369140625e-01,3.525089323520660400e-01,3.016854822635650635e-01,2.651317119598388672e-01,2.490520030260086060e-01,3.392689824104309082e-01,5.115464925765991211e-01,5.214095711708068848e-01,3.811897039413452148e-01,3.559020161628723145e-01,2.575306892395019531e-01,1.751721501350402832e-01,3.614923059940338135e-01,4.457541406154632568e-01,5.465558171272277832e-01,5.091000199317932129e-01,2.594258785247802734e-01,2.772102057933807373e-01,1.596462130546569824e-01,-2.923097372055053711e+00,4.403037130832672119e-01,5.219244360923767090e-01,-2.368110567331314087e-01,-1.165457487106323242e+00,-2.456485033035278320e-01,-9.359063506126403809e-01,3.906903564929962158e-01,-3.620410680770874023e+00,-8.706203103065490723e-01,4.084362089633941650e-01,4.227423369884490967e-01,3.543668091297149658e-01,4.366986155509948730e-01,3.333645164966583252e-01,3.615535199642181396e-01,-1.571914434432983398e+00,-1.308280706405639648e+00,4.184533357620239258e-01,4.024425446987152100e-01,4.481945931911468506e-01,3.610464036464691162e-01,4.775790870189666748e-01,5.228993892669677734e-01,3.890303075313568115e-01,3.320145606994628906e-01,7.592719048261642456e-02
3.053272962570190430e-01,4.213645160198211670e-01,5.992724895477294922e-01,8.777422904968261719e-01,-6.949605345726013184e-01,-2.190837115049362183e-01,2.476638853549957275e-01,2.048527300357818604e-01,2.847103774547576904e-01,1.522389650344848633e-01,9.205524325370788574e-01,3.680449724197387695e-01,4.129441678524017334e-01,3.744070827960968018e-01,3.930566012859344482e-01,3.044742345809936523e-01,1.242857351899147034e-01,1.003855228424072266e+00,4.752373695373535156e-01,-7.090371847152709961e-01,1.638144440948963165e-02,4.464639127254486084e-01,3.531773090362548828e-01,2.454352229833602905e-01,-9.477447718381881714e-02,-4.462132930755615234e+00,-4.462132930755615234e+00,4.152025878429412842e-01,4.073391258716583252e-01,5.635661482810974121e-01,6.370729804039001465e-01,1.538532376289367676e-01,3.965576887130737305e-01,2.621553242206573486e-01,1.578953117132186890e-01,5.138045176863670349e-03,-9.988674521446228027e-02,1.546539515256881714e-01,-4.177875995635986328e+00,-1.490416169166564941e+00,3.978177905082702637e-01,3.207077383995056152e-01,1.749002784490585327e-01,-6.672536730766296387e-01,1.265503093600273132e-02,6.813100576400756836e-01,1.171403676271438599e-01,2.656712830066680908e-01,-3.338423371315002441e-01,-9.171209335327148438e-01,-1.045423030853271484e+00,6.971447467803955078e-01,6.935492157936096191e-01,3.008951246738433838e-01,1.423249691724777222e-01,-2.947038173675537109e+00,-2.343301773071289062e-01,2.489511817693710327e-01,4.051079154014587402e-01,2.208722084760665894e-01,4.553256928920745850e-01,4.240438342094421387e-01,1.100653111934661865e-01,1.018323004245758057e-01,3.937936723232269287e-01,6.158412098884582520e-01,9.690881967544555664e-01,4.397501945495605469e-01,4.898642897605895996e-01,4.237717986106872559e-01,3.658096492290496826e-01,3.868182003498077393e-01,4.044596254825592041e-01,9.675458073616027832e-01,3.947355449199676514e-01,-9.418404698371887207e-01,-3.116368502378463745e-02,2.799071073532104492e-01,3.465257287025451660e-01,4.810307621955871582e-01,8.872405290603637695e-01,4.420851171016693115e-01,1.715136319398880005e-02,3.772609233856201172e-01,3.753258585929870605e-01,1.482969820499420166e-01,5.605583786964416504e-01,7.996852397918701172e-01,9.514955282211303711e-01,3.045881688594818115e-01,2.944996654987335205e-01,-2.747453451156616211e-01,-2.868234395980834961e+00,9.802889823913574219e-02,8.848537802696228027e-01,-1.792577952146530151e-01,-9.420725107192993164e-01,2.126417607069015503e-01,-3.470069468021392822e-01,3.112094998359680176e-01,-3.786646366119384766e+00,-8.107872605323791504e-01,4.110655486583709717e-01,3.325003385543823242e-01,3.582346737384796143e-01,3.918206393718719482e-01,1.924108266830444336e-01,-3.936800062656402588e-01,-1.190868616104125977e+00,-1.306528568267822266e+00,4.005279242992401123e-01,4.200351238250732422e-01,1.161553785204887390e-01,3.686865866184234619e-01,5.202992558479309082e-01,2.979386448860168457e-01,1.271010786294937134e-01,2.650604844093322754e-01,3.472032546997070312e-01
-3.123806603252887726e-02,3.536983951926231384e-02,2.603196799755096436e-01,8.116896748542785645e-01,-8.308736085891723633e-01,-6.474276632070541382e-02,6.403795629739761353e-02,-3.101578652858734131e-01,-3.111697733402252197e-01,1.855747997760772705e-01,9.452348947525024414e-01,8.051632046699523926e-01,1.119899079203605652e-01,2.064071893692016602e-01,-1.478138715028762817e-01,4.020473361015319824e-02,-9.633682668209075928e-02,9.463189244270324707e-01,2.717672288417816162e-01,-9.961418509483337402e-01,5.674282088875770569e-02,1.035914383828639984e-02,3.925911784172058105e-01,2.306858301162719727e-01,8.966382145881652832e-01,-3.792153596878051758e+00,-3.792153596878051758e+00,1.833251565694808960e-01,-1.301011294126510620e-01,-1.560677409172058105e+00,2.644276022911071777e-01,1.343066334724426270e+00,4.849964380264282227e-01,2.313503026962280273e-01,-2.821414545178413391e-02,3.487711399793624878e-02,1.586467027664184570e-01,2.163574099540710449e-01,-3.507161617279052734e+00,-1.305220961570739746e+00,-1.469269692897796631e-01,6.504533290863037109e-01,1.234717965126037598e-01,-1.062400698661804199e+00,3.280144035816192627e-01,8.024011254310607910e-01,1.790803968906402588e-01,-4.235030710697174072e-01,2.666128613054752350e-02,-7.586176991462707520e-01,-7.909460663795471191e-01,-2.603549659252166748e-01,5.525813698768615723e-01,5.642321705818176270e-01,6.220498681068420410e-01,-2.158096075057983398e+00,-1.061350032687187195e-01,2.620090246200561523e-01,5.882146358489990234e-01,7.424632906913757324e-01,-1.996794641017913818e-01,7.312685847282409668e-01,2.344108372926712036e-01,8.531521260738372803e-02,2.830948233604431152e-01,-3.175532221794128418e-01,9.409327507019042969e-01,6.934836506843566895e-01,3.521466553211212158e-01,-1.411240845918655396e-01,2.768555283546447754e-01,-1.595744937658309937e-01,4.275194108486175537e-01,1.125800132751464844e+00,1.414590239524841309e+00,6.638554334640502930e-01,1.897981464862823486e-01,3.215949237346649170e-01,-3.962258398532867432e-01,2.418185919523239136e-01,1.064879655838012695e+00,2.705295085906982422e-01,3.128553926944732666e-01,7.896610349416732788e-02,3.898221626877784729e-02,1.004911288619041443e-01,7.878671288490295410e-01,1.459661841392517090e+00,3.057908058166503906e+00,6.784992218017578125e-01,1.940862536430358887e-01,2.423603087663650513e-01,-2.444993972778320312e+00,4.890649318695068359e-01,1.449033021926879883e+00,-4.338474869728088379e-01,-1.227522492408752441e+00,-3.299163877964019775e-01,-9.117907881736755371e-01,-1.317285299301147461e-01,-2.961158275604248047e+00,5.924554467201232910e-01,2.279490977525711060e-01,2.124381363391876221e-01,2.422386705875396729e-01,2.160758525133132935e-01,8.003602176904678345e-02,4.859548509120941162e-01,-1.535869479179382324e+00,-1.418769955635070801e+00,1.063531413674354553e-01,3.476755321025848389e-01,4.629899561405181885e-01,-8.147343993186950684e-02,2.917442619800567627e-01,1.404561161994934082e+00,9.924664348363876343e-02,2.870253622531890869e-01,-2.591823101043701172e+00
1.683859080076217651e-01,4.835894703865051270e-01,8.151571750640869141e-01,1.117727875709533691e+00,-5.690026283264160156e-01,-7.581387758255004883e-01,2.940033376216888428e-01,3.493773937225341797e-01,4.286341071128845215e-01,4.047850966453552246e-01,7.072739601135253906e-01,2.710426151752471924e-01,6.711782887578010559e-03,3.490993678569793701e-01,2.959416210651397705e-01,-6.775111705064773560e-02,4.723724424839019775e-01,6.185305118560791016e-01,3.079619109630584717e-01,-5.769720673561096191e-01,1.360127627849578857e-01,5.710666179656982422e-01,1.630949079990386963e-01,1.729769408702850342e-01,-4.205221235752105713e-01,-4.435408592224121094e+00,-4.435408592224121094e+00,5.063880681991577148e-01,3.764165341854095459e-01,4.090139567852020264e-01,3.613303899765014648e-01,-2.236291021108627319e-01,4.829726815223693848e-01,5.113669037818908691e-01,2.382699400186538696e-01,-1.288180500268936157e-01,-1.810544542968273163e-02,2.571737468242645264e-01,-4.146354198455810547e+00,-1.426904916763305664e+00,4.124788343906402588e-01,1.101021021604537964e-01,1.411481797695159912e-01,-4.783807098865509033e-01,-1.520348340272903442e-01,6.908537745475769043e-01,2.499944567680358887e-01,3.757997155189514160e-01,-2.386614978313446045e-01,-9.295439720153808594e-01,-1.004790067672729492e+00,7.160121202468872070e-01,4.068387746810913086e-01,-3.973816335201263428e-02,3.104366362094879150e-01,-2.821153163909912109e+00,-5.970674157142639160e-01,3.862223923206329346e-01,4.571835100650787354e-01,3.775637149810791016e-01,4.492841362953186035e-01,7.492996007204055786e-02,-1.348295956850051880e-01,1.513535678386688232e-01,4.548424184322357178e-01,6.372684836387634277e-01,9.758827686309814453e-01,4.628048837184906006e-01,4.280813038349151611e-01,4.971966743469238281e-01,3.916521966457366943e-01,4.062079489231109619e-01,5.094884634017944336e-01,9.269888997077941895e-01,4.435038864612579346e-01,-1.350567698478698730e+00,5.319210141897201538e-02,3.613864779472351074e-01,3.766898810863494873e-01,5.325183272361755371e-01,9.035782217979431152e-01,4.597278535366058350e-01,3.869007527828216553e-02,4.427352249622344971e-01,5.055376291275024414e-01,1.375431120395660400e-01,6.833842992782592773e-01,7.691114544868469238e-01,1.023937821388244629e+00,4.476253092288970947e-01,4.219973385334014893e-01,-2.074191719293594360e-01,-2.794887542724609375e+00,5.228557810187339783e-02,8.709971308708190918e-01,-2.492360472679138184e-01,-8.401089906692504883e-01,2.493140995502471924e-01,-7.273772358894348145e-01,4.278803765773773193e-01,-3.688690900802612305e+00,-7.492184042930603027e-01,4.518144726753234863e-01,4.350437819957733154e-01,4.275112450122833252e-01,2.858226597309112549e-01,2.099153995513916016e-01,-4.853632450103759766e-01,-1.130904197692871094e+00,-1.274216532707214355e+00,4.530107080936431885e-01,4.212286472320556641e-01,2.152891159057617188e-01,3.422163128852844238e-01,6.275233626365661621e-01,4.832226634025573730e-01,3.326371014118194580e-01,4.056261777877807617e-01,5.314132571220397949e-01
2.922713756561279297e-01,3.420993313193321228e-02,6.616492867469787598e-01,9.227553009986877441e-01,-5.726680159568786621e-01,2.533194608986377716e-02,-1.767910569906234741e-01,7.282716035842895508e-02,-2.136256098747253418e-01,7.213647365570068359e-01,8.797075748443603516e-01,4.085486531257629395e-01,1.254364103078842163e-01,2.173722088336944580e-01,2.110944539308547974e-01,9.723017364740371704e-02,2.676330804824829102e-01,9.747490882873535156e-01,3.988452255725860596e-01,-9.060258269309997559e-01,2.045761942863464355e-01,1.526580099016427994e-02,8.473533391952514648e-02,4.339486360549926758e-01,2.285619080066680908e-01,-4.287747859954833984e+00,-4.287747859954833984e+00,1.999492794275283813e-01,1.840860582888126373e-02,3.390773534774780273e-01,6.850806474685668945e-01,8.630506992340087891e-01,3.022476136684417725e-01,3.380232155323028564e-01,1.906998306512832642e-01,2.096657902002334595e-01,1.420583724975585938e-01,7.394140362739562988e-01,-4.002378940582275391e+00,-1.210389137268066406e+00,2.718649804592132568e-01,5.996203422546386719e-01,3.854010105133056641e-01,-7.367573976516723633e-01,7.503964304924011230e-01,9.888153076171875000e-01,4.341847598552703857e-01,3.533552885055541992e-01,3.576242923736572266e-01,-8.636329174041748047e-01,-7.220124006271362305e-01,-1.328864216804504395e+00,9.201580882072448730e-01,3.717865347862243652e-01,4.020469486713409424e-01,-3.114095687866210938e+00,2.330927848815917969e-01,7.616639137268066406e-02,6.919332742691040039e-01,9.069626927375793457e-01,4.115364849567413330e-01,3.380908668041229248e-01,2.172368913888931274e-01,3.024244010448455811e-01,1.581360958516597748e-02,7.192935347557067871e-01,4.787925183773040771e-01,4.243281483650207520e-01,3.053642213344573975e-01,1.115687862038612366e-01,3.328375816345214844e-01,1.373878121376037598e-01,6.608548164367675781e-01,8.121678233146667480e-01,3.898729681968688965e-01,5.323918536305427551e-02,3.256069421768188477e-01,2.064269483089447021e-01,-2.245441451668739319e-02,6.565094590187072754e-01,9.235846400260925293e-01,1.438685357570648193e-01,1.963765174150466919e-01,2.831965386867523193e-01,3.565397113561630249e-03,-3.501268327236175537e-01,7.367426753044128418e-01,9.016417264938354492e-01,9.891273975372314453e-01,2.573308907449245453e-02,5.751689523458480835e-02,-7.993807643651962280e-02,-3.105747461318969727e+00,5.944805145263671875e-01,9.318650960922241211e-01,-4.070465266704559326e-01,-8.435145616531372070e-01,2.777708172798156738e-01,-3.894568681716918945e-01,-8.560953289270401001e-02,-3.381325721740722656e+00,-6.561444401741027832e-01,3.256724178791046143e-01,5.979324504733085632e-02,1.812644302845001221e-01,1.037183180451393127e-01,-7.111552357673645020e-02,6.030861139297485352e-01,-1.538633346557617188e+00,-1.891103386878967285e+00,-3.138958662748336792e-02,1.418313831090927124e-01,1.049972698092460632e-01,-1.123342886567115784e-01,6.475502848625183105e-01,9.043022394180297852e-01,2.040458470582962036e-01,1.120642125606536865e-01,-1.366983633488416672e-02
5.047364234924316406e-01,4.813476800918579102e-01,5.486913323402404785e-01,5.899050235748291016e-01,-4.397840499877929688e-01,2.760513722896575928e-01,3.630473017692565918e-01,3.540261089801788330e-01,3.341604173183441162e-01,5.197722911834716797e-01,6.118633151054382324e-01,4.022524058818817139e-01,4.600140750408172607e-01,4.794751107692718506e-01,4.180989265441894531e-01,4.991505146026611328e-01,2.771032154560089111e-01,6.280683279037475586e-01,5.070736408233642578e-01,-4.702410101890563965e-01,-1.754772543907165527e+00,4.547665119171142578e-01,2.580431699752807617e-01,4.204739928245544434e-01,3.919197618961334229e-01,-3.405306577682495117e+00,-3.405306577682495117e+00,4.785388112068176270e-01,-1.749385952949523926e+00,-2.308080911636352539e+00,5.183770656585693359e-01,-5.756109356880187988e-01,-2.777703285217285156e+00,4.445661902427673340e-01,3.914038836956024170e-01,4.624125957489013672e-01,3.977887034416198730e-01,-1.516237139701843262e+00,-3.405306577682495117e+00,-2.031472682952880859e+00,4.562220275402069092e-01,4.366136193275451660e-01,4.459922313690185547e-01,5.188025906682014465e-02,5.090644359588623047e-01,6.112603545188903809e-01,-2.345222473144531250e+00,-2.732307434082031250e+00,4.418226480484008789e-01,-3.908626735210418701e-01,-1.916346251964569092e-01,5.338517427444458008e-01,6.125265955924987793e-01,3.475826680660247803e-01,4.640657305717468262e-01,-2.235574960708618164e+00,4.197269678115844727e-01,4.560729563236236572e-01,5.282115936279296875e-01,5.842252969741821289e-01,4.115583300590515137e-01,4.850676953792572021e-01,2.939011156558990479e-01,4.605299532413482666e-01,4.309808313846588135e-01,5.291200876235961914e-01,6.114563345909118652e-01,4.354981184005737305e-01,4.223968088626861572e-01,4.719278812408447266e-01,5.142835378646850586e-01,-1.178262829780578613e+00,5.465008020401000977e-01,-4.650838971138000488e-01,4.291383922100067139e-01,4.536660909652709961e-01,4.814800024032592773e-01,-1.925079464912414551e+00,4.566457867622375488e-01,5.699682831764221191e-01,6.282307505607604980e-01,5.068696141242980957e-01,4.565905332565307617e-01,4.815821647644042969e-01,4.965694546699523926e-01,4.525288045406341553e-01,5.402885079383850098e-01,6.430572867393493652e-01,6.215531826019287109e-01,5.062924027442932129e-01,4.844664037227630615e-01,4.088164567947387695e-01,-2.090277910232543945e+00,5.523848533630371094e-01,6.356775164604187012e-01,2.683334052562713623e-02,-5.577166080474853516e-01,4.656619429588317871e-01,8.406674116849899292e-02,4.321968257427215576e-01,-2.644737005233764648e+00,-4.831832051277160645e-01,5.051836371421813965e-01,4.445310235023498535e-01,4.747742414474487305e-01,3.330033719539642334e-01,4.191993474960327148e-01,4.478785395622253418e-01,-9.440723061561584473e-01,-8.426267504692077637e-01,4.994721114635467529e-01,4.999360740184783936e-01,4.864595830440521240e-01,4.552522599697113037e-01,5.339069962501525879e-01,6.207002997398376465e-01,4.503286182880401611e-01,4.183066189289093018e-01,4.768839776515960693e-01
4.377276301383972168e-01,5.663960576057434082e-01,7.755063772201538086e-01,7.992025017738342285e-01,-6.506456136703491211e-01,-3.516438007354736328e-01,1.454898566007614136e-01,-2.518306076526641846e-01,3.873662948608398438e-01,7.539926767349243164e-01,7.430574297904968262e-01,3.881296813488006592e-01,-9.571320414543151855e-01,3.215589821338653564e-01,2.422906160354614258e-01,2.789705395698547363e-01,2.235540896654129028e-01,7.457769513130187988e-01,5.206079483032226562e-01,-8.039017915725708008e-01,5.229355096817016602e-01,2.869425415992736816e-01,4.659243226051330566e-01,5.042643547058105469e-01,-4.583035781979560852e-02,-4.359125614166259766e+00,-4.359125614166259766e+00,4.952482879161834717e-01,3.745726943016052246e-01,4.246419072151184082e-01,5.687800645828247070e-01,7.925152778625488281e-01,5.594795346260070801e-01,5.165114998817443848e-01,5.323973894119262695e-01,5.182629227638244629e-01,5.502405762672424316e-01,7.676367163658142090e-01,-4.074339389801025391e+00,-1.260787367820739746e+00,-5.316331386566162109e-01,3.592090606689453125e-01,-3.587411642074584961e-01,-2.985371053218841553e-01,6.867659687995910645e-01,7.894349098205566406e-01,-3.919281810522079468e-02,-2.101656347513198853e-01,3.167590498924255371e-01,-1.419894218444824219e+00,-3.681393563747406006e-01,6.744105219841003418e-01,8.517852425575256348e-01,-7.119125872850418091e-02,-2.197697609663009644e-01,-2.908228874206542969e+00,1.369684338569641113e-01,4.944755434989929199e-01,6.690985560417175293e-01,8.073311448097229004e-01,-1.326512396335601807e-01,1.050183996558189392e-01,1.263049840927124023e-01,2.585356831550598145e-01,-8.421923220157623291e-02,6.908207535743713379e-01,6.075595617294311523e-01,2.732793986797332764e-01,-5.837755799293518066e-01,1.099058017134666443e-01,4.665930271148681641e-01,5.101915597915649414e-01,8.988618105649948120e-02,8.403957486152648926e-01,2.425755113363265991e-01,-8.446661829948425293e-01,-6.813791990280151367e-01,1.323701739311218262e-01,4.956495165824890137e-01,7.041612267494201660e-01,7.811342477798461914e-01,-1.505895406007766724e-01,-5.632562041282653809e-01,4.182519018650054932e-01,-3.638680279254913330e-01,4.205403923988342285e-01,7.262417674064636230e-01,8.571435213088989258e-01,7.251144647598266602e-01,3.722700104117393494e-02,-2.951552867889404297e-01,-4.419220685958862305e-01,-2.745790958404541016e+00,6.486827731132507324e-01,7.942093610763549805e-01,-2.690921127796173096e-01,-1.134241819381713867e+00,-1.733817011117935181e-01,-7.154241800308227539e-01,3.789459168910980225e-01,-3.368232965469360352e+00,-6.055143475532531738e-01,4.919025599956512451e-01,4.441388547420501709e-01,2.504638731479644775e-01,-1.309108734130859375e-01,5.307478904724121094e-01,5.559805631637573242e-01,-1.229671597480773926e+00,-1.185465931892395020e+00,4.550846517086029053e-01,4.818717539310455322e-01,4.647460877895355225e-01,4.730000197887420654e-01,6.590384244918823242e-01,7.637793421745300293e-01,4.663106799125671387e-01,4.411179423332214355e-01,3.239239156246185303e-01
-2.999253384768962860e-02,-5.326005220413208008e-01,-7.895042002201080322e-02,1.675855875015258789e+00,-6.566834449768066406e-01,2.518072724342346191e-01,6.305688619613647461e-01,-5.653442069888114929e-02,-2.681708037853240967e-01,1.426723897457122803e-01,1.676302790641784668e+00,5.162561535835266113e-01,-1.353729486465454102e+00,2.698487639427185059e-01,-1.630490459501743317e-02,-3.230294957756996155e-02,1.353820323944091797e+00,1.748501896858215332e+00,-8.848249912261962891e-02,1.815110445022583008e-02,-6.890125274658203125e-01,-6.963946223258972168e-01,-2.899068295955657959e-01,2.874647676944732666e-01,1.146237969398498535e+00,-3.171317815780639648e+00,-3.171317815780639648e+00,3.610183000564575195e-01,-6.821042895317077637e-01,-1.190124750137329102e+00,1.087068438529968262e+00,1.530325770378112793e+00,8.849704265594482422e-01,1.321952939033508301e-01,1.513925641775131226e-01,6.259921789169311523e-01,1.513933539390563965e+00,8.206171393394470215e-01,-2.908381700515747070e+00,-1.392064690589904785e+00,-1.348801553249359131e-01,1.181138157844543457e+00,-4.819641709327697754e-01,8.570767641067504883e-01,1.672567248344421387e+00,9.361731410026550293e-01,1.961976289749145508e-01,-1.626508235931396484e-01,1.736223697662353516e-01,-1.159305453300476074e+00,-2.131802141666412354e-01,-8.122023940086364746e-02,1.230176568031311035e+00,3.931158781051635742e-01,2.103630304336547852e-01,-1.737249255180358887e+00,-1.934778541326522827e-01,4.956204593181610107e-01,9.927910566329956055e-01,6.612300276756286621e-01,-8.943883329629898071e-02,2.570885717868804932e-01,-9.188781678676605225e-02,-1.963273286819458008e-01,-8.810327649116516113e-01,1.475719332695007324e+00,1.468952775001525879e+00,1.951846927404403687e-01,-7.903413772583007812e-01,-3.088230490684509277e-01,2.846999764442443848e-01,-5.158491134643554688e-01,1.211703658103942871e+00,2.949760556221008301e-01,6.694895625114440918e-01,-2.081292271614074707e-01,-5.424331426620483398e-01,-5.301901698112487793e-01,-5.851011276245117188e-01,-2.257959693670272827e-01,9.110743403434753418e-01,2.513923645019531250e-01,-5.166961550712585449e-01,-8.623784780502319336e-01,-1.364750742912292480e+00,-4.723732545971870422e-02,1.533661246299743652e+00,1.732117414474487305e+00,9.398013353347778320e-01,-2.150518894195556641e-01,-1.040609240531921387e+00,-1.033538222312927246e+00,-2.305418968200683594e+00,1.604402422904968262e+00,1.229811549186706543e+00,-2.186535447835922241e-01,-7.991224527359008789e-01,2.292398363351821899e-01,-9.645805358886718750e-01,-2.591505274176597595e-02,-2.251682996749877930e+00,3.036618828773498535e-01,3.200346529483795166e-01,4.629436433315277100e-01,-1.283216714859008789e+00,-5.257290005683898926e-01,-1.309570431709289551e+00,-3.916455805301666260e-01,-1.470288634300231934e+00,-1.119262650609016418e-01,3.533422648906707764e-01,-8.068882822990417480e-01,1.714969724416732788e-01,1.208897233009338379e+00,5.869269967079162598e-01,4.028021395206451416e-01,6.310177445411682129e-01,4.090104699134826660e-01,-9.859676361083984375e-01
5.046600103378295898e-01,3.480567932128906250e-01,3.931944966316223145e-01,5.006266236305236816e-01,-6.333089470863342285e-01,-2.740821801126003265e-02,3.665553629398345947e-01,2.142863422632217407e-01,2.066773176193237305e-01,5.699524879455566406e-01,5.732847452163696289e-01,4.754296243190765381e-01,3.803585767745971680e-01,4.112336933612823486e-01,3.714573979377746582e-01,2.947744131088256836e-01,9.027022868394851685e-02,7.348120212554931641e-01,4.264521598815917969e-01,-7.244362831115722656e-01,-3.651361539959907532e-02,3.214575946331024170e-01,3.129171431064605713e-01,2.189678549766540527e-01,4.541743397712707520e-01,-4.110292911529541016e+00,-4.110292911529541016e+00,3.048430383205413818e-01,3.020834624767303467e-01,2.750807106494903564e-01,1.930595785379409790e-01,5.377261042594909668e-01,2.987572848796844482e-01,3.968447148799896240e-01,3.737469911575317383e-01,4.026696085929870605e-01,3.419180512428283691e-01,5.608441829681396484e-01,-3.853507041931152344e+00,-1.279939770698547363e+00,4.049502313137054443e-01,3.463814556598663330e-01,4.970049262046813965e-01,7.484795898199081421e-02,-5.951802134513854980e-01,4.848171174526214600e-01,2.981593012809753418e-01,3.695546090602874756e-01,3.255439698696136475e-01,-5.905781984329223633e-01,-2.420495003461837769e-01,6.113747358322143555e-01,4.181998968124389648e-01,1.434299722313880920e-02,-5.392528176307678223e-01,-2.730619907379150391e+00,1.266033649444580078e-01,3.174038231372833252e-01,1.332899630069732666e-01,6.458063125610351562e-01,3.421157300472259521e-01,5.117688775062561035e-01,2.846700325608253479e-02,4.575372859835624695e-02,3.771241009235382080e-01,5.074073672294616699e-01,5.557489991188049316e-01,4.437963366508483887e-01,-5.905313491821289062e-01,-1.112334132194519043e+00,4.559800922870635986e-01,4.153323918581008911e-02,5.891248583793640137e-01,6.119107604026794434e-01,-2.699934244155883789e+00,4.877560436725616455e-01,6.068093776702880859e-01,5.106194019317626953e-01,4.515329599380493164e-01,6.296421885490417480e-01,7.505562901496887207e-01,5.164862871170043945e-01,5.330343842506408691e-01,2.114819288253784180e-01,1.304920613765716553e-01,1.957152038812637329e-01,5.578441619873046875e-01,-5.099429488182067871e-01,4.621066153049468994e-01,4.430667161941528320e-01,1.888692528009414673e-01,2.402818500995635986e-01,-2.598555326461791992e+00,4.004623591899871826e-01,5.344549417495727539e-01,-3.460352122783660889e-01,-1.039424896240234375e+00,5.925406813621520996e-01,1.756020486354827881e-01,5.604692101478576660e-01,-3.187133073806762695e+00,-6.747597455978393555e-01,5.234125256538391113e-01,-2.009191751480102539e+00,4.533048868179321289e-01,5.064396858215332031e-01,-8.381926417350769043e-01,5.385665893554687500e-01,-2.584172487258911133e+00,-1.047684431076049805e+00,5.863387584686279297e-01,5.491251349449157715e-01,5.158703327178955078e-01,5.411990284919738770e-01,7.493130564689636230e-01,8.776560425758361816e-01,6.249749660491943359e-01,6.545028686523437500e-01,6.745597720146179199e-01
4.903223216533660889e-01,4.995136260986328125e-01,6.302279829978942871e-01,6.823751926422119141e-01,-3.345143496990203857e-01,3.107564747333526611e-01,4.155807793140411377e-01,4.101619422435760498e-01,3.910642266273498535e-01,6.366710066795349121e-01,6.892375349998474121e-01,4.019961953163146973e-01,5.458685159683227539e-01,4.833205342292785645e-01,4.816877841949462891e-01,5.780664682388305664e-01,-8.500555157661437988e-01,6.418667435646057129e-01,5.435319542884826660e-01,-3.952463269233703613e-01,-1.620921969413757324e+00,4.668385982513427734e-01,3.233776092529296875e-01,4.873957633972167969e-01,4.846949875354766846e-01,-3.282619476318359375e+00,-3.282619476318359375e+00,9.492948651313781738e-03,-1.655473828315734863e+00,-2.173179626464843750e+00,6.172037720680236816e-01,-4.507858753204345703e-01,-2.651696681976318359e+00,-1.273988336324691772e-01,5.426681041717529297e-01,5.042744278907775879e-01,3.072549104690551758e-01,-1.412162423133850098e+00,-3.282619476318359375e+00,-1.913650274276733398e+00,5.707681775093078613e-01,5.024634003639221191e-01,5.242834687232971191e-01,1.550996154546737671e-01,6.168209910392761230e-01,6.327633857727050781e-01,-2.249691724777221680e+00,-2.671496868133544922e+00,5.137512683868408203e-01,-3.009960651397705078e-01,-1.027083173394203186e-01,6.462789773941040039e-01,6.760722398757934570e-01,4.626869857311248779e-01,5.205488801002502441e-01,-2.125521659851074219e+00,3.595326244831085205e-01,5.359982848167419434e-01,6.414464116096496582e-01,6.895712018013000488e-01,5.301136374473571777e-01,3.882751464843750000e-01,3.476836979389190674e-01,5.228894352912902832e-01,5.270825624465942383e-01,6.378346681594848633e-01,6.986828446388244629e-01,5.642461180686950684e-01,5.109359025955200195e-01,5.483435392379760742e-01,5.327214598655700684e-01,-1.098325252532958984e+00,6.367456912994384766e-01,-3.887989819049835205e-01,5.325206518173217773e-01,5.544340014457702637e-01,5.434283614158630371e-01,-1.817635416984558105e+00,4.928620755672454834e-01,6.639361381530761719e-01,6.970045566558837891e-01,4.795148670673370361e-01,5.274659991264343262e-01,5.232844948768615723e-01,5.212643146514892578e-01,4.712308943271636963e-01,6.134644746780395508e-01,6.904094815254211426e-01,-1.812405735254287720e-01,5.088875293731689453e-01,5.145612955093383789e-01,4.849224090576171875e-01,-1.990379452705383301e+00,6.176144480705261230e-01,6.826938986778259277e-01,6.989458203315734863e-02,-4.817819893360137939e-01,5.467682480812072754e-01,1.308904886245727539e-01,2.950557172298431396e-01,-2.539199829101562500e+00,-4.116867482662200928e-01,5.469126701354980469e-01,5.445770621299743652e-01,5.581898689270019531e-01,-1.390480160713195801e+00,5.381662249565124512e-01,5.300695300102233887e-01,-8.354443907737731934e-01,-7.518047094345092773e-01,5.493843555450439453e-01,5.603966712951660156e-01,-7.215715646743774414e-01,5.646229386329650879e-01,-1.401705622673034668e+00,6.778882741928100586e-01,5.527985692024230957e-01,4.977523684501647949e-01,5.414546132087707520e-01
-5.244098901748657227e-01,-4.872340857982635498e-01,-3.748356550931930542e-02,5.490864515304565430e-01,6.000015735626220703e-01,5.599142313003540039e-01,-2.287979125976562500e-01,-7.215316295623779297e-01,-6.478701233863830566e-01,-2.211318463087081909e-01,1.113663792610168457e+00,1.250277400016784668e+00,-3.494555354118347168e-01,-4.787173867225646973e-01,-7.120819687843322754e-01,-4.372206926345825195e-01,2.812902927398681641e-01,2.411515474319458008e+00,-2.401197850704193115e-01,-7.772575616836547852e-01,-5.062715411186218262e-01,-5.094379186630249023e-01,-2.907941043376922607e-01,3.957443833351135254e-01,1.393648624420166016e+00,-2.256128072738647461e+00,-2.256128072738647461e+00,-4.133880436420440674e-01,-5.520213842391967773e-01,-1.033248186111450195e+00,2.563343942165374756e-01,1.395113229751586914e+00,7.631008625030517578e-01,3.054669499397277832e-01,-4.136434197425842285e-01,-4.083530604839324951e-01,-2.450400739908218384e-01,-8.615743368864059448e-02,-2.190472841262817383e+00,-1.115532755851745605e+00,-5.326268672943115234e-01,1.742181420326232910e+00,-5.238652229309082031e-01,-8.471627235412597656e-01,1.779407262802124023e-01,9.099251627922058105e-01,5.415121316909790039e-01,-8.001703023910522461e-01,-4.999596178531646729e-01,-8.926472663879394531e-01,-1.068474650382995605e+00,-2.190626114606857300e-01,5.469989776611328125e-01,3.127431273460388184e-01,8.665129542350769043e-01,-7.031509280204772949e-01,-4.756969511508941650e-01,-4.872314929962158203e-01,3.504896759986877441e-01,9.328300356864929199e-01,-1.987351477146148682e-01,2.678066015243530273e+00,6.216086149215698242e-01,-6.898853927850723267e-02,-3.909235596656799316e-01,-1.586248725652694702e-01,8.472227454185485840e-01,1.344794869422912598e+00,-2.850070297718048096e-01,-5.824239850044250488e-01,-4.811853468418121338e-01,-5.310111045837402344e-01,-2.182599455118179321e-01,8.855817317962646484e-01,3.186146020889282227e+00,5.253398418426513672e-01,-3.982909619808197021e-01,3.063691966235637665e-02,-9.031002521514892578e-01,6.575392931699752808e-02,1.075390815734863281e+00,-2.323442697525024414e-01,1.022208929061889648e-01,-5.168809294700622559e-01,-5.509216189384460449e-01,-6.064390540122985840e-01,6.793230175971984863e-01,1.776224613189697266e+00,4.082767009735107422e+00,8.410671353340148926e-01,-4.747066199779510498e-01,-3.923094868659973145e-01,-1.686549663543701172e+00,5.814175605773925781e-01,1.712180137634277344e+00,-1.481848955154418945e-01,-1.066174507141113281e+00,-5.724895596504211426e-01,-9.117618799209594727e-01,-5.539707541465759277e-01,-1.935683727264404297e+00,1.730711936950683594e+00,4.006203711032867432e-01,-3.418744206428527832e-01,-5.510644316673278809e-01,3.612622022628784180e-01,-4.889749586582183838e-01,6.098895668983459473e-01,-1.312036871910095215e+00,-1.076861023902893066e+00,6.104473397135734558e-02,6.367786526679992676e-01,-4.543426632881164551e-01,-5.383576750755310059e-01,-4.023173749446868896e-01,1.732544064521789551e+00,3.829881176352500916e-02,3.630301654338836670e-01,-4.054394662380218506e-01
1.252832859754562378e-01,4.068331718444824219e-01,6.142095923423767090e-01,5.837886333465576172e-01,-7.394107580184936523e-01,1.691085249185562134e-01,3.479343950748443604e-01,3.098042905330657959e-01,3.045200109481811523e-01,6.315906047821044922e-01,6.272476911544799805e-01,3.615357875823974609e-01,3.717684149742126465e-01,4.177948236465454102e-01,3.352237343788146973e-01,4.793517887592315674e-01,3.558528721332550049e-01,6.575579047203063965e-01,3.301222026348114014e-01,-6.290208101272583008e-01,3.368789851665496826e-01,4.144817888736724854e-01,4.431858658790588379e-01,4.457609951496124268e-01,4.816139042377471924e-01,-4.027503490447998047e+00,-4.027503490447998047e+00,4.235515892505645752e-01,3.445718884468078613e-01,4.789893031120300293e-01,5.859259366989135742e-01,6.164835095405578613e-01,4.149302840232849121e-01,4.128354191780090332e-01,4.336845278739929199e-01,3.601902723312377930e-01,4.381825327873229980e-01,6.031020879745483398e-01,-3.769039630889892578e+00,-1.465056538581848145e+00,3.911557197570800781e-01,3.702899813652038574e-01,4.221728444099426270e-01,-2.918774448335170746e-02,5.757191777229309082e-01,6.366792321205139160e-01,4.007762968540191650e-01,4.470345377922058105e-01,4.210968017578125000e-01,-5.198785662651062012e-01,-3.806567490100860596e-01,6.105089187622070312e-01,6.086668968200683594e-01,3.890442252159118652e-01,4.009546041488647461e-01,-2.676860094070434570e+00,3.062439262866973877e-01,2.007487565279006958e-01,-6.817758083343505859e-03,6.192631125450134277e-01,3.609396219253540039e-01,4.069199264049530029e-01,2.181593328714370728e-01,7.446724176406860352e-02,3.611057400703430176e-01,6.014889478683471680e-01,6.532573699951171875e-01,-2.313721776008605957e-01,3.968774080276489258e-01,3.823037147521972656e-01,3.967076241970062256e-01,4.335664212703704834e-01,5.980319380760192871e-01,6.277903318405151367e-01,3.002066016197204590e-01,-1.542827367782592773e+00,3.836861550807952881e-01,3.307143151760101318e-01,4.396424889564514160e-01,-1.880263447761535645e+00,4.483117759227752686e-01,2.021592557430267334e-01,4.056186974048614502e-01,-9.244570881128311157e-02,4.091070890426635742e-01,3.689758479595184326e-01,5.689860582351684570e-01,6.460092663764953613e-01,-3.550803959369659424e-01,3.546974360942840576e-01,2.370073348283767700e-01,-1.016856551170349121e+00,-2.505563497543334961e+00,-4.253284335136413574e-01,6.324414610862731934e-01,-2.968911230564117432e-01,-7.814788818359375000e-01,4.222097694873809814e-01,-1.719857752323150635e-01,2.553891241550445557e-01,-3.137054204940795898e+00,-6.659922003746032715e-01,4.261854290962219238e-01,-1.444032073020935059e+00,4.432091414928436279e-01,4.334486424922943115e-01,4.262075722217559814e-01,4.781103730201721191e-01,-1.178949594497680664e+00,-1.079373598098754883e+00,2.889699339866638184e-01,4.477931261062622070e-01,4.069734513759613037e-01,4.275826215744018555e-01,-3.789724349975585938e+00,6.365112662315368652e-01,3.826599419116973877e-01,4.140203595161437988e-01,2.734530568122863770e-01
1.251113712787628174e-01,6.639414429664611816e-01,8.652098178863525391e-01,9.476883411407470703e-01,-1.037672877311706543e+00,-7.611286044120788574e-01,1.001226007938385010e-01,8.760566823184490204e-03,-6.520493328571319580e-02,1.780957281589508057e-01,1.002305269241333008e+00,5.422300100326538086e-01,-1.355970263481140137e+00,5.329098924994468689e-02,2.944563888013362885e-02,1.918220072984695435e-01,5.574814677238464355e-01,9.507447481155395508e-01,6.794058680534362793e-01,-7.127540111541748047e-01,-3.569149374961853027e-01,-5.525727272033691406e-01,1.871522367000579834e-01,6.837078332901000977e-01,4.906868934631347656e-01,-4.026041507720947266e+00,-4.026041507720947266e+00,6.636523008346557617e-01,4.481411576271057129e-01,7.083023190498352051e-01,7.029091119766235352e-01,9.637136459350585938e-01,6.583417057991027832e-01,5.530838370323181152e-01,5.456342101097106934e-01,5.705112218856811523e-01,5.931492447853088379e-01,7.853006720542907715e-01,-3.763112783432006836e+00,-1.079449057579040527e+00,-5.110095739364624023e-01,6.360710859298706055e-01,-3.893459737300872803e-01,8.747844398021697998e-02,8.533908128738403320e-01,9.544901847839355469e-01,-3.021424114704132080e-01,-5.984292030334472656e-01,2.704890072345733643e-01,-1.529713869094848633e+00,-5.051837563514709473e-01,-2.287799417972564697e-01,9.995184540748596191e-01,1.357999742031097412e-01,-6.527482271194458008e-01,-2.600500345230102539e+00,-5.067346990108489990e-02,5.056318044662475586e-01,6.430120468139648438e-01,8.316310048103332520e-01,-6.146153211593627930e-01,-5.406895652413368225e-02,9.849746525287628174e-02,5.369314178824424744e-02,2.266694307327270508e-01,6.375514268875122070e-01,8.582753539085388184e-01,1.768849194049835205e-01,-1.117805838584899902e+00,2.027739211916923523e-02,6.490334868431091309e-01,7.086240053176879883e-01,5.512186884880065918e-01,9.724306464195251465e-01,5.687569975852966309e-01,-8.037082552909851074e-01,-8.472186923027038574e-01,-4.368827641010284424e-01,-1.705828011035919189e-01,7.090870141983032227e-01,9.114879965782165527e-01,-1.442267000675201416e-01,-8.097057342529296875e-01,2.341125458478927612e-01,-3.124279975891113281e-01,6.536680459976196289e-01,7.432788610458374023e-01,9.107923507690429688e-01,9.668896198272705078e-01,-1.589616239070892334e-01,-2.599979639053344727e-01,-9.127202630043029785e-01,-2.463431119918823242e+00,7.546956539154052734e-01,9.006406664848327637e-01,-4.833478629589080811e-01,-1.228123426437377930e+00,9.753996506333351135e-03,-1.152481079101562500e+00,4.736594855785369873e-01,-3.092993736267089844e+00,-4.110601246356964111e-01,6.907683610916137695e-01,5.809346437454223633e-01,4.306237697601318359e-01,2.330734580755233765e-01,7.878005504608154297e-01,6.248033642768859863e-01,-1.024740815162658691e+00,-9.166896343231201172e-01,6.602394580841064453e-01,3.928808271884918213e-01,7.344096899032592773e-01,6.625784635543823242e-01,7.044133543968200684e-01,1.022941231727600098e+00,5.900450348854064941e-01,3.529241085052490234e-01,-1.046903803944587708e-01
-9.593417495489120483e-02,-3.076825104653835297e-02,3.039324283599853516e-01,7.839348316192626953e-01,-9.934808015823364258e-01,-1.399579942226409912e-01,-3.002430312335491180e-02,-2.091956734657287598e-01,-2.597219944000244141e-01,5.144599676132202148e-01,8.893579244613647461e-01,6.791630387306213379e-01,4.452429339289665222e-02,1.411173641681671143e-01,-1.299047023057937622e-01,-1.508174091577529907e-01,-1.230695322155952454e-01,8.284720182418823242e-01,2.305871695280075073e-01,-1.064880490303039551e+00,-1.296159066259860992e-02,8.162492513656616211e-02,2.037246376276016235e-01,2.419757992029190063e-01,9.790835380554199219e-01,-3.987035512924194336e+00,-3.987035512924194336e+00,1.888315826654434204e-01,-1.387552320957183838e-01,-1.610037088394165039e+00,2.755561769008636475e-01,1.470237016677856445e+00,5.591397285461425781e-01,1.515256017446517944e-01,3.877453133463859558e-02,-2.943935245275497437e-02,9.627508372068405151e-02,2.054384201765060425e-01,-3.638846397399902344e+00,-1.427743315696716309e+00,-1.521263569593429565e-01,5.468481183052062988e-01,1.548903882503509521e-01,-9.838352799415588379e-01,4.446783661842346191e-01,7.866513133049011230e-01,1.810083836317062378e-01,-9.313850104808807373e-02,-2.762935124337673187e-02,-8.114245533943176270e-01,-9.353905916213989258e-01,-2.505734264850616455e-01,5.067652463912963867e-01,8.535773754119873047e-01,6.848746538162231445e-01,-2.293190956115722656e+00,-1.285875439643859863e-01,2.605364024639129639e-01,6.098484992980957031e-01,8.959935903549194336e-01,-2.891584336757659912e-01,5.801087617874145508e-01,1.215417683124542236e-01,-8.828640729188919067e-02,2.091464251279830933e-01,-2.664380669593811035e-01,8.916108608245849609e-01,6.822872757911682129e-01,3.275856375694274902e-01,-9.950430691242218018e-02,2.640889286994934082e-01,-1.473710685968399048e-01,3.294602036476135254e-01,1.184118270874023438e+00,1.390660881996154785e+00,7.516686916351318359e-01,1.743955761194229126e-01,1.250121593475341797e-01,-1.108864918351173401e-01,1.588682830333709717e-01,9.142168164253234863e-01,2.058098018169403076e-01,2.102230340242385864e-01,8.872412145137786865e-02,5.631717294454574585e-02,-7.866011001169681549e-03,8.416994214057922363e-01,1.412891268730163574e+00,3.113999366760253906e+00,6.228681802749633789e-01,1.625586897134780884e-01,1.697183102369308472e-01,-2.582395076751708984e+00,5.319837927818298340e-01,1.269516944885253906e+00,-4.878567159175872803e-01,-1.249292969703674316e+00,-2.463843226432800293e-01,-8.143780827522277832e-01,-1.899486482143402100e-01,-3.131931543350219727e+00,5.731356739997863770e-01,2.659869194030761719e-01,2.295756787061691284e-01,2.476440221071243286e-01,1.400043666362762451e-01,1.251852363348007202e-01,3.823674023151397705e-01,-1.582153677940368652e+00,-1.555420279502868652e+00,2.172179333865642548e-02,2.704459130764007568e-01,3.432126939296722412e-01,1.812718212604522705e-01,3.028675317764282227e-01,1.279819488525390625e+00,1.285412162542343140e-01,3.260073959827423096e-01,1.425019949674606323e-01
3.045206069946289062e-01,4.159316420555114746e-01,1.754140555858612061e-01,4.018180370330810547e-01,-3.995347917079925537e-01,2.279014289379119873e-01,3.170374035835266113e-01,2.878909707069396973e-01,1.804841756820678711e-01,1.529915928840637207e-01,5.298429131507873535e-01,5.427400469779968262e-01,4.637403786182403564e-01,4.799420833587646484e-01,3.979778289794921875e-01,1.554204523563385010e-01,7.936076074838638306e-02,4.274975061416625977e-01,5.352014303207397461e-01,-6.011706590652465820e-01,3.558715879917144775e-01,4.161099493503570557e-01,3.021456003189086914e-01,2.050127275288105011e-02,9.472247213125228882e-02,-3.912279367446899414e+00,-3.912279367446899414e+00,4.489096105098724365e-01,-1.011007785797119141e+00,4.532884433865547180e-02,3.869793415069580078e-01,2.254852354526519775e-01,5.421060919761657715e-01,2.344637364149093628e-01,3.686300814151763916e-01,3.346377909183502197e-01,8.579944819211959839e-02,2.155597656965255737e-01,-3.707838296890258789e+00,-1.026710271835327148e+00,2.686066031455993652e-01,4.558633863925933838e-01,4.737252891063690186e-01,-4.562501609325408936e-02,2.926575541496276855e-01,4.195333421230316162e-01,4.472628831863403320e-01,4.743117094039916992e-01,4.303067624568939209e-01,-5.002754330635070801e-01,-3.606688976287841797e-01,3.331638276576995850e-01,4.101150333881378174e-01,5.174251198768615723e-01,4.592337012290954590e-01,-2.643081903457641602e+00,4.685862362384796143e-01,3.336947858333587646e-01,2.466413676738739014e-01,3.835519850254058838e-01,5.526655316352844238e-01,5.363013744354248047e-01,2.985375821590423584e-01,4.820737838745117188e-01,2.254297733306884766e-01,1.941199302673339844e-01,5.355366468429565430e-01,5.588783621788024902e-01,3.777670860290527344e-01,4.762571752071380615e-01,3.170889019966125488e-01,3.824940621852874756e-01,-1.573490798473358154e-01,3.330291211605072021e-01,4.784364104270935059e-01,5.276240110397338867e-01,4.539258480072021484e-01,3.893646299839019775e-01,3.306992948055267334e-01,3.773074746131896973e-01,5.166723132133483887e-01,5.393396615982055664e-01,4.531809389591217041e-01,4.779767990112304688e-01,4.740343391895294189e-01,2.175012677907943726e-01,3.775055706501007080e-01,5.476611852645874023e-01,7.513336539268493652e-01,5.077532529830932617e-01,5.135064721107482910e-01,9.741760790348052979e-02,-2.592887878417968750e+00,-1.972213834524154663e-01,5.427123308181762695e-01,5.528998747467994690e-02,-6.524423956871032715e-01,5.202106237411499023e-01,-1.327230595052242279e-02,2.773671746253967285e-01,-3.101191282272338867e+00,-6.835382580757141113e-01,3.991910517215728760e-01,5.056374073028564453e-01,4.715072214603424072e-01,4.745296239852905273e-01,3.924552202224731445e-01,9.398998692631721497e-03,-1.284998655319213867e+00,-1.069154143333435059e+00,5.623018145561218262e-01,4.334963858127593994e-01,4.251003265380859375e-01,3.740029335021972656e-01,2.132735252380371094e-01,3.654364943504333496e-01,-4.101180136203765869e-01,-3.772490501403808594e+00,-3.835839271545410156e+00
4.446307122707366943e-01,4.377369582653045654e-01,5.613309144973754883e-01,7.347999215126037598e-01,-8.052324056625366211e-01,1.738391816616058350e-01,3.260268568992614746e-01,2.336831539869308472e-01,3.326231539249420166e-01,3.429095074534416199e-02,4.586249589920043945e-01,3.702116608619689941e-01,4.200820326805114746e-01,2.635630965232849121e-01,2.679122090339660645e-01,3.903886675834655762e-01,2.837649881839752197e-01,8.400528430938720703e-01,5.419301986694335938e-01,-6.474752426147460938e-01,-4.903545230627059937e-02,4.415080845355987549e-01,3.811124265193939209e-01,1.022133380174636841e-01,-1.044626384973526001e-01,-4.506680965423583984e+00,-4.506680965423583984e+00,4.623420238494873047e-01,4.030262529850006104e-01,4.607560634613037109e-01,6.794150471687316895e-01,9.699721634387969971e-02,4.573749601840972900e-01,3.680993616580963135e-01,9.825894981622695923e-02,4.516019821166992188e-01,1.969282776117324829e-01,-2.917423844337463379e-02,-4.209660053253173828e+00,-1.527820587158203125e+00,4.163743555545806885e-01,4.725886583328247070e-01,2.094540148973464966e-01,-5.718644261360168457e-01,-7.027823477983474731e-02,7.472223043441772461e-01,1.910006850957870483e-01,3.976339101791381836e-01,-5.135547518730163574e-01,-8.170391917228698730e-01,-1.106454133987426758e+00,7.360311150550842285e-01,4.648020863533020020e-01,4.049435257911682129e-01,1.354393456131219864e-02,-2.951547384262084961e+00,-2.818505465984344482e-02,3.143404126167297363e-01,4.158372282981872559e-01,1.349785774946212769e-01,4.725134670734405518e-01,3.687149584293365479e-01,1.048944704234600067e-02,2.326728254556655884e-01,4.114096462726593018e-01,5.960792303085327148e-01,8.342962861061096191e-01,4.804410338401794434e-01,1.811013370752334595e-01,4.527345001697540283e-01,1.750863492488861084e-01,4.240105748176574707e-01,2.329336255788803101e-01,8.478676080703735352e-01,4.284536838531494141e-01,-1.020965874195098877e-01,-6.595966219902038574e-02,1.398751586675643921e-01,4.373868703842163086e-01,2.026448696851730347e-01,7.740242481231689453e-01,2.268627136945724487e-01,1.022062897682189941e-01,2.359716743230819702e-01,4.259231686592102051e-01,1.860684007406234741e-01,6.066454052925109863e-01,7.594777941703796387e-01,8.539413213729858398e-01,2.882597744464874268e-01,1.444052010774612427e-01,-3.887268304824829102e-01,-2.809972047805786133e+00,-3.548527881503105164e-02,7.981687784194946289e-01,-2.139894962310791016e-01,-8.939487934112548828e-01,2.780225574970245361e-01,-2.521621286869049072e-01,3.989943265914916992e-01,-3.933351278305053711e+00,-9.972162842750549316e-01,5.044140815734863281e-01,3.076604604721069336e-01,4.230956435203552246e-01,3.551342487335205078e-01,1.617593914270401001e-01,-2.660130560398101807e-01,-1.253976464271545410e+00,-1.303339362144470215e+00,4.646939933300018311e-01,4.805467724800109863e-01,2.724704444408416748e-01,4.454225301742553711e-01,5.554310679435729980e-01,2.642682008445262909e-02,4.080097675323486328e-01,4.027842581272125244e-01,5.119727253913879395e-01
2.057614177465438843e-01,3.329289555549621582e-01,7.554116249084472656e-01,7.944672107696533203e-01,-8.740707635879516602e-01,-1.162030696868896484e-01,7.942114025354385376e-02,6.418797373771667480e-02,1.949218064546585083e-01,7.340985536575317383e-01,7.696351408958435059e-01,1.984520852565765381e-01,1.752497255802154541e-01,1.784624606370925903e-01,1.478997915983200073e-01,3.105454444885253906e-01,1.632592231035232544e-01,7.657887339591979980e-01,2.573200762271881104e-01,-9.913569092750549316e-01,1.938457489013671875e-01,1.960974782705307007e-01,2.846573889255523682e-01,5.865952968597412109e-01,4.539867043495178223e-01,-4.482558250427246094e+00,-4.482558250427246094e+00,1.297896504402160645e-01,1.324926614761352539e-01,2.946449518203735352e-01,6.147407293319702148e-01,7.916520237922668457e-01,2.369512021541595459e-01,1.463794708251953125e-01,2.476252764463424683e-01,2.308600991964340210e-01,3.836196660995483398e-01,8.225237727165222168e-01,-4.189674854278564453e+00,-1.437804222106933594e+00,1.390724629163742065e-01,3.000991418957710266e-02,1.485867649316787720e-01,-2.348472625017166138e-01,6.992868185043334961e-01,8.316102027893066406e-01,-4.649432301521301270e-01,1.016606166958808899e-01,1.509296745061874390e-01,-8.763084411621093750e-01,-5.245856642723083496e-01,7.383962273597717285e-01,8.077414035797119141e-01,1.587978601455688477e-01,9.759207814931869507e-02,-3.109000682830810547e+00,-8.696290105581283569e-02,2.853247225284576416e-01,7.169274687767028809e-01,8.338385224342346191e-01,1.071414500474929810e-01,-1.081660687923431396e-01,-2.340195178985595703e-01,1.641103476285934448e-01,2.479760199785232544e-01,7.118338346481323242e-01,8.163765668869018555e-01,1.691890060901641846e-01,1.498891711235046387e-01,1.795473992824554443e-01,1.273952871561050415e-01,2.810901701450347900e-01,7.513126730918884277e-01,8.588039278984069824e-01,1.230040714144706726e-01,8.253614604473114014e-02,1.090705022215843201e-01,4.066995158791542053e-02,3.395812511444091797e-01,6.882923841476440430e-01,7.958608269691467285e-01,1.613105386495590210e-01,1.273602098226547241e-01,1.126316413283348083e-01,2.038884907960891724e-01,2.884509563446044922e-01,7.506953477859497070e-01,8.827147483825683594e-01,7.190169095993041992e-01,1.631236076354980469e-01,1.031500771641731262e-01,8.554125577211380005e-02,-2.827490568161010742e+00,7.152032256126403809e-01,7.978389859199523926e-01,-4.072340428829193115e-01,-1.644667387008666992e+00,1.800851970911026001e-01,-3.006598353385925293e-01,2.826521098613739014e-01,-3.485134840011596680e+00,-6.602620482444763184e-01,2.196926623582839966e-01,1.649801731109619141e-01,1.958912461996078491e-01,1.778769642114639282e-01,2.863979935646057129e-01,5.761672258377075195e-01,-1.224276065826416016e+00,-1.454737663269042969e+00,1.405245065689086914e-01,1.788248866796493530e-01,1.938971877098083496e-01,2.883831560611724854e-01,6.803166866302490234e-01,7.389129996299743652e-01,1.415767222642898560e-01,1.502375602722167969e-01,1.524495333433151245e-01
4.516490399837493896e-01,3.638707101345062256e-01,6.094260215759277344e-01,7.386144399642944336e-01,-5.953580737113952637e-01,1.958027631044387817e-01,2.440636903047561646e-01,1.638014614582061768e-01,1.139400452375411987e-01,6.080490946769714355e-01,7.570509910583496094e-01,-8.249695301055908203e-01,4.119084477424621582e-01,2.419499158859252930e-01,3.030639886856079102e-01,2.656426727771759033e-01,2.597401142120361328e-01,8.591162562370300293e-01,4.733021259307861328e-01,-7.636975646018981934e-01,3.957730531692504883e-01,3.267428576946258545e-01,2.820732593536376953e-01,4.485667943954467773e-01,3.318967521190643311e-01,-4.238147258758544922e+00,-4.238147258758544922e+00,3.547924458980560303e-01,3.107990622520446777e-01,1.794568300247192383e-01,5.209403038024902344e-01,6.275720000267028809e-01,3.165150880813598633e-01,2.169278413057327271e-01,3.747258782386779785e-01,3.653233945369720459e-01,1.179511547088623047e-01,-4.034470319747924805e-01,-3.968864679336547852e+00,-1.285241007804870605e+00,3.024429082870483398e-01,4.191024303436279297e-01,3.358421921730041504e-01,-5.090417712926864624e-02,5.799427032470703125e-01,7.381870746612548828e-01,1.109310835599899292e-01,3.228142857551574707e-01,2.310442030429840088e-01,-6.851680278778076172e-01,-6.023625731468200684e-01,5.049670338630676270e-01,6.558721065521240234e-01,3.526976108551025391e-01,3.655781447887420654e-01,-2.866480588912963867e+00,6.668800860643386841e-02,1.495524495840072632e-01,5.328506827354431152e-01,6.381850838661193848e-01,2.954552769660949707e-01,3.276944756507873535e-01,7.578942924737930298e-02,3.038261234760284424e-01,2.512682080268859863e-01,5.164579749107360840e-01,6.896229982376098633e-01,2.229891419410705566e-01,2.691531479358673096e-01,3.058346509933471680e-01,2.319095134735107422e-01,2.760565876960754395e-01,4.493520855903625488e-01,6.957411170005798340e-01,2.183363139629364014e-01,3.654033839702606201e-01,2.394298166036605835e-01,2.590137720108032227e-01,2.351433187723159790e-01,5.199086666107177734e-01,6.993707418441772461e-01,3.010390698909759521e-01,2.663509249687194824e-01,-3.565515518188476562e+00,2.307157814502716064e-01,9.224905073642730713e-02,5.431770086288452148e-01,7.655755877494812012e-01,7.312162518501281738e-01,3.426298201084136963e-01,3.109485208988189697e-01,-9.349643588066101074e-01,-2.815118312835693359e+00,5.148747563362121582e-01,7.024445533752441406e-01,-1.128615617752075195e+00,-8.956667780876159668e-01,2.890192270278930664e-01,-1.589136570692062378e-01,2.932341098785400391e-01,-3.317642211914062500e+00,-6.011119484901428223e-01,4.086388349533081055e-01,3.527228832244873047e-01,3.421523272991180420e-01,3.003931641578674316e-01,2.300525903701782227e-01,3.617586195468902588e-01,-1.260829448699951172e+00,-1.213551759719848633e+00,2.836716175079345703e-01,2.972090244293212891e-01,2.686015367507934570e-01,1.697195917367935181e-01,4.898316562175750732e-01,6.870250105857849121e-01,3.007481098175048828e-01,3.035482168197631836e-01,2.496660202741622925e-01
3.819435834884643555e-01,4.395976066589355469e-01,6.797133088111877441e-01,7.084793448448181152e-01,-7.155325412750244141e-01,1.061499938368797302e-01,2.417820096015930176e-01,4.438875243067741394e-02,-2.189345210790634155e-01,5.182580947875976562e-01,7.115762233734130859e-01,-9.135076403617858887e-01,3.847152888774871826e-01,3.605635762214660645e-01,3.461619615554809570e-01,4.320075809955596924e-01,2.375153005123138428e-01,4.296218156814575195e-01,4.659554362297058105e-01,-5.792470574378967285e-01,4.323470592498779297e-01,-1.506172120571136475e-01,5.303490161895751953e-01,3.015283308923244476e-02,3.273477256298065186e-01,-4.174243450164794922e+00,-4.174243450164794922e+00,5.313094258308410645e-01,4.275643229484558105e-01,5.417943000793457031e-01,-8.239268064498901367e-01,7.653881907463073730e-01,6.121261119842529297e-01,5.171625614166259766e-01,5.650382041931152344e-01,6.157107353210449219e-01,6.071304678916931152e-01,-4.729625582695007324e-01,-3.901777029037475586e+00,-1.327829957008361816e+00,4.090295732021331787e-01,1.830220222473144531e-01,1.915984153747558594e-01,-5.002459883689880371e-01,-5.257719159126281738e-01,7.449082136154174805e-01,3.880974650382995605e-01,-4.192996025085449219e-01,3.869508206844329834e-01,-8.106122016906738281e-01,-2.605289518833160400e-01,7.226204276084899902e-01,5.477228760719299316e-01,2.025032639503479004e-01,2.431341856718063354e-01,-2.715834856033325195e+00,-1.162535771727561951e-01,5.374567508697509766e-01,7.042784690856933594e-01,6.182850003242492676e-01,3.207049369812011719e-01,1.688770800828933716e-01,2.002444863319396973e-01,3.770176172256469727e-01,5.195761919021606445e-01,1.493996977806091309e-01,5.522384643554687500e-01,4.546677470207214355e-01,4.272952973842620850e-01,4.778052270412445068e-01,5.172651410102844238e-01,5.331366062164306641e-01,6.287582516670227051e-01,7.585789561271667480e-01,-6.608728170394897461e-01,3.788989782333374023e-01,4.402479529380798340e-01,4.271598160266876221e-01,-7.450263500213623047e-01,6.795507669448852539e-01,7.640584707260131836e-01,3.573021888732910156e-01,9.834394603967666626e-02,-3.635150194168090820e+00,1.402871608734130859e-01,4.094457030296325684e-01,6.592159271240234375e-01,7.430655956268310547e-01,7.138272523880004883e-01,3.954343199729919434e-01,3.380087018013000488e-01,2.743560373783111572e-01,-2.548304080963134766e+00,6.957667469978332520e-01,7.433694601058959961e-01,-2.001516222953796387e-01,-7.752428650856018066e-01,-3.445702195167541504e-01,-8.241788148880004883e-01,1.453660279512405396e-01,-3.234130859375000000e+00,-6.088511943817138672e-01,2.005135267972946167e-01,3.649533987045288086e-01,3.839743435382843018e-01,4.376454055309295654e-01,5.177974104881286621e-01,5.592517256736755371e-01,-1.131507873535156250e+00,-1.016422390937805176e+00,2.903110980987548828e-01,1.847620755434036255e-01,3.861475884914398193e-01,2.829812169075012207e-01,7.122401595115661621e-01,7.563395500183105469e-01,1.939713954925537109e-01,-7.367937266826629639e-02,-3.216003999114036560e-02
2.015571743249893188e-01,2.962761223316192627e-01,5.895287990570068359e-01,6.836437582969665527e-01,-8.853850364685058594e-01,-8.024866878986358643e-02,1.500468049198389053e-02,4.064077138900756836e-02,1.209771037101745605e-01,5.649111270904541016e-01,6.916534304618835449e-01,2.012943178415298462e-01,1.583220064640045166e-01,2.212304472923278809e-01,1.905652433633804321e-01,3.392996788024902344e-01,3.197967112064361572e-01,6.872434616088867188e-01,1.628905683755874634e-01,-1.006529092788696289e+00,1.843343675136566162e-01,2.251733690500259399e-01,2.752815783023834229e-01,4.310389459133148193e-01,4.941429197788238525e-01,-4.585690975189208984e+00,-4.585690975189208984e+00,1.863916218280792236e-01,1.824183017015457153e-01,2.861201167106628418e-01,5.763096809387207031e-01,6.792815923690795898e-01,3.934976458549499512e-01,2.438147515058517456e-01,2.189689874649047852e-01,2.789859473705291748e-01,3.472450375556945801e-01,6.494610309600830078e-01,-4.294647693634033203e+00,-1.480443120002746582e+00,2.071815282106399536e-01,-1.944718807935714722e-01,2.549048662185668945e-01,-1.256137341260910034e-02,6.129776835441589355e-01,7.170857787132263184e-01,-4.886847436428070068e-01,2.035058140754699707e-01,2.052741497755050659e-01,-8.090750575065612793e-01,-4.898643493652343750e-01,5.734617114067077637e-01,6.965152621269226074e-01,2.291054129600524902e-01,2.180543988943099976e-01,-3.124839067459106445e+00,1.275933682918548584e-01,3.040446341037750244e-01,5.907840132713317871e-01,6.403716802597045898e-01,2.469234615564346313e-01,7.974185049533843994e-02,-3.310795873403549194e-02,2.580222785472869873e-01,2.712522149085998535e-01,5.768115520477294922e-01,6.815561056137084961e-01,2.327289730310440063e-01,1.950595080852508545e-01,2.182042896747589111e-01,2.384576052427291870e-01,2.955201268196105957e-01,5.913144946098327637e-01,7.225993275642395020e-01,2.575334906578063965e-01,1.891440600156784058e-01,1.922810077667236328e-01,1.427697837352752686e-01,2.793096303939819336e-01,5.877735018730163574e-01,6.710134148597717285e-01,2.475130558013916016e-01,1.889811307191848755e-01,2.197249829769134521e-01,2.706808447837829590e-01,3.026694953441619873e-01,5.838479399681091309e-01,6.965609192848205566e-01,6.142051219940185547e-01,2.793683111667633057e-01,2.171745747327804565e-01,1.707824766635894775e-01,-2.902869462966918945e+00,5.531823039054870605e-01,6.442081332206726074e-01,-3.081298172473907471e-01,-1.602784633636474609e+00,2.539207637310028076e-01,-2.144527733325958252e-01,2.775586843490600586e-01,-3.583859205245971680e+00,-7.393778562545776367e-01,3.238677978515625000e-01,2.224469929933547974e-01,2.414316236972808838e-01,3.040919899940490723e-01,3.090628683567047119e-01,4.375174939632415771e-01,-1.325592041015625000e+00,-1.350487828254699707e+00,2.535949051380157471e-01,2.641462683677673340e-01,2.885923087596893311e-01,3.076616823673248291e-01,5.630189180374145508e-01,6.316277980804443359e-01,3.175917267799377441e-01,2.275260686874389648e-01,2.400586605072021484e-01
5.149827003479003906e-01,4.900230169296264648e-01,8.713109493255615234e-01,1.067478299140930176e+00,-5.885597467422485352e-01,3.303363919258117676e-01,4.314060211181640625e-01,4.186462461948394775e-01,3.847608268260955811e-01,8.341816067695617676e-01,9.455480575561523438e-01,5.064134597778320312e-01,4.929363429546356201e-01,2.943091690540313721e-01,3.407022953033447266e-01,4.751956164836883545e-01,3.344500064849853516e-01,9.791986942291259766e-01,5.470930337905883789e-01,-1.749619841575622559e-01,4.806371033191680908e-01,3.103776574134826660e-01,5.810184478759765625e-01,4.913932979106903076e-01,3.903825581073760986e-01,-2.862105607986450195e+00,-2.862105607986450195e+00,5.167750716209411621e-01,4.591502547264099121e-01,6.785909533500671387e-01,6.853138655424118042e-02,1.038578510284423828e+00,7.796232700347900391e-01,6.395651698112487793e-01,6.342214345932006836e-01,7.077773213386535645e-01,7.868025898933410645e-01,-4.001782834529876709e-01,-2.645845174789428711e+00,-7.357480525970458984e-01,4.533432126045227051e-01,3.050142824649810791e-01,2.994153499603271484e-01,-1.752270162105560303e-01,3.304137289524078369e-01,9.741690754890441895e-01,5.225754380226135254e-01,2.292509004473686218e-02,4.701871871948242188e-01,-4.225760400295257568e-01,1.563389413058757782e-02,8.192105293273925781e-01,9.972912073135375977e-01,4.152656793594360352e-01,3.168580830097198486e-01,-1.744563817977905273e+00,4.812624678015708923e-02,6.594697237014770508e-01,8.651753067970275879e-01,9.159572720527648926e-01,-3.696275055408477783e-01,3.610233962535858154e-01,2.860874235630035400e-01,4.988592267036437988e-01,5.638812184333801270e-01,8.269964456558227539e-01,9.897526502609252930e-01,4.932300448417663574e-01,3.468819260597229004e-01,2.775456905364990234e-01,-2.579951524734497070e+00,-4.518004953861236572e-01,-2.554652214050292969e+00,-1.790860295295715332e+00,-4.774304330348968506e-01,-2.542079687118530273e+00,-2.862105607986450195e+00,-2.557980298995971680e+00,-1.093313097953796387e+00,-7.220793366432189941e-01,-1.081889510154724121e+00,-2.150066345930099487e-01,-1.959592103958129883e+00,-3.898363411426544189e-01,3.036440014839172363e-01,5.451055169105529785e-01,9.212558269500732422e-01,-2.862105607986450195e+00,-5.654827356338500977e-01,-6.830433607101440430e-01,4.441615045070648193e-01,2.274945843964815140e-03,-1.665354013442993164e+00,8.518736362457275391e-01,1.055534362792968750e+00,1.332530230283737183e-01,-3.566195666790008545e-01,1.291853487491607666e-01,-1.831570267677307129e-01,3.192904293537139893e-01,-2.160450696945190430e+00,-5.879167094826698303e-02,5.094819068908691406e-01,4.145844578742980957e-01,4.976695477962493896e-01,4.956231415271759033e-01,6.194604039192199707e-01,7.152538299560546875e-01,-5.489292740821838379e-01,-5.217119455337524414e-01,4.518276751041412354e-01,1.858207136392593384e-01,4.735068976879119873e-01,3.455261886119842529e-01,8.366355895996093750e-01,1.001190066337585449e+00,4.060171842575073242e-01,1.365982592105865479e-01,1.732603758573532104e-01
-2.399685859680175781e+00,-6.657206416130065918e-01,7.935390472412109375e-01,1.129064202308654785e+00,-2.921400368213653564e-01,3.789214491844177246e-01,5.139558911323547363e-01,1.740894764661788940e-01,-1.005469083786010742e+00,5.403877496719360352e-01,1.128110289573669434e+00,4.355791509151458740e-01,5.422094091773033142e-02,6.157740950584411621e-01,-1.870936304330825806e-01,-1.095095992088317871e+00,-1.182874441146850586e+00,1.141478300094604492e+00,7.138946652412414551e-01,-3.402624428272247314e-01,1.246104463934898376e-01,-5.964218378067016602e-01,-2.151950746774673462e-01,3.944885730743408203e-01,9.129528403282165527e-01,-3.466048002243041992e+00,-3.466048002243041992e+00,-9.482826590538024902e-01,6.437710952013731003e-03,4.417823255062103271e-01,6.455683112144470215e-01,1.136196255683898926e+00,7.251614332199096680e-01,2.118520289659500122e-01,2.905702590942382812e-01,4.526200890541076660e-01,-2.343548089265823364e-02,1.033964157104492188e+00,-3.210842609405517578e+00,-1.589883685111999512e+00,3.686622083187103271e-01,6.424561142921447754e-01,5.132760405540466309e-01,-6.226124763488769531e-01,5.560990571975708008e-01,9.629579186439514160e-01,3.011686801910400391e-01,-7.412085682153701782e-02,-3.803098574280738831e-02,-9.790519475936889648e-01,-1.527678370475769043e+00,-4.826119840145111084e-01,4.373192787170410156e-01,6.568222641944885254e-01,5.069206357002258301e-01,-2.326777696609497070e+00,8.913723379373550415e-02,3.409087657928466797e-01,9.156853556632995605e-01,1.128584384918212891e+00,1.843471974134445190e-01,1.843028664588928223e-01,4.548477530479431152e-01,3.899734914302825928e-01,-5.517758727073669434e-01,9.519293904304504395e-01,1.168998599052429199e+00,4.182067513465881348e-01,5.879956483840942383e-01,-2.353015840053558350e-01,2.980954051017761230e-01,-7.960253357887268066e-01,7.704259753227233887e-01,1.112948298454284668e+00,2.640000283718109131e-01,3.688876628875732422e-01,2.477607578039169312e-01,3.523150086402893066e-01,2.986195683479309082e-01,8.592669963836669922e-01,1.165150284767150879e+00,6.642591953277587891e-01,-2.158248424530029297e-01,5.123105645179748535e-01,-2.779183685779571533e-01,-1.146250844001770020e+00,2.374914884567260742e-01,1.149818539619445801e+00,1.081361889839172363e+00,3.593256175518035889e-01,-3.807916492223739624e-02,5.340454578399658203e-01,-2.548130512237548828e+00,9.939989447593688965e-01,1.156131625175476074e+00,-7.877469062805175781e-02,-2.399157047271728516e+00,4.438057541847229004e-01,-1.325391292572021484e+00,-4.835273325443267822e-01,-2.607576370239257812e+00,-1.843175143003463745e-01,-2.833873629570007324e-01,4.833084344863891602e-01,5.821065306663513184e-01,-8.158462643623352051e-01,-9.987097978591918945e-01,7.242803573608398438e-01,-8.166398406028747559e-01,-1.394804239273071289e+00,2.522199451923370361e-01,6.800702810287475586e-01,-1.284053735435009003e-02,-6.993722170591354370e-02,1.764597594738006592e-01,8.301569223403930664e-01,6.899887919425964355e-01,4.675740301609039307e-01,5.035964250564575195e-01
3.794755935668945312e-01,2.549392282962799072e-01,3.883841037750244141e-01,5.667136907577514648e-01,-7.431604862213134766e-01,5.961195006966590881e-02,2.084756791591644287e-01,1.964833289384841919e-01,1.326159685850143433e-01,4.534358084201812744e-01,5.754188895225524902e-01,-1.865834370255470276e-02,3.576886951923370361e-01,2.992784380912780762e-01,2.453184723854064941e-01,3.030948638916015625e-01,-1.670931279659271240e-01,6.219816207885742188e-01,3.525277674198150635e-01,-8.847007751464843750e-01,3.370301127433776855e-01,1.669473648071289062e-01,2.828332781791687012e-01,2.576833367347717285e-01,2.377590090036392212e-01,-4.603508472442626953e+00,-4.603508472442626953e+00,3.622061908245086670e-01,2.249593883752822876e-01,1.634171605110168457e-01,3.783161640167236328e-01,5.970668792724609375e-01,3.834165036678314209e-01,3.288621008396148682e-01,3.444306850433349609e-01,3.250083029270172119e-01,2.167146354913711548e-01,4.752455353736877441e-01,-4.333772659301757812e+00,-1.451726913452148438e+00,3.555440008640289307e-01,4.039236605167388916e-01,2.836351394653320312e-01,-1.242846623063087463e-01,4.813352525234222412e-01,5.896642208099365234e-01,3.581620156764984131e-01,3.225628733634948730e-01,3.218763470649719238e-01,-7.695375084877014160e-01,-5.879204273223876953e-01,3.309030532836914062e-01,5.436532497406005859e-01,2.974241375923156738e-01,4.029031693935394287e-01,-3.107277631759643555e+00,1.863573044538497925e-01,2.676247656345367432e-01,4.190919697284698486e-01,5.490190386772155762e-01,3.807346224784851074e-01,3.335081934928894043e-01,1.314731091260910034e-01,3.729544579982757568e-01,3.140609264373779297e-01,4.435814917087554932e-01,6.000723242759704590e-01,3.889399766921997070e-01,3.039411306381225586e-01,3.100681602954864502e-01,1.660637855529785156e-01,2.590149343013763428e-01,3.288641571998596191e-01,5.779410600662231445e-01,3.326246142387390137e-01,3.439266681671142578e-01,2.798726260662078857e-01,1.122208014130592346e-01,8.332575857639312744e-02,4.651278257369995117e-01,5.823756456375122070e-01,3.527455627918243408e-01,2.619291245937347412e-01,2.425979971885681152e-01,3.021739423274993896e-01,8.894878625869750977e-02,4.483686387538909912e-01,6.090658307075500488e-01,5.856610536575317383e-01,3.653589189052581787e-01,3.371027112007141113e-01,2.322537750005722046e-01,-3.319318532943725586e+00,4.643126726150512695e-01,5.929579734802246094e-01,-2.921687960624694824e-01,-1.005404591560363770e+00,2.660878002643585205e-01,-2.788270115852355957e-01,1.918870061635971069e-01,-3.655835390090942383e+00,-9.144939780235290527e-01,3.371587097644805908e-01,2.364128828048706055e-01,2.200847119092941284e-01,2.277590930461883545e-01,2.364709526300430298e-01,2.864655554294586182e-01,-1.494885921478271484e+00,-1.387392878532409668e+00,3.075854182243347168e-01,3.541584908962249756e-01,3.687854111194610596e-01,2.115130722522735596e-01,4.178080558776855469e-01,5.827800631523132324e-01,3.301604986190795898e-01,2.947775125503540039e-01,2.883911728858947754e-01
-3.352827310562133789e+00,6.619465351104736328e-02,5.967985391616821289e-01,1.261485576629638672e+00,-4.973147511482238770e-01,-9.388145804405212402e-01,-5.314235016703605652e-02,4.893654882907867432e-01,4.515926837921142578e-01,7.176586389541625977e-01,1.330005049705505371e+00,1.063125014305114746e+00,6.575099825859069824e-01,9.664124250411987305e-01,6.131923794746398926e-01,1.402971521019935608e-02,-7.101240754127502441e-01,1.381489992141723633e+00,3.859886527061462402e-01,3.930664062500000000e-02,8.997381478548049927e-02,-2.334643006324768066e-01,6.386362910270690918e-01,-6.608054637908935547e-01,1.198643565177917480e+00,-3.352827310562133789e+00,-3.352827310562133789e+00,6.180468201637268066e-01,-6.438181996345520020e-01,-2.256071716547012329e-01,-5.270150899887084961e-01,1.172936081886291504e+00,9.228450059890747070e-01,7.914080023765563965e-01,9.510589241981506348e-01,7.665749192237854004e-01,6.610305905342102051e-01,5.709662288427352905e-02,-3.100858926773071289e+00,-7.189180254936218262e-01,-5.849482417106628418e-01,8.451405763626098633e-01,3.575318455696105957e-01,-2.852628231048583984e-01,7.495593428611755371e-01,1.264392256736755371e+00,9.934949874877929688e-01,3.781453892588615417e-02,6.142749786376953125e-01,-8.212798237800598145e-01,-4.382710456848144531e-01,-6.850209236145019531e-01,8.292337059974670410e-01,2.296153828501701355e-02,6.409325599670410156e-01,-2.041109085083007812e+00,-9.368100017309188843e-02,6.947765946388244629e-01,4.162193536758422852e-01,8.782633543014526367e-01,8.946480751037597656e-01,6.372759938240051270e-01,2.509543895721435547e-01,4.604697227478027344e-01,-6.630095839500427246e-01,-3.371180966496467590e-02,1.168029069900512695e+00,7.235627770423889160e-01,4.017886519432067871e-01,4.035961925983428955e-01,4.179014563560485840e-01,-9.195015430450439453e-01,-8.675443530082702637e-01,1.429263502359390259e-01,7.331783771514892578e-01,3.930324912071228027e-01,3.024280369281768799e-01,5.927793383598327637e-01,2.276908457279205322e-01,-2.530505694448947906e-02,9.442368149757385254e-01,1.614963077008724213e-02,2.224741578102111816e-01,4.466102123260498047e-01,7.638248801231384277e-02,-9.844683408737182617e-01,-4.796796441078186035e-01,1.028665065765380859e+00,1.063378095626831055e+00,3.143119513988494873e-01,3.036935031414031982e-01,4.270312190055847168e-01,-2.524148941040039062e+00,2.254262566566467285e-01,1.094094634056091309e+00,-3.174468576908111572e-01,-1.227095842361450195e+00,-2.134550511837005615e-01,-1.260785937309265137e+00,-2.905059456825256348e-01,-2.511205434799194336e+00,-1.207994371652603149e-01,2.193879634141921997e-01,-1.561829745769500732e-01,-1.471431493759155273e+00,-8.931366801261901855e-01,-4.891082048416137695e-01,-1.100378111004829407e-01,-2.067253112792968750e+00,-1.060958266258239746e+00,-5.092762038111686707e-02,8.315152525901794434e-01,4.943007230758666992e-01,2.528204321861267090e-01,-1.574963927268981934e+00,9.833316802978515625e-01,4.985575675964355469e-01,3.415645062923431396e-01,-1.505942195653915405e-01
4.894132912158966064e-01,2.937119007110595703e-01,2.775548100471496582e-01,1.006442070007324219e+00,-2.711727917194366455e-01,1.328723579645156860e-01,3.432898223400115967e-01,-2.042083740234375000e-01,-1.223980426788330078e+00,-3.215201139450073242e+00,-3.215201139450073242e+00,-3.215201139450073242e+00,-2.711210727691650391e+00,6.590374112129211426e-01,4.058763682842254639e-01,2.761178910732269287e-01,4.508790671825408936e-01,9.725724458694458008e-01,-5.616003870964050293e-01,-1.302239537239074707e+00,-5.338078141212463379e-01,3.571994602680206299e-01,4.538932144641876221e-01,4.299729764461517334e-01,-3.084573745727539062e-01,-3.215201139450073242e+00,-3.215201139450073242e+00,5.278446674346923828e-01,4.635330438613891602e-01,4.507664740085601807e-01,4.747534990310668945e-01,7.324094772338867188e-01,5.233579874038696289e-01,4.826340973377227783e-01,4.541589021682739258e-01,3.343757390975952148e-01,2.398855686187744141e-01,3.360513150691986084e-01,-3.009268045425415039e+00,-7.609816789627075195e-01,5.312160849571228027e-01,6.037231683731079102e-01,5.473262667655944824e-01,1.888005584478378296e-01,4.950141310691833496e-01,6.156435012817382812e-01,3.445195853710174561e-01,5.615657567977905273e-01,3.410329818725585938e-01,-1.852813124656677246e+00,-5.448001027107238770e-01,6.742451190948486328e-01,9.741354584693908691e-01,3.123119771480560303e-01,4.143300056457519531e-01,-2.310009717941284180e+00,2.004966139793395996e-02,1.778427809476852417e-01,6.915587782859802246e-01,4.037381112575531006e-01,5.731614828109741211e-01,5.378789305686950684e-01,-1.622104495763778687e-01,3.574171066284179688e-01,1.719313301146030426e-02,7.285705208778381348e-01,9.795955419540405273e-01,3.984262049198150635e-01,-1.186510324478149414e-01,5.117885470390319824e-01,4.905428290367126465e-01,1.067938632331788540e-03,1.174961999058723450e-01,7.150590419769287109e-01,4.172476828098297119e-01,5.537714362144470215e-01,-4.775936603546142578e-01,6.802343726158142090e-01,5.114789605140686035e-01,3.921817839145660400e-01,9.144943356513977051e-01,4.709697067737579346e-01,4.335586428642272949e-01,1.972140222787857056e-01,1.092816144227981567e-01,-3.617274388670921326e-02,6.290705204010009766e-01,9.790551662445068359e-01,1.056354403495788574e+00,1.486272923648357391e-02,4.886646270751953125e-01,1.201853528618812561e-01,-2.260022401809692383e+00,4.758399128913879395e-01,8.887398242950439453e-01,2.030400335788726807e-01,-5.360714197158813477e-01,5.251480340957641602e-01,8.442172408103942871e-02,2.407749444246292114e-01,-2.529047250747680664e+00,-1.641318053007125854e-01,4.946782588958740234e-01,2.660303711891174316e-01,4.324411153793334961e-01,6.487184762954711914e-02,2.952813729643821716e-02,1.041359677910804749e-01,-9.558743834495544434e-01,-1.082277178764343262e+00,-9.583996608853340149e-03,3.387588560581207275e-01,2.946763336658477783e-01,2.810410261154174805e-01,5.899865627288818359e-01,5.732458829879760742e-01,5.498217940330505371e-01,4.131831824779510498e-01,2.893471717834472656e-01
3.830785751342773438e-01,3.874063193798065186e-01,4.913847148418426514e-01,5.385966897010803223e-01,-7.978985309600830078e-01,7.463244348764419556e-02,2.762690186500549316e-01,2.283313274383544922e-01,1.482511758804321289e-01,4.888462722301483154e-01,5.726235508918762207e-01,2.340422719717025757e-01,3.380120098590850830e-01,3.566279709339141846e-01,2.937162816524505615e-01,3.817049264907836914e-01,1.466755568981170654e-01,5.587913393974304199e-01,3.905093371868133545e-01,-8.913214802742004395e-01,2.440418601036071777e-01,3.089643120765686035e-01,3.757928907871246338e-01,3.525086939334869385e-01,3.225837349891662598e-01,-4.578681468963623047e+00,-4.578681468963623047e+00,3.266812860965728760e-01,2.731785774230957031e-01,2.622126936912536621e-01,5.182522535324096680e-01,4.852655529975891113e-01,3.274130821228027344e-01,3.140889704227447510e-01,2.130963206291198730e-01,3.274890780448913574e-01,2.969582974910736084e-01,4.954084455966949463e-01,-4.298069477081298828e+00,-1.456358313560485840e+00,3.645299375057220459e-01,3.597527146339416504e-01,3.256846070289611816e-01,-1.302317827939987183e-01,4.734418988227844238e-01,5.515538454055786133e-01,3.171494305133819580e-01,3.267725110054016113e-01,3.091032803058624268e-01,-7.458333373069763184e-01,-5.282308459281921387e-01,4.785622358322143555e-01,5.509936213493347168e-01,-1.510404944419860840e-01,3.568516373634338379e-01,-3.093809843063354492e+00,2.863202989101409912e-01,3.207662403583526611e-01,4.713108241558074951e-01,5.268751382827758789e-01,3.469432294368743896e-01,3.488736748695373535e-01,1.947496235370635986e-01,3.202689588069915771e-01,3.403463363647460938e-01,4.814329147338867188e-01,5.509957671165466309e-01,3.244837820529937744e-01,3.006150424480438232e-01,3.111184239387512207e-01,3.817301094532012939e-01,-1.753364682197570801e+00,4.864207506179809570e-01,-8.214393854141235352e-01,2.655002772808074951e-01,3.174460530281066895e-01,3.541503250598907471e-01,2.600195109844207764e-01,3.316040039062500000e-01,4.983790218830108643e-01,5.208862423896789551e-01,3.302116692066192627e-01,2.853995859622955322e-01,3.598200082778930664e-01,3.494946956634521484e-01,2.899857163429260254e-01,4.604521989822387695e-01,5.317869782447814941e-01,5.206612944602966309e-01,3.178217113018035889e-01,2.942613363265991211e-01,2.102252095937728882e-01,-2.911643505096435547e+00,4.641654193401336670e-01,5.619226098060607910e-01,-2.543005943298339844e-01,-9.396491646766662598e-01,3.367221653461456299e-01,-1.315359771251678467e-01,2.876665890216827393e-01,-3.605005264282226562e+00,-8.364681005477905273e-01,3.470322787761688232e-01,2.895926833152770996e-01,3.658770918846130371e-01,1.171253994107246399e-01,3.113008141517639160e-01,3.503246307373046875e-01,-1.446365237236022949e+00,-1.340343475341796875e+00,3.817431330680847168e-01,3.729421794414520264e-01,3.375212550163269043e-01,2.870650887489318848e-01,4.623022973537445068e-01,5.222955346107482910e-01,2.407547086477279663e-01,2.707183063030242920e-01,3.440117537975311279e-01
3.655871450901031494e-01,3.926731050014495850e-01,4.692385196685791016e-01,4.765822887420654297e-01,-9.408118724822998047e-01,1.165376529097557068e-01,2.539739310741424561e-01,2.721335887908935547e-01,2.388864308595657349e-01,4.112126529216766357e-01,4.608771204948425293e-01,2.499290555715560913e-01,9.838075190782546997e-02,3.512302637100219727e-01,3.243068754673004150e-01,4.322062730789184570e-01,2.350958436727523804e-01,4.757300019264221191e-01,3.505661487579345703e-01,-8.359913229942321777e-01,1.992784589529037476e-01,3.448686897754669189e-01,3.987575471401214600e-01,2.886083722114562988e-01,4.129565656185150146e-01,-4.534227371215820312e+00,-4.534227371215820312e+00,3.974777460098266602e-01,3.111672103404998779e-01,3.689096570014953613e-01,4.367928504943847656e-01,4.892523288726806641e-01,3.675200343132019043e-01,4.032350778579711914e-01,3.856304585933685303e-01,3.568379878997802734e-01,3.742693662643432617e-01,4.733011126518249512e-01,-4.258236408233642578e+00,-1.429591298103332520e+00,1.747276782989501953e-01,3.690336644649505615e-01,4.078409075736999512e-01,1.302241235971450806e-01,4.887248277664184570e-01,4.812176525592803955e-01,3.604518175125122070e-01,7.363979239016771317e-03,4.025796055793762207e-01,-6.841182112693786621e-01,-4.267396330833435059e-01,4.528444409370422363e-01,4.823455214500427246e-01,3.011288046836853027e-01,4.111142158508300781e-01,-3.070174455642700195e+00,-3.612931966781616211e-01,3.809793591499328613e-01,4.478957056999206543e-01,4.492384791374206543e-01,3.580819666385650635e-01,3.640931844711303711e-01,1.257403045892715454e-01,3.820107579231262207e-01,4.027449488639831543e-01,4.614498913288116455e-01,4.647921025753021240e-01,3.963636755943298340e-01,2.226383984088897705e-01,3.988063633441925049e-01,4.058017432689666748e-01,-1.932162642478942871e+00,4.577671885490417480e-01,-8.964047431945800781e-01,3.145763278007507324e-01,3.813867866992950439e-01,3.343342542648315430e-01,2.865455746650695801e-01,3.634830117225646973e-01,4.659297764301300049e-01,4.691027104854583740e-01,3.612403273582458496e-01,3.326159119606018066e-01,3.481301665306091309e-01,3.421366512775421143e-01,3.527222573757171631e-01,4.441228508949279785e-01,4.874001443386077881e-01,4.632831811904907227e-01,3.686892092227935791e-01,4.119231998920440674e-01,3.404305279254913330e-01,-2.862952470779418945e+00,4.644791185855865479e-01,4.838374853134155273e-01,-2.240604460239410400e-01,-1.059854269027709961e+00,9.994359314441680908e-02,-7.713042497634887695e-01,3.870948851108551025e-01,-3.568854331970214844e+00,-9.108679294586181641e-01,3.647250235080718994e-01,3.885711431503295898e-01,3.637794554233551025e-01,1.767424494028091431e-01,3.883487284183502197e-01,3.358175754547119141e-01,-1.436559081077575684e+00,-1.299991607666015625e+00,3.894785344600677490e-01,4.234082996845245361e-01,4.070791900157928467e-01,4.210758507251739502e-01,4.538955092430114746e-01,4.720650017261505127e-01,3.453320264816284180e-01,3.801152706146240234e-01,2.525685727596282959e-01
3.024326860904693604e-01,2.587961852550506592e-01,5.218304395675659180e-01,5.430338978767395020e-01,-1.270209193229675293e+00,1.923395842313766479e-01,2.062359899282455444e-01,2.969900071620941162e-01,2.913163602352142334e-01,5.456112623214721680e-01,5.830390453338623047e-01,4.909770488739013672e-01,8.132437616586685181e-02,1.336490213871002197e-01,2.214593738317489624e-01,4.380920231342315674e-01,1.038668751716613770e-01,5.458652377128601074e-01,3.997490406036376953e-01,-6.909642815589904785e-01,-3.458226621150970459e-01,-4.312526285648345947e-01,5.325874090194702148e-01,4.293739497661590576e-01,2.774222493171691895e-01,-4.247060775756835938e+00,-4.247060775756835938e+00,-1.646251417696475983e-02,3.015543818473815918e-01,-4.676408469676971436e-01,5.178737044334411621e-01,5.239902734756469727e-01,5.061906576156616211e-01,2.344077825546264648e-01,4.860066473484039307e-01,4.943117797374725342e-01,5.415162444114685059e-01,5.445371270179748535e-01,-3.986356258392333984e+00,-1.289529323577880859e+00,2.250688225030899048e-01,3.058307766914367676e-01,1.951945424079895020e-01,-6.140663623809814453e-01,5.486176609992980957e-01,5.700284242630004883e-01,2.374919652938842773e-01,-2.839142680168151855e-01,8.702268823981285095e-03,-1.260999917984008789e+00,-6.189791560173034668e-01,-7.717573046684265137e-01,5.696828961372375488e-01,-8.373293280601501465e-02,2.246915847063064575e-01,-2.806788444519042969e+00,-5.928369760513305664e-01,3.957121446728706360e-02,4.838940799236297607e-01,5.001115798950195312e-01,4.426206946372985840e-01,1.865179240703582764e-01,-1.721059978008270264e-01,3.629184663295745850e-01,1.482636332511901855e-01,4.931685328483581543e-01,5.436097979545593262e-01,4.311248064041137695e-01,-4.553335905075073242e-02,6.741529703140258789e-02,2.253884822130203247e-01,-2.406665384769439697e-01,4.574829638004302979e-01,4.932318925857543945e-01,3.906041681766510010e-01,7.830066233873367310e-02,1.843494921922683716e-01,1.618876159191131592e-01,4.575952589511871338e-01,5.306193828582763672e-01,5.627052783966064453e-01,3.485400080680847168e-01,5.570344626903533936e-02,-8.151266723871231079e-02,1.278607696294784546e-01,4.264078140258789062e-01,5.226079821586608887e-01,5.438978075981140137e-01,5.804703235626220703e-01,1.774864271283149719e-02,-4.192217811942100525e-02,-2.286223620176315308e-01,-2.623675107955932617e+00,2.327432930469512939e-01,5.297353267669677734e-01,-4.343137741088867188e-01,-1.299301385879516602e+00,9.470070898532867432e-02,-1.140648603439331055e+00,3.569920063018798828e-01,-3.339526414871215820e+00,-7.683707475662231445e-01,5.079501867294311523e-01,2.651949524879455566e-01,3.110286891460418701e-01,5.120773911476135254e-01,3.364710509777069092e-01,3.133612573146820068e-01,-1.322585701942443848e+00,-1.125456929206848145e+00,4.792047441005706787e-01,4.747613072395324707e-01,4.764862656593322754e-01,4.914810061454772949e-01,5.013095140457153320e-01,5.420950651168823242e-01,2.437698364257812500e+00,1.997725129127502441e+00,1.732352495193481445e+00
3.426675200462341309e-01,3.418680131435394287e-01,4.605413079261779785e-01,6.276616454124450684e-01,-7.666687965393066406e-01,-2.473387271165847778e-01,1.764254868030548096e-01,2.370429635047912598e-01,4.512770771980285645e-01,4.036180973052978516e-01,1.522294580936431885e-01,2.068769484758377075e-01,2.995192408561706543e-01,2.922090888023376465e-01,2.825742065906524658e-01,3.629686534404754639e-01,2.119377069175243378e-02,3.402140140533447266e-01,2.910678088665008545e-01,-9.415803551673889160e-01,3.462825119495391846e-01,2.854487895965576172e-01,1.819803565740585327e-01,1.447374373674392700e-01,1.199980005621910095e-01,-4.672558307647705078e+00,-4.672558307647705078e+00,3.119929432868957520e-01,2.002723962068557739e-01,-7.271767258644104004e-01,2.860718965530395508e-01,2.965278327465057373e-01,3.355590105056762695e-01,3.428095579147338867e-01,3.136790096759796143e-01,3.142989277839660645e-01,2.639513611793518066e-01,4.579274356365203857e-01,-4.380975723266601562e+00,-1.487675070762634277e+00,3.873965144157409668e-01,3.371511399745941162e-01,3.278548419475555420e-01,-1.333887130022048950e-01,2.881020605564117432e-01,3.228378593921661377e-01,3.338055610656738281e-01,4.109786152839660645e-01,2.745969891548156738e-01,-7.690787911415100098e-01,-2.941061258316040039e-01,2.877327501773834229e-01,3.021079003810882568e-01,3.303065299987792969e-01,3.931145071983337402e-01,-3.091953516006469727e+00,1.780304610729217529e-01,3.187212049961090088e-01,1.966487169265747070e-01,3.051364123821258545e-01,3.504037559032440186e-01,2.659856379032135010e-01,9.788939356803894043e-02,3.334078788757324219e-01,2.842025458812713623e-01,3.207966983318328857e-01,3.510772585868835449e-01,4.360703825950622559e-01,3.425484001636505127e-01,5.109035372734069824e-01,2.711355090141296387e-01,3.514186143875122070e-01,3.149664700031280518e-01,3.438633680343627930e-01,3.815479576587677002e-01,3.588157892227172852e-01,5.758607983589172363e-01,4.143484532833099365e-01,2.976842522621154785e-01,4.284189045429229736e-01,5.497931241989135742e-01,5.482770204544067383e-01,5.165321826934814453e-01,3.352932631969451904e-01,3.578536212444305420e-01,2.581234276294708252e-01,3.365234434604644775e-01,3.574366867542266846e-01,6.084344983100891113e-01,5.433535575866699219e-01,3.640297651290893555e-01,3.995027840137481689e-01,-2.947308778762817383e+00,3.630217909812927246e-01,2.852815389633178711e-01,-3.041721582412719727e-01,-9.042247533798217773e-01,3.276876211166381836e-01,-1.035225484520196915e-02,3.884732127189636230e-01,-3.732532262802124023e+00,-1.127032637596130371e+00,3.993639647960662842e-01,3.937307596206665039e-01,2.622511088848114014e-01,2.894555032253265381e-01,1.717878729104995728e-01,1.424759030342102051e-01,-1.371482729911804199e+00,-1.342567563056945801e+00,3.713444769382476807e-01,2.467424422502517700e-01,2.824386060237884521e-01,3.759697377681732178e-01,3.368785381317138672e-01,5.031627416610717773e-01,6.126771569252014160e-01,7.000069618225097656e-01,7.794676423072814941e-01
4.759168028831481934e-01,5.146527290344238281e-01,6.521256566047668457e-01,6.720854640007019043e-01,-4.593723714351654053e-01,2.889494299888610840e-01,4.078186452388763428e-01,4.160013198852539062e-01,2.506932020187377930e-01,6.526978611946105957e-01,7.303529381752014160e-01,4.236093759536743164e-01,5.315357446670532227e-01,5.072707533836364746e-01,4.570944905281066895e-01,5.139064788818359375e-01,4.961421787738800049e-01,7.308205962181091309e-01,5.075342655181884766e-01,-4.865085780620574951e-01,2.499685436487197876e-01,4.758791029453277588e-01,5.393072366714477539e-01,5.601503849029541016e-01,4.091281890869140625e-01,-3.579658269882202148e+00,-3.579658269882202148e+00,5.204927921295166016e-01,4.779342114925384521e-01,5.250514745712280273e-01,6.289776563644409180e-01,6.520999670028686523e-01,4.849142432212829590e-01,5.096931457519531250e-01,5.465411543846130371e-01,5.340677499771118164e-01,5.737887024879455566e-01,6.783093214035034180e-01,-3.350239276885986328e+00,-1.019717812538146973e+00,5.202615261077880859e-01,4.849090874195098877e-01,5.424004793167114258e-01,2.903901636600494385e-01,-4.095695614814758301e-01,7.357613444328308105e-01,-4.920266270637512207e-01,5.266721248626708984e-01,4.897161722183227539e-01,-3.586155474185943604e-01,-1.711195707321166992e+00,6.574004292488098145e-01,7.212492823600769043e-01,5.224851965904235840e-01,-2.504784762859344482e-01,-2.327250719070434570e+00,3.011014461517333984e-01,-1.324705362319946289e+00,2.343809902667999268e-01,6.625004410743713379e-01,-2.294324934482574463e-01,5.113428831100463867e-01,3.107457458972930908e-01,-9.856467247009277344e-01,2.702521681785583496e-01,6.896572113037109375e-01,6.971429288387298584e-02,5.237272381782531738e-01,-4.884667098522186279e-01,-1.032596826553344727e+00,4.942166209220886230e-01,4.617967307567596436e-01,6.734251379966735840e-01,7.334759831428527832e-01,-2.272476434707641602e+00,4.444395005702972412e-01,5.304085016250610352e-01,4.658280909061431885e-01,4.671934843063354492e-01,6.759520769119262695e-01,6.428743004798889160e-01,4.612958133220672607e-01,4.751099050045013428e-01,5.371428728103637695e-01,5.262164473533630371e-01,5.354451537132263184e-01,6.847130656242370605e-01,-2.697033584117889404e-01,7.126235961914062500e-01,3.851270377635955811e-01,5.340437889099121094e-01,3.404825031757354736e-01,-2.171978235244750977e+00,5.957529544830322266e-01,6.605029106140136719e-01,-4.970485717058181763e-02,-6.202448010444641113e-01,5.045896768569946289e-01,1.275027394294738770e-01,5.081530213356018066e-01,-2.765394210815429688e+00,-4.507158696651458740e-01,5.122594237327575684e-01,-1.729074478149414062e+00,-6.943578124046325684e-01,5.178295373916625977e-01,-6.005011796951293945e-01,5.628544092178344727e-01,-2.223818063735961914e+00,-8.955559134483337402e-01,-1.049600124359130859e+00,5.336411595344543457e-01,-2.029453754425048828e+00,5.215566754341125488e-01,-3.190853595733642578e+00,-7.448548078536987305e-01,3.842601776123046875e-01,4.954603612422943115e-01,4.770731925964355469e-01
3.719147741794586182e-01,4.281290471553802490e-01,7.266662716865539551e-01,7.475891709327697754e-01,-5.761537551879882812e-01,2.645628750324249268e-01,1.768842041492462158e-01,-9.754223376512527466e-02,2.218975499272346497e-02,-6.680448353290557861e-02,7.365887761116027832e-01,4.359998106956481934e-01,4.011161029338836670e-01,4.496170878410339355e-01,-1.672668308019638062e-01,4.357181787490844727e-01,2.682854533195495605e-01,4.530616998672485352e-01,4.693595767021179199e-01,-5.168922543525695801e-01,3.655071854591369629e-01,-1.592704355716705322e-01,5.621166825294494629e-01,1.076196283102035522e-01,3.430504202842712402e-01,-3.840992927551269531e+00,-3.840992927551269531e+00,5.277351140975952148e-01,4.692317545413970947e-01,-2.086958169937133789e+00,-5.137736201286315918e-01,8.103648424148559570e-01,6.465877294540405273e-01,5.650269389152526855e-01,5.595990419387817383e-01,5.877107977867126465e-01,6.265829801559448242e-01,-2.314936071634292603e-01,-3.840992927551269531e+00,-1.160399794578552246e+00,4.385159909725189209e-01,4.110726714134216309e-01,3.269646167755126953e-01,-1.660277992486953735e-01,-3.170355558395385742e-01,8.100389242172241211e-01,4.365880191326141357e-01,-2.708822190761566162e-01,4.290520250797271729e-01,-5.967517495155334473e-01,-7.867797017097473145e-01,8.878874778747558594e-02,-1.632699072360992432e-01,4.002077877521514893e-01,3.652087152004241943e-01,-2.489922046661376953e+00,1.242200210690498352e-01,4.919412434101104736e-01,7.276357412338256836e-01,7.322376966476440430e-01,-1.627079024910926819e-02,4.217947125434875488e-01,2.476965785026550293e-01,4.092634022235870361e-01,4.901612401008605957e-01,-3.645366728305816650e-01,5.762507319450378418e-01,4.983744621276855469e-01,4.840320050716400146e-01,4.414478242397308350e-01,5.155169367790222168e-01,5.345528721809387207e-01,7.009633779525756836e-01,6.758095622062683105e-01,5.864983052015304565e-02,4.691877961158752441e-01,4.563671350479125977e-01,3.965086340904235840e-01,-1.190370202064514160e+00,6.985113620758056641e-01,-3.840992927551269531e+00,-1.246903538703918457e+00,2.644269764423370361e-01,3.630221784114837646e-01,3.305758535861968994e-01,4.196777939796447754e-01,7.083177566528320312e-01,7.995951771736145020e-01,7.724485397338867188e-01,4.450590908527374268e-01,3.469217121601104736e-01,3.082135915756225586e-01,-2.356201410293579102e+00,6.523946523666381836e-01,7.768673896789550781e-01,-1.358687281608581543e-01,-7.528537511825561523e-01,-1.449114978313446045e-01,-7.627667188644409180e-01,3.183851540088653564e-01,-2.965902090072631836e+00,-4.819810390472412109e-01,3.464510738849639893e-01,4.287443757057189941e-01,2.573055624961853027e-01,5.022120475769042969e-01,4.904487729072570801e-01,5.967183709144592285e-01,-1.944438457489013672e+00,-1.425890803337097168e+00,4.373879134654998779e-01,3.250930607318878174e-01,4.199689626693725586e-01,3.875482678413391113e-01,7.282180786132812500e-01,7.916603684425354004e-01,3.414553999900817871e-01,3.206430971622467041e-01,2.239542454481124878e-01
3.332017064094543457e-01,1.610780358314514160e-01,5.504628419876098633e-01,6.963517665863037109e-01,-8.378947973251342773e-01,2.044907025992870331e-02,1.172222048044204712e-01,-1.023446545004844666e-01,9.330113977193832397e-02,5.534445047378540039e-01,7.362357378005981445e-01,4.142451882362365723e-01,2.687542736530303955e-01,2.740822136402130127e-01,2.639621496200561523e-01,2.385392785072326660e-01,1.086597815155982971e-01,6.266624927520751953e-01,3.241197764873504639e-01,-8.796455264091491699e-01,2.440511137247085571e-01,1.920076012611389160e-01,3.699401319026947021e-01,3.955403268337249756e-01,5.696937441825866699e-01,-4.444208145141601562e+00,-4.444208145141601562e+00,3.326477408409118652e-01,2.380528002977371216e-01,-1.509795784950256348e+00,5.141401290893554688e-01,8.312087059020996094e-01,4.475978016853332520e-01,3.256206214427947998e-01,2.874265313148498535e-01,3.741796612739562988e-01,2.703207731246948242e-01,4.800612926483154297e-01,-4.136017799377441406e+00,-1.480088233947753906e+00,2.390839457511901855e-01,4.742445349693298340e-01,3.619270026683807373e-01,-4.639026224613189697e-01,5.670402050018310547e-01,7.210013866424560547e-01,3.007028698921203613e-01,-1.533407270908355713e-01,2.711121439933776855e-01,-7.639529109001159668e-01,-9.679465293884277344e-01,3.690356016159057617e-02,2.439198344945907593e-01,4.362180233001708984e-01,4.197151064872741699e-01,-2.911621093750000000e+00,2.169807553291320801e-01,3.289561271667480469e-01,4.823982417583465576e-01,6.472433805465698242e-01,1.629238426685333252e-01,3.857363462448120117e-01,1.724741160869598389e-01,2.877244651317596436e-01,2.990832924842834473e-01,1.551700383424758911e-01,6.884983181953430176e-01,4.030818641185760498e-01,3.184561729431152344e-01,1.549354195594787598e-01,3.090595304965972900e-01,1.596907675266265869e-01,5.130112171173095703e-01,6.149358749389648438e-01,5.693399310111999512e-01,3.914018273353576660e-01,2.816493511199951172e-01,1.727208495140075684e-01,1.851969510316848755e-01,4.926933348178863525e-01,7.148191928863525391e-01,2.959712445735931396e-01,2.677394151687622070e-01,2.088177502155303955e-01,9.432157129049301147e-02,2.443583607673645020e-01,5.596709251403808594e-01,8.006366491317749023e-01,1.269531011581420898e+00,3.638542890548706055e-01,2.558568716049194336e-01,1.980059146881103516e-01,-2.831406354904174805e+00,5.656226873397827148e-01,9.029337167739868164e-01,-5.788806080818176270e-01,-1.013775229454040527e+00,1.455457508563995361e-01,-5.709182620048522949e-01,1.172533929347991943e-01,-3.515517950057983398e+00,-5.062724947929382324e-01,3.866185247898101807e-01,3.108122348785400391e-01,3.285999894142150879e-01,3.225030004978179932e-01,2.419376224279403687e-01,3.883777558803558350e-01,-1.915176033973693848e+00,-1.653303623199462891e+00,-1.063411980867385864e-01,2.886485159397125244e-01,2.619017064571380615e-01,2.274318188428878784e-01,4.917972087860107422e-01,7.719323039054870605e-01,2.061758935451507568e-01,2.258048057556152344e-01,2.105867564678192139e-01
3.904995620250701904e-01,3.265096843242645264e-01,5.642614364624023438e-01,6.000608205795288086e-01,-8.609443306922912598e-01,-1.810939051210880280e-02,2.054557353258132935e-01,1.158607974648475647e-01,2.522621452808380127e-01,5.474368929862976074e-01,5.831701159477233887e-01,2.491771876811981201e-01,1.920540034770965576e-01,2.158424109220504761e-01,2.737252414226531982e-01,1.309319585561752319e-01,3.507302105426788330e-01,6.312225461006164551e-01,3.780009746551513672e-01,-8.788481950759887695e-01,3.664113283157348633e-01,4.016463160514831543e-01,3.085636496543884277e-01,4.234249591827392578e-01,-1.440045535564422607e-01,-4.605226993560791016e+00,-4.605226993560791016e+00,3.468182086944580078e-01,3.297931253910064697e-01,3.789186179637908936e-01,5.316523909568786621e-01,6.000008583068847656e-01,3.480277955532073975e-01,3.718265295028686523e-01,1.823918372392654419e-01,3.809883296489715576e-01,1.493444591760635376e-01,5.366726517677307129e-01,-4.318287849426269531e+00,-1.480689764022827148e+00,3.854482769966125488e-01,-1.622723042964935303e-01,3.217189013957977295e-01,5.133539065718650818e-02,5.782160162925720215e-01,5.981813669204711914e-01,2.519193291664123535e-01,1.257504075765609741e-01,2.557171881198883057e-01,-7.300160527229309082e-01,-5.299742817878723145e-01,5.259642601013183594e-01,6.053065061569213867e-01,3.229967355728149414e-01,3.990330547094345093e-02,-3.137923955917358398e+00,3.671680986881256104e-01,3.937106430530548096e-01,4.970186948776245117e-01,5.279636979103088379e-01,2.345402389764785767e-01,2.662663757801055908e-01,8.618369698524475098e-02,2.475933581590652466e-01,2.864777445793151855e-01,5.025025010108947754e-01,6.184051036834716797e-01,1.664791405200958252e-01,6.963829696178436279e-02,1.737986505031585693e-01,1.566908359527587891e-01,2.294600009918212891e-01,3.730071783065795898e-01,5.936407446861267090e-01,1.736704558134078979e-01,-5.259751528501510620e-02,3.534161150455474854e-01,1.903047561645507812e-01,7.904820889234542847e-02,5.296922326087951660e-01,6.026268005371093750e-01,1.384888291358947754e-01,2.650526762008666992e-01,2.640415728092193604e-01,3.375075459480285645e-01,3.438345789909362793e-01,5.767707228660583496e-01,5.878657698631286621e-01,5.589371919631958008e-01,2.833617925643920898e-01,-1.646335721015930176e-01,9.300738573074340820e-02,-2.921560049057006836e+00,5.191637277603149414e-01,6.098181009292602539e-01,-2.923383414745330811e-01,-1.714572906494140625e+00,3.618128597736358643e-01,-9.710551053285598755e-02,3.837093710899353027e-01,-3.619533061981201172e+00,-8.318440914154052734e-01,3.140106797218322754e-01,2.311699539422988892e-01,2.053027302026748657e-01,3.600098788738250732e-01,2.709909975528717041e-01,4.056538343429565430e-01,-1.409411311149597168e+00,-1.363327383995056152e+00,2.234058976173400879e-01,3.204865753650665283e-01,3.813687860965728760e-01,3.998598456382751465e-01,5.548204779624938965e-01,5.192092061042785645e-01,2.943245172500610352e-01,3.377308547496795654e-01,3.512884974479675293e-01
2.703366577625274658e-01,3.343666195869445801e-01,6.281586885452270508e-01,6.171660423278808594e-01,-9.074227809906005859e-01,-7.939518988132476807e-02,7.637509703636169434e-02,1.174001395702362061e-01,2.289190441370010376e-01,6.196167469024658203e-01,6.076243519783020020e-01,1.600191295146942139e-01,2.155309170484542847e-01,2.302007675170898438e-01,1.710916906595230103e-01,3.747957050800323486e-01,4.004241228103637695e-01,6.036491990089416504e-01,2.368166744709014893e-01,-9.827174544334411621e-01,2.505580484867095947e-01,2.332193851470947266e-01,3.553366959095001221e-01,4.416050612926483154e-01,5.291836857795715332e-01,-4.569536209106445312e+00,-4.569536209106445312e+00,1.532024294137954712e-01,2.075827717781066895e-01,3.310154974460601807e-01,5.954570770263671875e-01,5.837777853012084961e-01,2.281063199043273926e-01,2.109598219394683838e-01,2.698572874069213867e-01,2.748753428459167480e-01,3.636242747306823730e-01,6.854583621025085449e-01,-4.281541824340820312e+00,-1.502885937690734863e+00,1.889399439096450806e-01,1.472537368535995483e-01,2.144772112369537354e-01,1.640072464942932129e-01,6.106429696083068848e-01,5.960054993629455566e-01,-5.396522283554077148e-01,1.391954720020294189e-01,2.186855673789978027e-01,-8.355655670166015625e-01,-4.658159017562866211e-01,6.537435054779052734e-01,6.595475077629089355e-01,2.061727941036224365e-01,1.556704342365264893e-01,-3.144779682159423828e+00,1.655640453100204468e-01,3.368972539901733398e-01,6.694588065147399902e-01,6.439448595046997070e-01,1.337433904409408569e-01,7.483296841382980347e-02,-8.495263010263442993e-02,2.245284616947174072e-01,2.808024585247039795e-01,5.933518409729003906e-01,6.545337438583374023e-01,1.632968485355377197e-01,1.938003748655319214e-01,2.415173202753067017e-01,2.410185486078262329e-01,3.711448907852172852e-01,6.495221853256225586e-01,6.601952910423278809e-01,1.140144616365432739e-01,1.485816687345504761e-01,1.963698714971542358e-01,1.430453807115554810e-01,3.680355846881866455e-01,5.841275453567504883e-01,6.420252919197082520e-01,1.775611937046051025e-01,2.069134116172790527e-01,2.155697941780090332e-01,2.839657366275787354e-01,3.682342171669006348e-01,6.072443723678588867e-01,6.616570949554443359e-01,5.337677001953125000e-01,2.050348818302154541e-01,1.983218193054199219e-01,1.812521964311599731e-01,-2.870180845260620117e+00,5.974112153053283691e-01,6.420814394950866699e-01,-4.062792956829071045e-01,-1.631393790245056152e+00,2.653466463088989258e-01,-2.046662718057632446e-01,3.568637073040008545e-01,-3.577667474746704102e+00,-8.138890266418457031e-01,2.412927597761154175e-01,2.123395800590515137e-01,2.464269995689392090e-01,2.488725483417510986e-01,3.565592467784881592e-01,4.984378814697265625e-01,-1.348304152488708496e+00,-1.435407757759094238e+00,1.862106621265411377e-01,2.506724894046783447e-01,2.802993655204772949e-01,3.444480895996093750e-01,5.877442955970764160e-01,6.060308814048767090e-01,1.957264095544815063e-01,2.099104374647140503e-01,2.303864657878875732e-01
4.576903581619262695e-01,4.034518301486968994e-01,-1.278332769870758057e-01,3.893890082836151123e-01,-3.367825150489807129e-01,1.956867575645446777e-01,3.091080784797668457e-01,3.444939553737640381e-01,3.232688009738922119e-01,5.303249955177307129e-01,5.524906516075134277e-01,3.879133462905883789e-01,4.334923326969146729e-01,4.465522766113281250e-01,3.788327872753143311e-01,4.386695921421051025e-01,3.603961169719696045e-01,5.888856053352355957e-01,4.325188398361206055e-01,-4.281936883926391602e-01,4.465047121047973633e-01,3.324480950832366943e-01,4.233982563018798828e-01,4.275575280189514160e-01,4.362156689167022705e-01,-2.967489480972290039e+00,-2.967489480972290039e+00,4.721266627311706543e-01,4.084061384201049805e-01,4.324111342430114746e-01,-2.967489480972290039e+00,-2.967489480972290039e+00,-2.967489480972290039e+00,1.666916459798812866e-01,4.399432837963104248e-01,4.523639976978302002e-01,4.671443700790405273e-01,5.301207900047302246e-01,-2.772147178649902344e+00,-8.107518553733825684e-01,4.271518886089324951e-01,4.449940919876098633e-01,4.395180642604827881e-01,2.911869883537292480e-01,5.469181537628173828e-01,5.707818865776062012e-01,-2.967489480972290039e+00,1.185263842344284058e-01,4.365415871143341064e-01,-2.804892361164093018e-01,-1.243168711662292480e-01,5.318216681480407715e-01,5.589262247085571289e-01,4.217430055141448975e-01,4.357191324234008789e-01,-1.932972311973571777e+00,4.260371029376983643e-01,4.538019001483917236e-01,5.423949360847473145e-01,5.588394999504089355e-01,4.324558973312377930e-01,3.450856208801269531e-01,-2.753949642181396484e+00,4.272847771644592285e-01,4.486363828182220459e-01,5.220501422882080078e-01,5.738170742988586426e-01,4.298150837421417236e-01,4.312012195587158203e-01,4.352491497993469238e-01,3.979324400424957275e-01,4.510282278060913086e-01,-3.774018883705139160e-01,-2.967489480972290039e+00,-2.967489480972290039e+00,1.388079673051834106e-01,4.295003712177276611e-01,3.971925079822540283e-01,3.848990797996520996e-01,5.362150669097900391e-01,5.906955599784851074e-01,4.406376183032989502e-01,3.002689480781555176e-01,3.567286729812622070e-01,4.521695673465728760e-01,3.818400502204895020e-01,5.344176888465881348e-01,5.637420415878295898e-01,5.423247218132019043e-01,3.487894833087921143e-01,4.244173765182495117e-01,3.852328062057495117e-01,-1.855528831481933594e+00,5.291165113449096680e-01,5.707244873046875000e-01,-1.056564152240753174e-01,-4.629532396793365479e-01,4.301353991031646729e-01,1.226126402616500854e-01,3.764017820358276367e-01,-2.290395259857177734e+00,-3.911958932876586914e-01,4.258538782596588135e-01,2.824729084968566895e-01,4.385353326797485352e-01,4.550358653068542480e-01,4.503988027572631836e-01,4.499145448207855225e-01,-7.792454957962036133e-01,-7.186846733093261719e-01,4.619327187538146973e-01,4.615256786346435547e-01,3.847147226333618164e-01,3.330341875553131104e-01,5.010999441146850586e-01,5.768145918846130371e-01,4.491483271121978760e-01,4.427337646484375000e-01,4.303731620311737061e-01
4.930645227432250977e-01,4.029916226863861084e-01,3.919671475887298584e-01,6.420499682426452637e-01,-3.213585317134857178e-01,2.896305620670318604e-01,3.795860409736633301e-01,3.839651644229888916e-01,2.592672109603881836e-01,5.871301293373107910e-01,6.522560715675354004e-01,2.003751248121261597e-01,5.055642724037170410e-01,4.211350083351135254e-01,4.096777737140655518e-01,4.810742437839508057e-01,-4.156135618686676025e-01,6.641393899917602539e-01,3.400150239467620850e-01,-4.121513068675994873e-01,-1.291683435440063477e+00,-1.729553461074829102e+00,3.931564986705780029e-01,4.874683618545532227e-01,4.531959891319274902e-01,-3.033801794052124023e+00,-3.033801794052124023e+00,5.001085400581359863e-01,3.661685883998870850e-01,3.542692065238952637e-01,5.848342180252075195e-01,6.482487916946411133e-01,5.000473856925964355e-01,-3.427983820438385010e-01,1.588404327630996704e-01,-1.720679879188537598e+00,-2.982392311096191406e+00,-3.033801794052124023e+00,-3.033801794052124023e+00,-1.148246407508850098e+00,4.725284278392791748e-01,2.561846971511840820e-01,4.909618198871612549e-01,7.386036962270736694e-02,6.083918809890747070e-01,6.422145962715148926e-01,4.977665841579437256e-01,4.780336916446685791e-01,4.759178459644317627e-01,-2.981310188770294189e-01,-1.778900325298309326e-01,5.854048132896423340e-01,6.471544504165649414e-01,4.605547487735748291e-01,4.881654679775238037e-01,-1.962417364120483398e+00,2.956481575965881348e-01,4.864212274551391602e-01,5.547264218330383301e-01,6.392346620559692383e-01,4.811214506626129150e-01,4.892889559268951416e-01,2.858544290065765381e-01,4.912955164909362793e-01,4.516251385211944580e-01,5.710530281066894531e-01,6.440156698226928711e-01,4.777174592018127441e-01,4.725430011749267578e-01,4.536025226116180420e-01,2.088888734579086304e-01,3.689313828945159912e-01,5.122629404067993164e-01,6.521409153938293457e-01,4.464288055896759033e-01,4.569671750068664551e-01,4.846624135971069336e-01,4.151722192764282227e-01,3.318839371204376221e-01,5.829582214355468750e-01,6.506837606430053711e-01,4.614066183567047119e-01,4.218723475933074951e-01,4.804628193378448486e-01,4.781050682067871094e-01,1.736745685338973999e-01,-7.280513048171997070e-01,-3.033801794052124023e+00,-3.033801794052124023e+00,-3.033801794052124023e+00,-1.385839432477951050e-01,4.349234700202941895e-01,-2.062978982925415039e+00,5.943709015846252441e-01,6.454699635505676270e-01,4.967257380485534668e-02,-4.251036345958709717e-01,4.755520820617675781e-01,9.258197993040084839e-02,1.782559454441070557e-01,-2.339893579483032227e+00,-3.675571084022521973e-01,4.640767574310302734e-01,4.470860064029693604e-01,4.476012587547302246e-01,4.800346791744232178e-01,3.299167454242706299e-01,4.777923822402954102e-01,-7.799431085586547852e-01,-7.086372375488281250e-01,4.427042603492736816e-01,4.892846047878265381e-01,4.797677397727966309e-01,3.911257684230804443e-01,5.718967318534851074e-01,6.502859592437744141e-01,4.746952652931213379e-01,4.754471778869628906e-01,4.497176706790924072e-01
2.861760258674621582e-01,-5.670883059501647949e-01,-2.682804167270660400e-01,-2.454281002283096313e-01,-1.671525090932846069e-01,6.425752639770507812e-01,-3.949915617704391479e-02,-2.726098299026489258e-01,1.452947556972503662e-01,-1.606438755989074707e-01,1.306282162666320801e+00,1.054701805114746094e+00,5.239301323890686035e-01,1.175640374422073364e-01,3.971950709819793701e-01,-3.879865109920501709e-01,-1.940587610006332397e-01,1.266369462013244629e+00,6.923942565917968750e-01,1.688884496688842773e-01,3.495803475379943848e-01,-5.743446946144104004e-01,6.656839847564697266e-01,1.001005098223686218e-01,1.088526129722595215e+00,-2.846073627471923828e+00,-2.846073627471923828e+00,4.652531743049621582e-01,1.111463189125061035e+00,6.818357110023498535e-01,-1.193242549896240234e+00,3.203076422214508057e-01,1.034764528274536133e+00,2.944174408912658691e-01,1.402466297149658203e-01,5.332055091857910156e-01,9.185475111007690430e-01,4.017550647258758545e-01,-2.746643543243408203e+00,-8.452469110488891602e-01,2.464413493871688843e-01,9.116425514221191406e-01,4.486289247870445251e-02,9.248638153076171875e-02,-2.695019170641899109e-02,-6.894955039024353027e-02,6.937327384948730469e-01,2.125899940729141235e-01,2.706961333751678467e-01,-3.829538822174072266e-01,-1.021581068634986877e-01,-1.806938529014587402e+00,-5.330163240432739258e-01,8.255516886711120605e-01,5.272347331047058105e-01,-1.815091609954833984e+00,-7.925608754158020020e-02,4.632441103458404541e-01,4.187956154346466064e-01,9.927743673324584961e-01,6.621381044387817383e-01,8.666073083877563477e-01,4.772161841392517090e-01,6.953200101852416992e-01,8.162000179290771484e-01,4.153415560722351074e-01,3.301252126693725586e-01,9.650146365165710449e-01,9.367378056049346924e-02,4.264224767684936523e-01,1.271574199199676514e-01,-1.227964878082275391e+00,6.338297724723815918e-01,5.736040472984313965e-01,-2.846073627471923828e+00,-2.846073627471923828e+00,-2.846073627471923828e+00,1.374146789312362671e-01,8.096587657928466797e-01,-1.745961010456085205e-01,4.033367931842803955e-01,9.499008655548095703e-01,4.426683783531188965e-01,3.177332878112792969e-01,8.431532233953475952e-02,4.017129242420196533e-01,1.443972945213317871e+00,7.294448614120483398e-01,1.431049942970275879e+00,4.813511967658996582e-01,2.809633314609527588e-01,-2.119527906179428101e-01,-2.258687734603881836e+00,5.770203471183776855e-01,1.537471652030944824e+00,6.847806274890899658e-02,-6.580102443695068359e-01,-2.690671086311340332e-01,-8.405963182449340820e-01,-1.293422281742095947e-01,-2.314201593399047852e+00,3.156304061412811279e-01,1.066914916038513184e+00,4.899802207946777344e-01,9.890813827514648438e-01,3.817816823720932007e-02,3.978370726108551025e-01,1.092447042465209961e-01,-5.174223780632019043e-01,-2.846073627471923828e+00,1.738344132900238037e-01,-4.703744649887084961e-01,-1.735293507575988770e+00,5.475831031799316406e-01,-1.690773069858551025e-01,3.419801294803619385e-01,2.658992409706115723e-01,-4.065416455268859863e-01,-1.385309934616088867e+00
5.915704965591430664e-01,5.850680470466613770e-01,7.186958789825439453e-01,7.569471597671508789e-01,-4.049793779850006104e-01,3.884860277175903320e-01,3.745768666267395020e-01,4.480977654457092285e-01,4.075229167938232422e-01,7.053865194320678711e-01,7.889287471771240234e-01,5.022958517074584961e-01,5.698782205581665039e-01,5.142181515693664551e-01,4.381623566150665283e-01,4.548656046390533447e-01,4.152451455593109131e-01,8.217374086380004883e-01,5.760329365730285645e-01,-2.930893599987030029e-01,5.586413741111755371e-01,5.181742906570434570e-01,5.404774546623229980e-01,5.866407155990600586e-01,4.824107289314270020e-01,-2.945063114166259766e+00,-2.945063114166259766e+00,5.633236765861511230e-01,5.047021508216857910e-01,4.596765041351318359e-01,6.148729324340820312e-01,6.531648635864257812e-01,5.213685631752014160e-01,4.243997335433959961e-01,5.610916018486022949e-01,5.430494546890258789e-01,4.547337293624877930e-01,4.431458190083503723e-02,-2.744372129440307617e+00,-7.645933032035827637e-01,4.904028773307800293e-01,5.571207404136657715e-01,5.229559540748596191e-01,1.992211937904357910e-01,6.629087924957275391e-01,7.811856865882873535e-01,4.049587249755859375e-01,4.955670833587646484e-01,4.677988886833190918e-01,-2.510528564453125000e-01,-1.107385456562042236e-01,6.702823042869567871e-01,7.539401054382324219e-01,4.878077507019042969e-01,5.561113357543945312e-01,-1.895895957946777344e+00,4.844653606414794922e-01,4.875847101211547852e-01,6.422200798988342285e-01,7.444159984588623047e-01,-3.939508795738220215e-01,5.236364603042602539e-01,4.108379781246185303e-01,5.184885263442993164e-01,5.024961233139038086e-01,6.679704189300537109e-01,7.811856865882873535e-01,4.034277200698852539e-01,4.183423519134521484e-01,3.000420331954956055e-01,-2.611102581024169922e+00,-6.636167764663696289e-01,-2.644665002822875977e+00,-1.912438392639160156e+00,4.985063970088958740e-01,-2.451261043548583984e+00,-2.945063114166259766e+00,-2.498711824417114258e+00,-7.937114238739013672e-01,-8.540193438529968262e-01,-1.252862930297851562e+00,-1.563828140497207642e-01,-1.554265022277832031e+00,-3.459849953651428223e-01,4.501588642597198486e-01,4.333149790763854980e-01,6.469391584396362305e-01,-2.945063114166259766e+00,-7.936199307441711426e-01,-8.745139837265014648e-01,4.934978187084197998e-01,-4.684883356094360352e-01,-1.832837939262390137e+00,6.476148366928100586e-01,7.626013755798339844e-01,-1.729173958301544189e-01,-3.918279111385345459e-01,5.359478592872619629e-01,1.838464438915252686e-01,4.948898255825042725e-01,-2.260879278182983398e+00,-2.439577728509902954e-01,5.198577046394348145e-01,5.052833557128906250e-01,4.604931473731994629e-01,4.246527254581451416e-01,4.539880752563476562e-01,5.520073771476745605e-01,-7.098611593246459961e-01,-6.948000192642211914e-01,5.103808045387268066e-01,5.059085488319396973e-01,4.833338558673858643e-01,4.447911679744720459e-01,6.332211494445800781e-01,7.426153421401977539e-01,4.532245099544525146e-01,4.368006587028503418e-01,5.236413478851318359e-01
-3.443449363112449646e-02,4.904806911945343018e-01,7.705308198928833008e-01,8.717554211616516113e-01,-1.129673957824707031e+00,8.524817228317260742e-02,9.525989741086959839e-02,-1.067539304494857788e-01,9.027404338121414185e-02,7.566200494766235352e-01,5.934367179870605469e-01,-8.718629479408264160e-01,1.679989248514175415e-01,-3.126164972782135010e-01,3.049927391111850739e-02,1.919947266578674316e-01,-1.365350000560283661e-02,9.122575521469116211e-01,4.723677635192871094e-01,-5.652412772178649902e-01,-1.410554498434066772e-01,3.119870787486433983e-03,5.446305274963378906e-01,5.821844935417175293e-01,2.539557516574859619e-01,-4.070186614990234375e+00,-4.070186614990234375e+00,1.836747974157333374e-01,1.213080510497093201e-01,6.150774955749511719e-01,6.160383224487304688e-01,8.813535571098327637e-01,6.826305985450744629e-01,5.952078104019165039e-01,5.845122337341308594e-01,6.356346607208251953e-01,6.350343823432922363e-01,6.953547596931457520e-01,-3.794284582138061523e+00,-1.297694921493530273e+00,6.040132045745849609e-02,-1.117758378386497498e-01,-9.068580716848373413e-02,-2.519395649433135986e-01,7.852360010147094727e-01,8.567253947257995605e-01,2.320816367864608765e-01,-2.643507122993469238e-01,1.349038481712341309e-01,-1.031779527664184570e+00,-2.450673878192901611e-01,6.872582435607910156e-01,8.215779662132263184e-01,-2.625361084938049316e-01,4.825959354639053345e-02,-2.633873224258422852e+00,-4.338931143283843994e-01,5.657142400741577148e-01,7.433506846427917480e-01,8.353243470191955566e-01,8.621808886528015137e-02,-3.928009048104286194e-02,-4.321497976779937744e-01,1.890216022729873657e-01,5.223534703254699707e-01,7.955848574638366699e-01,8.134141564369201660e-01,3.954269587993621826e-01,7.646746188402175903e-02,4.682713747024536133e-01,5.564608573913574219e-01,5.658925175666809082e-01,6.964858770370483398e-01,8.692950010299682617e-01,-5.131084918975830078e-01,2.750319242477416992e-01,3.530943691730499268e-01,2.529177069664001465e-01,6.895341724157333374e-02,7.591398954391479492e-01,8.891152143478393555e-01,3.525329530239105225e-01,-2.551983594894409180e-01,-3.775355815887451172e+00,-1.301280856132507324e-01,3.763338029384613037e-01,7.694253921508789062e-01,8.701983690261840820e-01,8.957992196083068848e-01,4.293144345283508301e-01,1.780308485031127930e-01,6.667920202016830444e-02,-2.463868379592895508e+00,7.377388477325439453e-01,8.728370666503906250e-01,-2.659117579460144043e-01,-9.590824842453002930e-01,-8.778756111860275269e-02,-6.162040233612060547e-01,1.723470166325569153e-02,-3.133450984954833984e+00,-4.890766441822052002e-01,1.006637513637542725e-01,2.750675678253173828e-01,1.927756518125534058e-01,1.876649856567382812e-01,5.577128529548645020e-01,6.087758541107177734e-01,-1.021820902824401855e+00,-9.580158591270446777e-01,-7.981788367033004761e-02,-1.461902707815170288e-01,3.664663136005401611e-01,4.406340420246124268e-01,7.522677183151245117e-01,8.610281944274902344e-01,2.035085856914520264e-02,-1.686571240425109863e-01,-2.233018130064010620e-01
5.299820303916931152e-01,3.060018718242645264e-01,-9.874367155134677887e-03,1.120024919509887695e+00,-2.482544332742691040e-01,4.697064161300659180e-01,4.603956043720245361e-01,2.937740087509155273e-01,-5.191848874092102051e-01,4.444482624530792236e-01,9.460328817367553711e-01,7.242117524147033691e-01,7.495518028736114502e-02,4.466165900230407715e-01,3.367968499660491943e-01,-1.160294488072395325e-01,7.278126478195190430e-01,1.207072854042053223e+00,6.833465099334716797e-01,-1.708638817071914673e-01,2.557691037654876709e-01,-5.074629932641983032e-02,2.293252013623714447e-02,3.558361828327178955e-01,6.860455870628356934e-01,-3.240945577621459961e+00,-3.240945577621459961e+00,7.028788328170776367e-01,5.448897480964660645e-01,-6.426772475242614746e-02,6.511930823326110840e-01,1.114313125610351562e+00,1.018562316894531250e+00,1.396638154983520508e-01,1.035269871354103088e-01,1.097302325069904327e-02,9.620658308267593384e-02,4.213787913322448730e-01,-3.010353088378906250e+00,-3.240945577621459961e+00,-2.521787166595458984e+00,7.274512648582458496e-01,2.568643689155578613e-01,4.981485009193420410e-01,6.209310889244079590e-01,7.801118493080139160e-01,5.327193140983581543e-01,6.017167866230010986e-02,4.490295350551605225e-01,-6.857364177703857422e-01,-2.065292835235595703e+00,-8.814302086830139160e-01,1.069082379341125488e+00,5.958248972892761230e-01,4.445409178733825684e-01,-1.965510845184326172e+00,4.448192939162254333e-02,-1.948192119598388672e-01,4.686029851436614990e-01,6.513283848762512207e-01,1.606909781694412231e-01,5.926910042762756348e-01,-5.328712612390518188e-02,4.132540822029113770e-01,1.748388111591339111e-01,5.331770777702331543e-01,7.604634761810302734e-01,4.560419321060180664e-01,-2.265795946121215820e+00,-2.609689712524414062e+00,3.297440707683563232e-01,2.789519727230072021e-02,9.891083240509033203e-01,4.446947574615478516e-01,2.922599017620086670e-01,3.929738104343414307e-01,-7.650184035301208496e-01,2.470743060111999512e-01,2.561382576823234558e-02,4.399892985820770264e-01,-9.754148721694946289e-01,-1.544393539428710938e+00,-3.988174796104431152e-01,2.526852488517761230e-01,-1.836569905281066895e-01,2.763681411743164062e-01,1.038933396339416504e+00,1.187111258506774902e+00,1.148137807846069336e+00,4.536849260330200195e-01,2.408391833305358887e-01,-1.583428144454956055e+00,-2.136258602142333984e+00,9.561443328857421875e-01,1.158200383186340332e+00,1.424010992050170898e-01,-7.415082454681396484e-01,-2.797951698303222656e-01,-4.298344850540161133e-01,9.445153921842575073e-02,-2.429074287414550781e+00,-5.962344259023666382e-02,5.781428813934326172e-01,7.358643412590026855e-01,4.959331154823303223e-01,6.300013512372970581e-02,-8.397535979747772217e-02,2.357004396617412567e-02,-1.540549874305725098e+00,-4.613077640533447266e-01,5.372245907783508301e-01,-3.522689938545227051e-01,2.788552343845367432e-01,5.547676086425781250e-01,9.889878630638122559e-01,9.370871782302856445e-01,6.139609813690185547e-01,2.840132415294647217e-01,-2.948266267776489258e-01
4.667070806026458740e-01,1.108305826783180237e-01,3.251706361770629883e-01,7.440863251686096191e-01,-4.478985667228698730e-01,1.442790627479553223e-01,3.818777501583099365e-01,2.833643555641174316e-01,9.913708083331584930e-03,5.749776959419250488e-01,7.372411489486694336e-01,4.347360432147979736e-01,4.806683957576751709e-01,2.758580148220062256e-01,3.846606910228729248e-01,4.047683179378509521e-01,3.036867827177047729e-02,7.969397902488708496e-01,3.099297285079956055e-01,-6.347544789314270020e-01,4.190863072872161865e-01,1.084723323583602905e-01,3.889445662498474121e-01,3.355203568935394287e-01,4.468000531196594238e-01,-3.567607879638671875e+00,-3.567607879638671875e+00,5.098340511322021484e-01,3.948011696338653564e-01,-4.717044159770011902e-02,4.347809255123138428e-01,7.516617178916931152e-01,5.458828210830688477e-01,5.004044771194458008e-01,4.833770990371704102e-01,5.027126669883728027e-01,2.921568751335144043e-01,6.442059874534606934e-01,-3.490652322769165039e+00,-1.090285181999206543e+00,4.146080613136291504e-01,5.205877423286437988e-01,4.513715505599975586e-01,-1.015310436487197876e-01,5.582955479621887207e-01,7.548452019691467285e-01,5.213750004768371582e-01,3.518882691860198975e-01,-2.605443477630615234e+00,-3.567607879638671875e+00,-8.872391581535339355e-01,5.060704946517944336e-01,7.731880545616149902e-01,4.019812345504760742e-01,5.705408453941345215e-01,-2.320069313049316406e+00,1.906744390726089478e-01,4.059605598449707031e-01,4.504859149456024170e-01,7.280084490776062012e-01,5.354744195938110352e-01,5.003319978713989258e-01,2.643947899341583252e-01,5.315365195274353027e-01,4.328301250934600830e-01,6.195358633995056152e-01,7.717897295951843262e-01,-2.821985073387622833e-02,4.945192337036132812e-01,4.904466867446899414e-01,-1.848104149103164673e-01,2.124770283699035645e-01,2.989726662635803223e-01,7.464342117309570312e-01,4.656142890453338623e-01,-1.313296914100646973e+00,3.182823359966278076e-01,4.174386709928512573e-02,-8.611609786748886108e-02,-1.596860051155090332e+00,5.787757635116577148e-01,5.149327516555786133e-01,2.564585506916046143e-01,2.530057728290557861e-01,3.120328187942504883e-01,-1.038374975323677063e-01,5.816916227340698242e-01,7.879832386970520020e-01,-1.327186375856399536e-01,5.359629988670349121e-01,4.643025696277618408e-01,-2.974191009998321533e-01,-2.562668800354003906e+00,-2.685041129589080811e-01,7.719933986663818359e-01,-7.519149780273437500e-02,-6.539160609245300293e-01,4.376450181007385254e-01,-8.584643155336380005e-02,1.500207278877496719e-02,-2.760233402252197266e+00,-4.165421426296234131e-01,4.861307144165039062e-01,-1.098388910293579102e+00,1.868263036012649536e-01,3.688127696514129639e-01,1.388913393020629883e-01,4.783439934253692627e-01,-9.819662570953369141e-01,-8.653848171234130859e-01,4.091457426548004150e-01,5.799151659011840820e-01,5.698813796043395996e-01,3.019506931304931641e-01,-3.330565690994262695e+00,7.617748975753784180e-01,5.303021669387817383e-01,4.215084314346313477e-01,4.477996528148651123e-01
4.481774270534515381e-01,-3.385206460952758789e-01,-1.138870120048522949e+00,1.277124643325805664e+00,-1.483873575925827026e-01,7.957994937896728516e-01,-4.646286368370056152e-02,4.067373573780059814e-01,-7.998246550559997559e-01,-2.385412342846393585e-02,1.220327258110046387e+00,1.028943896293640137e+00,9.918892383575439453e-01,5.842787027359008789e-01,5.365461707115173340e-01,-5.556036233901977539e-01,3.941659629344940186e-01,1.341704487800598145e+00,1.068449616432189941e+00,7.790322706568986177e-05,6.103838086128234863e-01,-2.244100272655487061e-01,-4.503636360168457031e-01,-3.151865601539611816e-01,6.406426429748535156e-01,-3.189806222915649414e+00,-3.189806222915649414e+00,5.008398294448852539e-01,6.246780157089233398e-01,-6.839337348937988281e-01,-2.590972781181335449e-01,1.262260556221008301e+00,9.375488758087158203e-01,-7.738712430000305176e-01,-7.497206330299377441e-01,-1.300385236740112305e+00,-8.606771826744079590e-01,-4.453048110008239746e-01,-2.940011024475097656e+00,-5.971782207489013672e-01,-4.281984865665435791e-01,1.702647358179092407e-01,-4.210981130599975586e-01,1.917826235294342041e-01,-2.177730500698089600e-01,6.329107284545898438e-01,9.838048815727233887e-01,-4.937630593776702881e-01,6.104809641838073730e-01,-2.453057169914245605e-01,-8.391667604446411133e-01,7.571805119514465332e-01,1.134603142738342285e+00,1.052825450897216797e+00,4.469684958457946777e-01,-1.900477766990661621e+00,-6.772854924201965332e-01,-1.117036461830139160e+00,-2.208788990974426270e-01,1.142411708831787109e+00,-3.526877760887145996e-01,1.019270539283752441e+00,-2.709343433380126953e-01,5.240375399589538574e-01,7.903415709733963013e-02,-4.629506915807723999e-02,9.929991364479064941e-01,6.613215804100036621e-01,7.577111721038818359e-01,4.366449117660522461e-01,3.010649979114532471e-01,-5.143167972564697266e-01,1.095928549766540527e+00,7.262078523635864258e-01,-1.400761753320693970e-01,9.560453891754150391e-01,9.750986695289611816e-01,9.105674624443054199e-01,-7.200592756271362305e-02,-5.179790854454040527e-01,1.251441836357116699e+00,1.046105504035949707e+00,4.563615620136260986e-01,-5.624106526374816895e-01,-1.371628165245056152e+00,-7.769057750701904297e-01,1.213456630706787109e+00,1.312325716018676758e+00,1.304889082908630371e+00,1.009103894233703613e+00,4.152204692363739014e-01,8.635505437850952148e-01,-2.685770750045776367e+00,4.340196549892425537e-01,1.294789671897888184e+00,4.561859369277954102e-01,-6.584115624427795410e-01,-1.815488100051879883e+00,-1.628118991851806641e+00,-1.511774778366088867e+00,-2.678651571273803711e+00,5.712387338280677795e-02,1.070778250694274902e+00,3.478434383869171143e-01,4.116149544715881348e-01,-7.692081928253173828e-01,-4.769781231880187988e-01,-3.359637558460235596e-01,-8.496865630149841309e-01,-3.980199992656707764e-01,1.984831392765045166e-01,-4.317225217819213867e-01,-2.707437574863433838e-01,6.806967407464981079e-02,1.010154008865356445e+00,1.250388026237487793e+00,2.519378066062927246e-01,-5.438020825386047363e-01,-1.681744813919067383e+00
1.344722062349319458e-01,3.887903690338134766e-01,4.802037775516510010e-01,4.555006325244903564e-01,-7.030450105667114258e-01,1.246126964688301086e-01,2.356018722057342529e-01,2.484928369522094727e-01,2.762694954872131348e-01,5.002092123031616211e-01,4.834945201873779297e-01,8.269622921943664551e-02,3.728534281253814697e-01,3.320864439010620117e-01,3.050509691238403320e-01,4.104921519756317139e-01,2.733700275421142578e-01,4.966683089733123779e-01,3.658643960952758789e-01,-7.501559257507324219e-01,3.733882904052734375e-01,9.029301255941390991e-02,3.625036776065826416e-01,3.289371430873870850e-01,4.170380830764770508e-01,-4.094693183898925781e+00,-4.094693183898925781e+00,3.152176141738891602e-01,2.969871461391448975e-01,3.337290883064270020e-01,4.580588936805725098e-01,4.727030992507934570e-01,3.331906199455261230e-01,3.586625158786773682e-01,3.735949993133544922e-01,3.718344867229461670e-01,3.866056203842163086e-01,4.308881461620330811e-01,-3.842195272445678711e+00,-1.307756185531616211e+00,4.325833618640899658e-01,3.360969722270965576e-01,3.523421287536621094e-01,1.153134405612945557e-01,4.958143532276153564e-01,4.952758550643920898e-01,2.998075485229492188e-01,1.082968413829803467e-01,-4.094693183898925781e+00,-2.923572540283203125e+00,-3.672291338443756104e-01,4.799952805042266846e-01,4.472221434116363525e-01,2.272762358188629150e-01,3.398844897747039795e-01,-2.734266996383666992e+00,8.509130030870437622e-02,3.455032110214233398e-01,4.737880229949951172e-01,4.818409681320190430e-01,3.089987635612487793e-01,2.999986708164215088e-01,-9.255667217075824738e-03,3.362674117088317871e-01,3.858205378055572510e-01,4.283498525619506836e-01,4.925435483455657959e-01,3.374150693416595459e-01,3.804647326469421387e-01,3.352393805980682373e-01,3.815471231937408447e-01,3.945396244525909424e-01,4.732868969440460205e-01,5.080960988998413086e-01,2.702370285987854004e-01,3.768984079360961914e-01,3.168004155158996582e-01,3.083786964416503906e-01,3.841797113418579102e-01,4.741789400577545166e-01,4.933395087718963623e-01,3.026580810546875000e-01,3.433529138565063477e-01,-9.233255684375762939e-02,3.646655976772308350e-01,3.434417545795440674e-01,4.707939326763153076e-01,5.032951235771179199e-01,4.300450682640075684e-01,3.372954130172729492e-01,2.227834314107894897e-01,1.879985183477401733e-01,-2.554979324340820312e+00,4.741843640804290771e-01,4.783834517002105713e-01,-2.505904138088226318e-01,-8.579421043395996094e-01,3.799679577350616455e-01,-1.753804385662078857e-01,1.277094334363937378e-01,-3.220888853073120117e+00,-7.943859100341796875e-01,3.348169326782226562e-01,3.788565397262573242e-01,2.674771845340728760e-01,3.852095305919647217e-01,4.262630045413970947e-01,3.527888655662536621e-01,-1.261094808578491211e+00,-1.169862747192382812e+00,3.771576881408691406e-01,3.989254534244537354e-01,3.937726914882659912e-01,3.852929472923278809e-01,4.701738357543945312e-01,4.809670746326446533e-01,2.592969536781311035e-01,2.131360620260238647e-01,3.352285027503967285e-01
3.544348180294036865e-01,3.689573407173156738e-01,4.817675352096557617e-01,4.850041866302490234e-01,-6.985780596733093262e-01,6.041432544589042664e-02,2.334427982568740845e-01,2.357403188943862915e-01,2.130212336778640747e-01,4.611482024192810059e-01,5.087538957595825195e-01,2.738558351993560791e-01,3.335165083408355713e-01,3.513386845588684082e-01,2.863012850284576416e-01,3.553206324577331543e-01,1.494355648756027222e-01,5.250937342643737793e-01,3.276134729385375977e-01,-7.350888252258300781e-01,3.566322028636932373e-01,3.328752815723419189e-01,3.306141495704650879e-01,3.214128911495208740e-01,3.766517639160156250e-01,-4.048615932464599609e+00,-4.048615932464599609e+00,3.543952107429504395e-01,7.062889635562896729e-02,3.128125071525573730e-01,4.387907683849334717e-01,4.951679408550262451e-01,3.506776690483093262e-01,3.235526382923126221e-01,3.419817984104156494e-01,3.552651405334472656e-01,3.400095701217651367e-01,4.724773168563842773e-01,-3.795839786529541016e+00,-1.271081805229187012e+00,3.493358194828033447e-01,3.646039962768554688e-01,3.581901788711547852e-01,-1.406923383474349976e-01,4.801807403564453125e-01,5.298451185226440430e-01,2.630562782287597656e-01,3.007989525794982910e-01,-4.048615932464599609e+00,-2.916274070739746094e+00,-4.080377221107482910e-01,4.529314339160919189e-01,5.086224079132080078e-01,2.584958076477050781e-01,3.485018908977508545e-01,-2.714790582656860352e+00,2.350775152444839478e-01,3.513242602348327637e-01,4.671953022480010986e-01,4.865801632404327393e-01,3.214002847671508789e-01,2.981351017951965332e-01,1.811570674180984497e-01,1.631601750850677490e-01,1.192612200975418091e-01,4.507106542587280273e-01,4.958019554615020752e-01,3.236697018146514893e-01,3.230393230915069580e-01,3.300133049488067627e-01,3.596094846725463867e-01,3.503318428993225098e-01,4.460024833679199219e-01,5.181503891944885254e-01,2.697582840919494629e-01,3.570302426815032959e-01,3.506866693496704102e-01,2.502394318580627441e-01,3.248584568500518799e-01,4.661391377449035645e-01,5.121147632598876953e-01,3.144760131835937500e-01,3.115210831165313721e-01,3.547230064868927002e-01,3.268018662929534912e-01,3.161103725433349609e-01,4.511050879955291748e-01,5.237482786178588867e-01,4.603845179080963135e-01,3.139670193195343018e-01,3.187922537326812744e-01,2.691620886325836182e-01,-2.552031278610229492e+00,4.548514485359191895e-01,5.001408457756042480e-01,-2.440592050552368164e-01,-8.055378794670104980e-01,3.185202777385711670e-01,-1.140871196985244751e-01,3.157375454902648926e-01,-3.537898063659667969e+00,-7.475688457489013672e-01,3.349789977073669434e-01,3.251628577709197998e-01,3.064782917499542236e-01,3.471661806106567383e-01,3.526661098003387451e-01,3.396428525447845459e-01,-1.275001049041748047e+00,-1.174451112747192383e+00,3.454309701919555664e-01,3.394854366779327393e-01,3.367495238780975342e-01,3.357030749320983887e-01,4.294176697731018066e-01,5.068590641021728516e-01,2.712424099445343018e-01,3.038789033889770508e-01,3.068453669548034668e-01
5.530304908752441406e-01,5.703155994415283203e-01,6.653888821601867676e-01,3.159767687320709229e-01,-3.145626485347747803e-01,3.768025338649749756e-01,4.669874310493469238e-01,4.844207167625427246e-01,4.582579433917999268e-01,6.485766768455505371e-01,6.919103860855102539e-01,4.479185938835144043e-01,5.332408547401428223e-01,5.259122848510742188e-01,4.970300495624542236e-01,5.749526619911193848e-01,-8.709581494331359863e-01,7.005320787429809570e-01,5.698901414871215820e-01,-3.596544265747070312e-01,-1.600244760513305664e+00,5.590975880622863770e-01,1.793184876441955566e-01,5.578444600105285645e-01,4.849546551704406738e-01,-3.200427055358886719e+00,-3.200427055358886719e+00,1.046673282980918884e-01,-1.625067949295043945e+00,-2.140233755111694336e+00,6.051210761070251465e-01,-4.303132891654968262e-01,-2.576931715011596680e+00,-1.463613361120223999e-01,5.242954492568969727e-01,5.658871531486511230e-01,3.367576301097869873e-01,-1.335277557373046875e+00,-3.200427055358886719e+00,-1.865791320800781250e+00,5.639632344245910645e-01,5.606777667999267578e-01,5.575741529464721680e-01,1.972266584634780884e-01,6.298882365226745605e-01,6.758650541305541992e-01,-2.176505088806152344e+00,-2.535680532455444336e+00,5.223431587219238281e-01,-2.641006112098693848e-01,-6.896736025810241699e-01,6.432968378067016602e-01,6.792289614677429199e-01,4.477630853652954102e-01,5.654716491699218750e-01,-2.076926946640014648e+00,4.499773085117340088e-01,5.298835635185241699e-01,6.309942007064819336e-01,6.564691662788391113e-01,5.511866807937622070e-01,4.943689405918121338e-01,3.958209753036499023e-01,5.505259633064270020e-01,5.448526740074157715e-01,6.455180644989013672e-01,7.054628133773803711e-01,5.516105294227600098e-01,5.220811963081359863e-01,5.437133312225341797e-01,5.606126785278320312e-01,-1.079017877578735352e+00,6.683963537216186523e-01,-3.627930879592895508e-01,5.052883028984069824e-01,5.640333294868469238e-01,5.355929136276245117e-01,-1.782973289489746094e+00,5.128821730613708496e-01,6.657856702804565430e-01,6.796097755432128906e-01,4.966042041778564453e-01,5.427452325820922852e-01,5.397533774375915527e-01,5.693928599357604980e-01,5.233843922615051270e-01,6.405773162841796875e-01,6.926212310791015625e-01,-1.422321945428848267e-01,5.579372048377990723e-01,5.355134606361389160e-01,5.049182176589965820e-01,-1.919127702713012695e+00,6.363791227340698242e-01,6.929399371147155762e-01,-1.934975147247314453e+00,-4.484256803989410400e-01,5.743569731712341309e-01,1.726487278938293457e-01,5.251881480216979980e-01,-2.455023288726806641e+00,-3.815482258796691895e-01,5.310482978820800781e-01,4.926549494266510010e-01,5.365853905677795410e-01,-1.374541878700256348e+00,5.044256448745727539e-01,5.363147258758544922e-01,-8.169940710067749023e-01,-7.072734236717224121e-01,5.713034272193908691e-01,5.660489797592163086e-01,-6.675942540168762207e-01,5.296700000762939453e-01,-1.348366141319274902e+00,4.142647683620452881e-01,5.645722746849060059e-01,5.554483532905578613e-01,5.161008834838867188e-01
2.455453155562281609e-03,-8.630822598934173584e-02,5.926716327667236328e-01,1.470164060592651367e+00,-2.414429038763046265e-01,6.041303277015686035e-01,8.537821471691131592e-02,-7.033441066741943359e-01,-4.394754469394683838e-01,4.310465753078460693e-01,1.411886811256408691e+00,8.937377929687500000e-01,6.873741745948791504e-01,1.869970262050628662e-01,4.555390775203704834e-02,-7.321513295173645020e-01,-1.293794214725494385e-01,1.618848800659179688e+00,9.640936851501464844e-01,-7.259068638086318970e-02,-4.505683183670043945e-01,-4.944891333580017090e-01,-1.220943555235862732e-01,2.115978896617889404e-01,7.471483349800109863e-01,-3.517490148544311523e+00,-3.517490148544311523e+00,6.082633137702941895e-02,1.697102040052413940e-01,-4.812059998512268066e-01,-4.682292416691780090e-02,1.324756383895874023e+00,8.653827905654907227e-01,-8.509662747383117676e-01,-5.938869714736938477e-01,-1.049323320388793945e+00,9.581648558378219604e-02,-2.203832268714904785e-01,-3.238529443740844727e+00,-9.617184996604919434e-01,-7.264863252639770508e-01,2.184332311153411865e-01,-5.294154286384582520e-01,-8.833734989166259766e-01,2.451485842466354370e-01,7.805222868919372559e-01,8.234589099884033203e-01,-4.605743288993835449e-01,5.568084120750427246e-01,-8.142917752265930176e-01,-1.440085887908935547e+00,4.000319838523864746e-01,1.271285295486450195e+00,6.219060420989990234e-01,1.150874614715576172e+00,-2.125977754592895508e+00,-8.659870028495788574e-01,-1.017704010009765625e+00,1.794006377458572388e-01,1.294968366622924805e+00,-5.360953211784362793e-01,8.347280621528625488e-01,-2.555004786700010300e-03,2.709610462188720703e-01,-7.153261899948120117e-01,3.246174752712249756e-01,1.525230050086975098e+00,8.186959028244018555e-01,4.289768040180206299e-01,2.377063482999801636e-01,3.102376759052276611e-01,1.882834360003471375e-02,1.191558718681335449e+00,5.177660584449768066e-01,-8.763696998357772827e-02,1.350633054971694946e-01,7.638555169105529785e-01,5.158687233924865723e-01,5.451268330216407776e-02,2.402765303850173950e-01,1.429047584533691406e+00,9.914095401763916016e-01,-9.374619275331497192e-02,-8.753477931022644043e-01,-8.072817921638488770e-01,-8.343229889869689941e-01,5.331444740295410156e-01,1.649135112762451172e+00,1.539763212203979492e+00,8.282440900802612305e-01,-7.750719785690307617e-03,6.173282861709594727e-01,-2.523888587951660156e+00,9.442256689071655273e-01,1.621981143951416016e+00,2.410878241062164307e-01,-7.533077001571655273e-01,-8.210824131965637207e-01,-9.783290028572082520e-01,-8.088767528533935547e-01,-2.934967517852783203e+00,2.026480585336685181e-01,7.787442207336425781e-01,2.860414087772369385e-01,3.530358970165252686e-01,-4.974856078624725342e-01,-4.633742198348045349e-02,1.286367923021316528e-01,-1.145050168037414551e+00,-5.753676891326904297e-01,1.159054227173328400e-02,-2.283471524715423584e-01,-3.339074552059173584e-01,2.438091933727264404e-01,1.065852165222167969e+00,1.480977058410644531e+00,4.150867760181427002e-01,-4.947680830955505371e-01,-6.477521061897277832e-01
2.762971818447113037e-01,-3.949671238660812378e-02,-2.442233413457870483e-01,9.216418117284774780e-02,-5.057349801063537598e-01,3.459784686565399170e-01,-3.183786571025848389e-02,8.038275688886642456e-02,3.675071597099304199e-01,-1.740209162235260010e-01,1.107746005058288574e+00,8.467922806739807129e-01,5.793627500534057617e-01,-4.395095258951187134e-02,3.063611090183258057e-01,3.121944963932037354e-01,5.079574510455131531e-02,1.059782028198242188e+00,6.182805299758911133e-01,-8.572805672883987427e-02,1.521056592464447021e-01,-4.413782060146331787e-01,7.790488600730895996e-01,7.083042860031127930e-01,7.727131843566894531e-01,-3.394883632659912109e+00,-3.394883632659912109e+00,2.748357653617858887e-01,1.075216531753540039e+00,7.301528453826904297e-01,-1.268956899642944336e+00,2.409498393535614014e-01,7.731332182884216309e-01,3.065733313560485840e-01,1.959830075502395630e-01,6.213017702102661133e-01,9.223458766937255859e-01,7.008874416351318359e-01,-3.168386697769165039e+00,-1.046909928321838379e+00,2.271608635783195496e-02,5.926139354705810547e-01,-1.557157374918460846e-02,-1.908905953168869019e-01,2.201636089012026787e-03,8.111564815044403076e-02,4.575252830982208252e-01,1.924550533294677734e-01,2.132617831230163574e-01,-7.550193667411804199e-01,-3.149661421775817871e-01,-1.679399132728576660e+00,-2.035357356071472168e-01,5.220067501068115234e-01,5.399939417839050293e-01,-2.292268514633178711e+00,-2.522501647472381592e-01,1.245532482862472534e-01,2.250515222549438477e-01,9.387496113777160645e-01,3.418353199958801270e-01,6.156749129295349121e-01,2.235179096460342407e-01,6.414989829063415527e-01,5.100442171096801758e-01,6.963697075843811035e-01,5.127701163291931152e-01,6.299499273300170898e-01,-2.563955821096897125e-02,4.167414009571075439e-01,3.518464267253875732e-01,-7.057054638862609863e-01,6.074765324592590332e-01,3.259952068328857422e-01,-3.394883632659912109e+00,-3.394883632659912109e+00,-3.394883632659912109e+00,1.886146962642669678e-01,6.248612403869628906e-01,7.438594698905944824e-01,7.363463044166564941e-01,6.135396957397460938e-01,2.917295098304748535e-01,2.539537549018859863e-01,-3.719389438629150391e-02,6.089366674423217773e-01,1.082265377044677734e+00,1.055888295173645020e+00,7.709301710128784180e-01,2.905266880989074707e-01,2.371672242879867554e-01,1.149332616478204727e-03,-1.894681572914123535e+00,2.817468345165252686e-01,1.142207384109497070e+00,-2.018104791641235352e-01,-8.276365995407104492e-01,-1.015410497784614563e-01,-8.159427046775817871e-01,1.322934776544570923e-01,-2.660334110260009766e+00,-1.107514426112174988e-01,8.175137042999267578e-01,3.766313493251800537e-01,7.310476303100585938e-01,3.321917653083801270e-01,3.020206391811370850e-01,1.655480265617370605e-01,-8.320081830024719238e-01,-4.514741897583007812e-01,4.411093294620513916e-01,-7.748465240001678467e-02,6.365481615066528320e-01,6.611624360084533691e-01,1.263318806886672974e-01,4.513033330440521240e-01,4.569717645645141602e-01,2.182817757129669189e-01,-3.846916556358337402e-01
5.864259600639343262e-01,3.286096751689910889e-01,7.082490921020507812e-01,1.105312943458557129e+00,-5.145472884178161621e-01,-1.351110816001892090e+00,-4.400898814201354980e-01,3.348613977432250977e-01,3.721799850463867188e-01,3.212520480155944824e-01,1.053036808967590332e+00,5.379644632339477539e-01,2.935445904731750488e-01,4.192354679107666016e-01,4.038478434085845947e-01,3.860107362270355225e-01,-1.420541763305664062e+00,1.155933499336242676e+00,-8.213444799184799194e-02,-5.131446719169616699e-01,-3.140765707939863205e-03,5.533057451248168945e-01,1.001333966851234436e-01,6.344730257987976074e-01,7.297341823577880859e-01,-4.096471309661865234e+00,-4.096471309661865234e+00,2.629405558109283447e-01,5.047932863235473633e-01,-1.738567709922790527e+00,9.341888427734375000e-01,1.438290774822235107e-01,6.729782819747924805e-01,-1.310555577278137207e+00,-1.669671535491943359e-01,3.599081933498382568e-01,-1.052800536155700684e+00,-2.698171436786651611e-01,-3.835666418075561523e+00,-1.123272061347961426e+00,4.432048499584197998e-01,5.174739360809326172e-01,4.097148776054382324e-01,-4.310763478279113770e-01,8.271842002868652344e-01,6.848110556602478027e-01,5.477030873298645020e-01,5.788137316703796387e-01,4.422621428966522217e-01,-6.402742862701416016e-01,-3.653332889080047607e-01,9.303253293037414551e-01,9.116688370704650879e-01,3.639905750751495361e-01,5.511211156845092773e-01,-2.663560867309570312e+00,-1.892491430044174194e-01,3.094278275966644287e-01,8.904956281185150146e-02,8.387938141822814941e-01,4.087840914726257324e-01,2.253236174583435059e-01,1.232131719589233398e-01,5.780587717890739441e-02,-1.090424433350563049e-01,3.329211473464965820e-01,1.151895761489868164e+00,1.205525100231170654e-01,-4.188610911369323730e-01,4.582635164260864258e-01,4.980311095714569092e-01,-2.651928365230560303e-01,3.694181442260742188e-01,9.480510354042053223e-01,5.334166884422302246e-01,4.459611475467681885e-01,3.756830394268035889e-01,3.771557509899139404e-01,3.172079324722290039e-01,8.317766189575195312e-01,6.739473342895507812e-01,3.702286779880523682e-01,4.360558986663818359e-01,4.466347992420196533e-01,3.221105933189392090e-01,-6.009657382965087891e-01,-7.178463786840438843e-02,8.202393054962158203e-01,9.118791818618774414e-01,2.612574696540832520e-01,3.831188678741455078e-01,4.185108244419097900e-01,-2.539816617965698242e+00,5.519180893898010254e-01,1.151883006095886230e+00,-7.111947238445281982e-02,-1.058523058891296387e+00,6.260851621627807617e-01,-2.373825311660766602e-01,1.703400909900665283e-01,-3.102782964706420898e+00,-3.195196986198425293e-01,5.712482333183288574e-01,-9.811553172767162323e-03,2.831280529499053955e-01,-1.492235660552978516e+00,-8.472243696451187134e-02,1.702308505773544312e-01,-1.627087593078613281e+00,-1.094147086143493652e+00,2.211562246084213257e-01,5.294575691223144531e-01,4.836630821228027344e-01,2.004871964454650879e-01,-7.709188461303710938e-01,1.027584075927734375e+00,1.901208162307739258e-01,2.108408361673355103e-01,-1.771741509437561035e-01
1.868165582418441772e-01,2.754223644733428955e-01,6.019707322120666504e-01,7.573929429054260254e-01,-8.350344896316528320e-01,-6.794006377458572388e-02,5.752261262387037277e-03,3.168486803770065308e-02,1.384993046522140503e-01,6.011146306991577148e-01,7.072917222976684570e-01,2.102515399456024170e-01,1.523615866899490356e-01,2.003381848335266113e-01,1.855001002550125122e-01,3.284022212028503418e-01,2.487760931253433228e-01,7.594376802444458008e-01,2.014963030815124512e-01,-1.002680063247680664e+00,1.710394769906997681e-01,1.907353252172470093e-01,2.615716457366943359e-01,4.267838895320892334e-01,4.327274560928344727e-01,-4.571670055389404297e+00,-4.571670055389404297e+00,1.603100001811981201e-01,1.449742466211318970e-01,2.884494364261627197e-01,5.672230124473571777e-01,7.253752350807189941e-01,3.895789086818695068e-01,2.195283919572830200e-01,1.942460238933563232e-01,2.576936781406402588e-01,2.896492481231689453e-01,6.659861207008361816e-01,-4.280574798583984375e+00,-1.450127720832824707e+00,2.017442435026168823e-01,-1.193040683865547180e-01,2.168205231428146362e-01,-1.326571404933929443e-01,6.196173429489135742e-01,7.640750408172607422e-01,-4.900530576705932617e-01,1.903028637170791626e-01,1.820439696311950684e-01,-8.200491070747375488e-01,-4.753152132034301758e-01,6.024719476699829102e-01,7.477368116378784180e-01,2.489513009786605835e-01,2.147513628005981445e-01,-3.109426975250244141e+00,1.209715306758880615e-01,2.760810554027557373e-01,6.311904788017272949e-01,7.144395112991333008e-01,2.959032952785491943e-01,5.329463630914688110e-02,-3.158313781023025513e-02,2.228816300630569458e-01,2.437085360288619995e-01,5.866926312446594238e-01,7.188373208045959473e-01,2.445645928382873535e-01,1.773556321859359741e-01,1.777903139591217041e-01,2.174658775329589844e-01,2.494081556797027588e-01,6.163838505744934082e-01,7.505400776863098145e-01,2.731558382511138916e-01,1.792340725660324097e-01,1.825252175331115723e-01,1.261499822139739990e-01,2.449926137924194336e-01,5.850670337677001953e-01,6.995162963867187500e-01,2.646640539169311523e-01,1.516297161579132080e-01,1.854127198457717896e-01,2.158912867307662964e-01,2.694056034088134766e-01,5.961535573005676270e-01,7.441951036453247070e-01,6.597231626510620117e-01,3.091787695884704590e-01,2.270576655864715576e-01,1.302953958511352539e-01,-2.919689416885375977e+00,5.820308923721313477e-01,7.009422779083251953e-01,-2.903946936130523682e-01,-1.628614187240600586e+00,2.657175064086914062e-01,-1.835962235927581787e-01,2.984337508678436279e-01,-3.567428112030029297e+00,-7.121621966361999512e-01,3.090589940547943115e-01,2.082045525312423706e-01,2.033441364765167236e-01,2.680581212043762207e-01,3.059408366680145264e-01,4.501190781593322754e-01,-1.301345467567443848e+00,-1.362333655357360840e+00,2.429145723581314087e-01,2.558307647705078125e-01,2.731846570968627930e-01,2.948521077632904053e-01,5.643554329872131348e-01,6.833333373069763184e-01,3.052112162113189697e-01,2.097192853689193726e-01,1.937448233366012573e-01
-2.484443187713623047e+00,2.463197708129882812e-01,1.163123369216918945e+00,1.374443769454956055e+00,-7.218951582908630371e-01,-4.727117717266082764e-02,1.199966520071029663e-01,1.288879066705703735e-01,1.402964442968368530e-01,1.190938949584960938e+00,1.398858308792114258e+00,9.323992580175399780e-02,-2.064632326364517212e-01,1.410993635654449463e-01,8.220501244068145752e-02,1.317427605390548706e-01,-9.090355038642883301e-01,1.445417284965515137e+00,1.207162290811538696e-01,-7.496981024742126465e-01,1.850761026144027710e-01,1.464249938726425171e-01,2.276073992252349854e-01,1.038187980651855469e+00,1.161915063858032227e+00,-3.400082349777221680e+00,-3.400082349777221680e+00,1.646950542926788330e-01,-3.195942565798759460e-02,6.093643233180046082e-02,1.080047369003295898e+00,1.430613160133361816e+00,1.122681051492691040e-01,1.695411056280136108e-01,-2.577538490295410156e-01,-1.761115640401840210e-01,3.554598614573478699e-02,1.197206974029541016e+00,-3.128322601318359375e+00,-1.157386064529418945e+00,1.388355046510696411e-01,1.113654896616935730e-01,1.623181104660034180e-01,-4.921141266822814941e-01,1.137883782386779785e+00,1.414510607719421387e+00,7.562046404927968979e-03,2.643818035721778870e-02,1.685819476842880249e-01,-6.361070871353149414e-01,-1.655515432357788086e+00,1.158499360084533691e+00,1.462945938110351562e+00,-2.699610032141208649e-02,6.600656360387802124e-02,-2.306221961975097656e+00,-9.107954055070877075e-02,-6.157365441322326660e-01,1.081192493438720703e+00,1.395555734634399414e+00,-8.694552630186080933e-02,1.382253784686326981e-02,-9.718212485313415527e-02,1.342784613370895386e-01,-1.106738671660423279e-02,1.138805270195007324e+00,1.390215396881103516e+00,2.483609318733215332e-02,4.456374049186706543e-02,-4.734440445899963379e-01,1.058911755681037903e-01,-3.664456605911254883e-01,8.467438817024230957e-01,1.401166200637817383e+00,-2.022307962179183960e-01,-5.678233504295349121e-02,7.000235468149185181e-02,-2.782612340524792671e-03,-3.790913149714469910e-02,9.824374318122863770e-01,6.337292790412902832e-01,-2.269778996706008911e-01,4.578467831015586853e-02,1.029341220855712891e-01,-1.890811324119567871e-01,-1.060257792472839355e+00,1.135707855224609375e+00,1.452317714691162109e+00,1.154551267623901367e+00,-3.496674075722694397e-02,-4.272376745939254761e-02,-3.067378997802734375e-01,-2.636040210723876953e+00,1.048770070075988770e+00,1.390797615051269531e+00,-4.611048698425292969e-01,-1.095726966857910156e+00,7.103271037340164185e-02,-5.640622377395629883e-01,-4.410379528999328613e-01,-2.505247116088867188e+00,6.668090075254440308e-02,-1.870895177125930786e-01,4.232082143425941467e-02,1.366223245859146118e-01,-1.196900010108947754e+00,-1.214870572090148926e+00,6.651473641395568848e-01,-3.993187844753265381e-01,-1.452241063117980957e+00,-2.919713594019412994e-02,-5.946085229516029358e-02,-1.013676524162292480e-01,-8.445018529891967773e-01,9.211288690567016602e-01,1.335600018501281738e+00,-5.263066291809082031e-01,3.494703769683837891e-02,-1.055988371372222900e-01
2.607032191008329391e-03,-4.054956734180450439e-01,5.440868735313415527e-01,1.442734479904174805e+00,-8.588503301143646240e-02,6.115661263465881348e-01,2.577643692493438721e-01,-7.334626317024230957e-01,-5.023939609527587891e-01,3.364152610301971436e-01,9.974471330642700195e-01,8.951068520545959473e-01,7.346928119659423828e-01,1.329307407140731812e-01,1.159103885293006897e-01,-7.302698493003845215e-01,-4.397852718830108643e-02,1.448857426643371582e+00,9.817305207252502441e-01,1.877071522176265717e-02,-7.091119289398193359e-01,-3.479085266590118408e-01,-2.123592644929885864e-01,1.530337482690811157e-01,1.183429360389709473e+00,-3.100057363510131836e+00,-3.100057363510131836e+00,4.048687592148780823e-02,2.442494630813598633e-01,-5.280815362930297852e-01,1.715399138629436493e-02,1.380605578422546387e+00,9.311311244964599609e-01,-8.522268533706665039e-01,-5.646280646324157715e-01,-1.118615746498107910e+00,-3.068308830261230469e-01,-1.280179172754287720e-01,-2.851156473159790039e+00,-7.725831270217895508e-01,-8.638826012611389160e-01,4.925156533718109131e-01,-6.484428644180297852e-01,-8.546671271324157715e-01,4.953141808509826660e-01,7.118982672691345215e-01,1.002649188041687012e+00,-6.483252644538879395e-01,6.074742078781127930e-01,-7.785527110099792480e-01,-1.350741386413574219e+00,5.512079596519470215e-01,1.384744524955749512e+00,6.787099242210388184e-01,9.196750521659851074e-01,-1.772720813751220703e+00,-8.004524707794189453e-01,-1.108141779899597168e+00,9.720308333635330200e-02,1.159713268280029297e+00,-2.352689802646636963e-01,7.977522015571594238e-01,1.785537451505661011e-01,2.481085658073425293e-01,-1.713878512382507324e-01,1.514936685562133789e-01,1.417355298995971680e+00,9.793690443038940430e-01,6.750415563583374023e-01,3.427306413650512695e-01,1.641315668821334839e-01,-2.039787545800209045e-02,1.175827026367187500e+00,4.068791568279266357e-01,-3.643903182819485664e-04,1.142537370324134827e-01,8.846970796585083008e-01,6.675443649291992188e-01,-4.440960939973592758e-03,2.351391166448593140e-01,1.435005664825439453e+00,1.058222413063049316e+00,-5.202828347682952881e-02,-2.634934186935424805e+00,-6.788612008094787598e-01,-7.905756235122680664e-01,1.360837697982788086e+00,1.436681151390075684e+00,1.401505351066589355e+00,8.178980350494384766e-01,-1.767318010330200195e+00,6.446175575256347656e-01,-3.100057363510131836e+00,8.408066630363464355e-01,1.428615331649780273e+00,2.585753798484802246e-01,-5.233814716339111328e-01,-9.011154174804687500e-01,-8.512265086174011230e-01,-7.860890626907348633e-01,-2.605954408645629883e+00,1.913948655128479004e-01,7.603715062141418457e-01,4.316647648811340332e-01,4.161506295204162598e-01,-5.172404050827026367e-01,-2.635821700096130371e-01,2.063235454261302948e-02,-9.447348713874816895e-01,-4.567121565341949463e-01,1.915930025279521942e-02,-1.971787959337234497e-01,-5.505763292312622070e-01,2.325758934020996094e-01,9.484570026397705078e-01,1.434023499488830566e+00,5.714749097824096680e-01,-3.207646608352661133e-01,-4.261245131492614746e-01
3.934931457042694092e-01,4.299352467060089111e-01,6.496971249580383301e-01,8.037129640579223633e-01,-5.598321557044982910e-01,1.531324088573455811e-01,1.843657493591308594e-01,2.611190974712371826e-01,1.104550063610076904e-01,6.435637474060058594e-01,8.387941122055053711e-01,3.831767141819000244e-01,4.636350274085998535e-01,3.050411641597747803e-01,2.415892928838729858e-01,4.873695671558380127e-01,1.364357918500900269e-01,8.684970736503601074e-01,5.284973382949829102e-01,-5.847954154014587402e-01,3.038910329341888428e-01,-1.015992984175682068e-01,3.095005154609680176e-01,6.105659008026123047e-01,5.066566467285156250e-01,-3.741244316101074219e+00,-3.741244316101074219e+00,3.006186783313751221e-01,3.237441778182983398e-01,4.187367856502532959e-01,6.809779405593872070e-01,8.777718544006347656e-01,5.095545053482055664e-01,1.433059126138687134e-01,3.698416948318481445e-01,2.136626839637756348e-01,1.555624306201934814e-01,5.928881764411926270e-01,-3.699700117111206055e+00,-1.119186878204345703e+00,1.829774081707000732e-01,4.045033454895019531e-01,4.668224230408668518e-02,-1.935692131519317627e-01,6.434552669525146484e-01,7.704142928123474121e-01,2.577456235885620117e-01,2.262896299362182617e-01,2.604764699935913086e-01,-6.056820154190063477e-01,-6.572334766387939453e-01,5.989376306533813477e-01,7.814694643020629883e-01,2.476367205381393433e-01,4.311570227146148682e-01,-2.497984647750854492e+00,1.398882418870925903e-01,9.092766791582107544e-02,3.622221350669860840e-01,6.384597420692443848e-01,3.146187961101531982e-01,3.483574688434600830e-01,6.707566231489181519e-02,3.425495028495788574e-01,1.928231418132781982e-01,5.114331841468811035e-01,8.448231220245361328e-01,4.592739343643188477e-01,2.241346538066864014e-01,2.170435190200805664e-01,1.932938247919082642e-01,3.578962385654449463e-01,5.878148674964904785e-01,8.253772258758544922e-01,3.327344655990600586e-01,3.668026328086853027e-01,1.937174499034881592e-01,3.055671155452728271e-01,3.807004392147064209e-01,-2.024362087249755859e+00,-3.741244316101074219e+00,-3.741244316101074219e+00,-5.643794536590576172e-01,1.848970204591751099e-01,5.374268442392349243e-02,2.856321036815643311e-01,6.298603415489196777e-01,7.377582192420959473e-01,7.266354560852050781e-01,1.532580554485321045e-01,1.042156219482421875e-01,4.221773706376552582e-03,-2.352874994277954102e+00,5.238104462623596191e-01,7.365507483482360840e-01,-2.458983361721038818e-01,-9.047606587409973145e-01,2.120357155799865723e-01,-3.373202085494995117e-01,1.842851191759109497e-01,-2.921422719955444336e+00,-4.493372738361358643e-01,4.042066037654876709e-01,2.354027032852172852e-01,2.475184202194213867e-01,2.906124889850616455e-01,2.490119636058807373e-01,4.148091375827789307e-01,-9.919167757034301758e-01,-9.384293556213378906e-01,2.229292690753936768e-01,2.654679119586944580e-01,3.438449501991271973e-01,2.433615624904632568e-01,6.353511214256286621e-01,7.604395747184753418e-01,2.860782444477081299e-01,1.271855980157852173e-01,1.030695810914039612e-01
2.960679531097412109e-01,1.770039349794387817e-01,2.927582263946533203e-01,6.759660840034484863e-01,-7.065938711166381836e-01,7.727301865816116333e-02,1.173857674002647400e-01,2.038498818874359131e-01,6.620658934116363525e-02,5.571245551109313965e-01,7.264930605888366699e-01,-1.307054422795772552e-02,3.575968146324157715e-01,1.331295222043991089e-01,2.319648414850234985e-01,3.228318989276885986e-01,-1.369709372520446777e+00,7.719771862030029297e-01,1.044186577200889587e-01,-8.908336758613586426e-01,3.798143267631530762e-01,1.335744857788085938e-01,1.478201895952224731e-01,3.710023462772369385e-01,1.345080286264419556e-01,-4.509510040283203125e+00,-4.509510040283203125e+00,3.811121284961700439e-01,3.214372396469116211e-01,1.341612190008163452e-01,4.774678647518157959e-01,7.438967227935791016e-01,4.683025777339935303e-01,3.216771781444549561e-01,3.028143346309661865e-01,3.279589712619781494e-01,2.774603068828582764e-01,5.738759636878967285e-01,-4.256239891052246094e+00,-1.482681274414062500e+00,2.955749928951263428e-01,9.255086630582809448e-02,2.840343713760375977e-01,-5.184649825096130371e-01,5.620409250259399414e-01,7.013244628906250000e-01,3.652667105197906494e-01,3.263427019119262695e-01,3.301510512828826904e-01,-7.533539533615112305e-01,-6.899361610412597656e-01,5.383925437927246094e-01,7.158271074295043945e-01,2.766990661621093750e-01,3.864472806453704834e-01,-3.031080722808837891e+00,-4.666724428534507751e-02,3.408366441726684570e-01,5.076082944869995117e-01,6.871249675750732422e-01,3.698637783527374268e-01,2.734076678752899170e-01,1.510592550039291382e-02,4.288254082202911377e-01,2.970167696475982666e-01,5.358034968376159668e-01,7.376170754432678223e-01,3.933550715446472168e-01,3.435653150081634521e-01,2.610622048377990723e-01,-8.183439075946807861e-02,1.418782323598861694e-01,4.289431869983673096e-01,7.000331878662109375e-01,3.379094898700714111e-01,2.843092083930969238e-01,3.174304068088531494e-01,2.376843243837356567e-01,6.952633708715438843e-02,5.410688519477844238e-01,6.868872046470642090e-01,2.964596748352050781e-01,2.014876604080200195e-01,3.202659487724304199e-01,2.610425651073455811e-01,-2.052084207534790039e-01,4.995850324630737305e-01,7.658219337463378906e-01,6.962423324584960938e-01,3.727080225944519043e-01,3.481763005256652832e-01,2.256983220577239990e-01,-3.222651481628417969e+00,5.663574337959289551e-01,7.211012244224548340e-01,-2.206031829118728638e-01,-8.980053663253784180e-01,2.963100671768188477e-01,-2.990820109844207764e-01,-1.569563746452331543e-01,-3.543496370315551758e+00,-7.050037384033203125e-01,3.631915450096130371e-01,2.932193279266357422e-01,2.506658434867858887e-01,2.841648161411285400e-01,8.170386403799057007e-02,3.896597325801849365e-01,-1.394709944725036621e+00,-1.318591237068176270e+00,3.005371987819671631e-01,3.504621982574462891e-01,3.445533812046051025e-01,1.776478141546249390e-01,5.108420848846435547e-01,7.149350047111511230e-01,3.544144928455352783e-01,2.546931505203247070e-01,1.613997817039489746e-01
5.421378016471862793e-01,5.637850761413574219e-01,6.669188737869262695e-01,6.643103361129760742e-01,-3.682225644588470459e-01,3.646026551723480225e-01,4.539546072483062744e-01,4.256000816822052002e-01,4.263761341571807861e-01,6.728959679603576660e-01,6.796638369560241699e-01,4.715144336223602295e-01,5.578370690345764160e-01,5.678279995918273926e-01,5.121278166770935059e-01,5.458168387413024902e-01,-8.044032454490661621e-01,6.870855689048767090e-01,5.876691341400146484e-01,-3.758530914783477783e-01,-1.648502469062805176e+00,5.320647358894348145e-01,3.272773623466491699e-01,5.328966379165649414e-01,4.635935723781585693e-01,-3.275668859481811523e+00,-3.275668859481811523e+00,5.399551987648010254e-02,-1.661041021347045898e+00,-2.200830698013305664e+00,5.934870243072509766e-01,-4.984517991542816162e-01,-2.649497270584106445e+00,-1.838315278291702271e-01,4.846194982528686523e-01,5.288074612617492676e-01,2.870265245437622070e-01,-1.420526742935180664e+00,-3.275668859481811523e+00,-1.948944211006164551e+00,5.404295921325683594e-01,5.096797943115234375e-01,5.184232592582702637e-01,1.393966227769851685e-01,6.005239486694335938e-01,5.549649596214294434e-01,-2.241902351379394531e+00,-2.604461908340454102e+00,5.253739356994628906e-01,-3.157570362091064453e-01,-1.105129644274711609e-01,6.142668128013610840e-01,6.546155214309692383e-01,4.995930194854736328e-01,5.451109409332275391e-01,-2.135854721069335938e+00,4.070663154125213623e-01,5.236297249794006348e-01,6.217491030693054199e-01,6.623641848564147949e-01,5.143080949783325195e-01,5.120846629142761230e-01,3.999287188053131104e-01,5.227071642875671387e-01,5.169423222541809082e-01,6.368674039840698242e-01,6.731441617012023926e-01,5.441130399703979492e-01,5.146726965904235840e-01,5.286483168601989746e-01,5.528014302253723145e-01,-1.094705343246459961e+00,6.535868644714355469e-01,-4.027448296546936035e-01,4.825192987918853760e-01,5.288965106010437012e-01,5.047690868377685547e-01,-1.840733647346496582e+00,5.127761363983154297e-01,6.292882561683654785e-01,6.415744423866271973e-01,4.532124102115631104e-01,5.020218491554260254e-01,5.108385682106018066e-01,5.146110653877258301e-01,4.885648488998413086e-01,6.219298243522644043e-01,6.612088084220886230e-01,-1.844497770071029663e-01,5.355359911918640137e-01,5.209373235702514648e-01,4.979854524135589600e-01,-1.974526524543762207e+00,6.218168735504150391e-01,6.948513388633728027e-01,4.309230297803878784e-02,-4.348348677158355713e-01,5.404261946678161621e-01,1.472140848636627197e-01,4.044252336025238037e-01,-2.521332263946533203e+00,-4.093381166458129883e-01,5.260465741157531738e-01,5.111757516860961914e-01,5.161227583885192871e-01,-1.437881827354431152e+00,4.909166693687438965e-01,5.418783426284790039e-01,-8.474146127700805664e-01,-7.765094637870788574e-01,5.286825299263000488e-01,5.495783686637878418e-01,-7.185410261154174805e-01,4.796060919761657715e-01,-1.422886371612548828e+00,6.417405009269714355e-01,5.240675806999206543e-01,5.238727927207946777e-01,4.884296357631683350e-01
5.283682942390441895e-01,1.841364949941635132e-01,2.461054027080535889e-01,1.364518046379089355e+00,-1.908662021160125732e-01,5.542914271354675293e-01,5.730003118515014648e-01,4.003936946392059326e-01,2.067926526069641113e-01,5.840741395950317383e-01,1.317089319229125977e+00,9.593616127967834473e-01,6.228462457656860352e-01,4.847909510135650635e-01,4.243156015872955322e-01,2.481007426977157593e-01,3.675208091735839844e-01,1.421071529388427734e+00,8.132603168487548828e-01,7.185470312833786011e-02,2.402446120977401733e-01,6.368620693683624268e-02,4.098080396652221680e-01,-1.093923375010490417e-01,9.992208480834960938e-01,-2.263664007186889648e+00,-2.263664007186889648e+00,-1.213865131139755249e-01,-2.800551354885101318e-01,7.756858319044113159e-02,-3.131974637508392334e-01,1.121165156364440918e+00,9.872099757194519043e-01,2.227866463363170624e-02,7.488046884536743164e-01,5.422710180282592773e-01,6.867431402206420898e-01,7.820256352424621582e-01,-2.068643808364868164e+00,-4.941041171550750732e-01,1.658624708652496338e-01,6.892022490501403809e-01,2.866753041744232178e-01,-8.003187179565429688e-01,5.686977505683898926e-01,1.209036350250244141e+00,7.256200909614562988e-01,2.646619379520416260e-01,5.851309895515441895e-01,-3.100710809230804443e-01,-2.878077626228332520e-01,-5.395009517669677734e-01,7.156447768211364746e-01,1.957699358463287354e-01,7.207868099212646484e-01,-1.241855978965759277e+00,5.354226380586624146e-02,3.217464983463287354e-01,7.574659585952758789e-01,1.068178415298461914e+00,7.951418161392211914e-01,5.666815638542175293e-01,4.359223544597625732e-01,6.363850235939025879e-01,1.031915321946144104e-01,4.335694611072540283e-01,1.352699279785156250e+00,8.423039317131042480e-01,6.930907368659973145e-01,2.514056563377380371e-01,4.099273681640625000e-01,-3.887657523155212402e-01,-2.047788649797439575e-01,6.133812665939331055e-01,-2.263664007186889648e+00,-2.263664007186889648e+00,-2.263664007186889648e+00,5.873469114303588867e-01,5.209163427352905273e-01,5.192098617553710938e-01,1.261293053627014160e+00,3.762191236019134521e-01,5.739392042160034180e-01,4.742492139339447021e-01,2.684858143329620361e-01,-3.424760997295379639e-01,8.230919241905212402e-01,1.244641900062561035e+00,1.386758804321289062e+00,3.445115983486175537e-01,3.296301960945129395e-01,3.654296398162841797e-01,-1.474301099777221680e+00,3.193483948707580566e-01,1.341784596443176270e+00,-1.470333151519298553e-02,-6.473432183265686035e-01,3.185528889298439026e-02,-8.335487246513366699e-01,-2.263664007186889648e+00,-1.673249363899230957e+00,2.571407854557037354e-01,-1.395915985107421875e+00,-2.263664007186889648e+00,-7.514343261718750000e-01,-9.176815152168273926e-01,1.505494769662618637e-02,-1.281467732042074203e-02,-2.263664007186889648e+00,-5.991373062133789062e-01,-2.183922767639160156e+00,-2.263664007186889648e+00,-2.183922767639160156e+00,3.324509859085083008e-01,1.483705043792724609e-01,-2.263664007186889648e+00,-1.625294983386993408e-02,-2.024440526962280273e+00,2.215887233614921570e-02
3.903259932994842529e-01,2.786763012409210205e-01,5.613892674446105957e-01,5.941617488861083984e-01,-8.348212838172912598e-01,1.048545539379119873e-01,7.404714077711105347e-02,2.248280048370361328e-01,5.744930356740951538e-02,5.693165659904479980e-01,6.545482277870178223e-01,3.165013492107391357e-01,3.713408410549163818e-01,3.583310246467590332e-01,2.457351088523864746e-01,1.134735643863677979e-01,4.304898157715797424e-02,6.992788910865783691e-01,-5.680106878280639648e-01,-9.575265049934387207e-01,3.147228062152862549e-01,3.008084595203399658e-01,2.866907417774200439e-01,4.368656575679779053e-01,6.508741527795791626e-02,-4.603951454162597656e+00,-4.603951454162597656e+00,3.434676826000213623e-01,2.696781456470489502e-01,2.492612600326538086e-01,4.581378400325775146e-01,4.924573302268981934e-01,2.559372186660766602e-01,2.236507534980773926e-01,3.013474345207214355e-01,2.684854269027709961e-01,2.143840640783309937e-01,8.170587569475173950e-02,-4.318033218383789062e+00,-1.503913402557373047e+00,2.716113626956939697e-01,2.892045974731445312e-01,2.550139725208282471e-01,-3.685156106948852539e-01,4.889494776725769043e-01,6.798532009124755859e-01,2.204325050115585327e-01,2.858701348304748535e-01,2.554193735122680664e-01,-7.641576528549194336e-01,-6.035477519035339355e-01,5.075362920761108398e-01,6.720969676971435547e-01,2.464798092842102051e-01,3.267835974693298340e-01,-3.126310110092163086e+00,1.839684396982192993e-01,1.987404078245162964e-01,4.552935659885406494e-01,6.222603321075439453e-01,1.743516623973846436e-01,2.620930075645446777e-01,1.215062811970710754e-01,2.621656358242034912e-01,2.262620925903320312e-01,5.204945206642150879e-01,7.021142244338989258e-01,2.567550241947174072e-01,3.093332946300506592e-01,3.364144265651702881e-01,2.819943726062774658e-01,1.578363180160522461e-01,5.127149224281311035e-01,7.161831855773925781e-01,2.752176523208618164e-01,4.126386046409606934e-01,3.118452727794647217e-01,2.765509486198425293e-01,2.297512143850326538e-01,5.107114315032958984e-01,7.188920378684997559e-01,3.340425789356231689e-01,3.653303682804107666e-01,3.057738542556762695e-01,2.068035900592803955e-01,2.004392743110656738e-01,5.216591358184814453e-01,6.991453170776367188e-01,6.994733810424804688e-01,2.783131003379821777e-01,2.759042084217071533e-01,-3.118155300617218018e-01,-3.076002597808837891e+00,5.032082796096801758e-01,6.902924180030822754e-01,-4.062937796115875244e-01,-1.012410044670104980e+00,3.142869472503662109e-01,-1.558907330036163330e-01,2.425735741853713989e-01,-3.628484249114990234e+00,-7.213672399520874023e-01,3.687398135662078857e-01,3.402597308158874512e-01,2.536994218826293945e-01,1.945600062608718872e-01,1.655386388301849365e-01,4.188810586929321289e-01,-1.349948883056640625e+00,-1.355785965919494629e+00,3.640907704830169678e-01,3.440886437892913818e-01,2.855162918567657471e-01,2.463181167840957642e-01,5.260550975799560547e-01,6.595675349235534668e-01,2.642534971237182617e-01,1.226943209767341614e-01,3.238943517208099365e-01
1.554880291223526001e-01,4.531151056289672852e-01,6.103793382644653320e-01,6.687635779380798340e-01,-9.120851159095764160e-01,5.400947108864784241e-02,1.899390369653701782e-01,1.736647337675094604e-01,1.648580729961395264e-01,6.426886320114135742e-01,6.759783625602722168e-01,-5.111229047179222107e-02,3.731673061847686768e-01,3.526410162448883057e-01,1.875370144844055176e-01,3.475552797317504883e-01,7.195907086133956909e-02,6.686260104179382324e-01,3.884602785110473633e-01,-7.630772590637207031e-01,2.331320643424987793e-01,3.108132183551788330e-01,2.968020439147949219e-01,4.923225343227386475e-01,3.301625251770019531e-01,-4.627479553222656250e+00,-4.627479553222656250e+00,3.704748749732971191e-01,3.163247406482696533e-01,3.767965435981750488e-01,4.523791968822479248e-01,6.278921961784362793e-01,3.676841855049133301e-01,2.885596454143524170e-01,4.062103033065795898e-01,3.675531446933746338e-01,2.116558700799942017e-01,5.795309543609619141e-01,-4.334440231323242188e+00,-1.545638322830200195e+00,1.944923847913742065e-01,4.698248580098152161e-02,2.262863218784332275e-01,-3.415586352348327637e-01,5.578167438507080078e-01,6.098858714103698730e-01,3.249296247959136963e-01,4.618147611618041992e-01,4.536304473876953125e-01,-6.803627610206604004e-01,-6.710255146026611328e-01,6.039943695068359375e-01,6.785070300102233887e-01,2.839259207248687744e-01,4.325734972953796387e-01,-3.065770626068115234e+00,1.899612993001937866e-01,2.964338660240173340e-01,1.998859941959381104e-01,4.050682485103607178e-01,2.226614654064178467e-01,1.916907578706741333e-01,-2.419274449348449707e-01,2.924814820289611816e-01,3.061816990375518799e-01,6.318315267562866211e-01,6.120803952217102051e-01,2.717935740947723389e-01,1.216021552681922913e-01,4.119629040360450745e-03,1.480859331786632538e-02,3.297934830188751221e-01,4.409281611442565918e-01,5.380699634552001953e-01,1.885091811418533325e-01,4.863917231559753418e-01,3.461184501647949219e-01,3.158683478832244873e-01,4.753468334674835205e-01,6.721853613853454590e-01,6.158908605575561523e-01,-1.352989673614501953e-01,1.996261328458786011e-01,-2.838775515556335449e-01,1.812900304794311523e-01,4.109536856412887573e-02,6.806229948997497559e-01,7.701613306999206543e-01,6.958976387977600098e-01,3.905098736286163330e-01,3.104550838470458984e-01,-2.536955773830413818e-01,-2.951781988143920898e+00,6.254355907440185547e-01,5.708378553390502930e-01,-3.180254399776458740e-01,-8.776218891143798828e-01,4.449111223220825195e-01,-2.168512940406799316e-01,2.976326942443847656e-01,-3.627501249313354492e+00,-7.087545990943908691e-01,2.249695807695388794e-01,1.182327866554260254e-01,1.219414994120597839e-01,1.155342310667037964e-01,1.430718004703521729e-01,3.622150123119354248e-01,-1.392370104789733887e+00,-1.404209852218627930e+00,-9.779300540685653687e-03,1.479347944259643555e-01,1.567742079496383667e-01,2.896082587540149689e-02,4.253434538841247559e-01,7.276238799095153809e-01,3.240483105182647705e-01,4.446512758731842041e-01,2.402813285589218140e-01
4.021210670471191406e-01,4.133536517620086670e-01,5.845046043395996094e-01,7.430453896522521973e-01,-7.325194478034973145e-01,-1.356434226036071777e-01,1.120158135890960693e-01,2.268243730068206787e-01,2.082870453596115112e-01,5.098605155944824219e-01,7.372452616691589355e-01,3.647691309452056885e-01,-2.667675912380218506e-01,4.082422852516174316e-01,3.011792004108428955e-01,3.129884600639343262e-01,2.162738740444183350e-01,7.655991911888122559e-01,4.262113571166992188e-01,-9.115500450134277344e-01,3.872232735157012939e-01,3.019822239875793457e-01,3.769017755985260010e-01,4.254455268383026123e-01,5.752488225698471069e-02,-4.523090839385986328e+00,-4.523090839385986328e+00,3.837750852108001709e-01,2.571182548999786377e-01,3.516253232955932617e-01,4.775668084621429443e-01,6.942637562751770020e-01,4.133558869361877441e-01,3.396286666393280029e-01,3.410792648792266846e-01,3.133011758327484131e-01,3.864791393280029297e-01,5.895738601684570312e-01,-4.234591007232666016e+00,-1.399567723274230957e+00,2.621100544929504395e-01,2.856293916702270508e-01,-1.588908284902572632e-01,-2.932833433151245117e-01,5.705612897872924805e-01,7.210452556610107422e-01,-1.020957902073860168e-01,-5.561827123165130615e-02,3.519552946090698242e-01,-1.904248356819152832e+00,-5.513141155242919922e-01,4.882546067237854004e-01,6.889863014221191406e-01,3.171369135379791260e-01,-4.679683446884155273e-01,-3.038864612579345703e+00,3.353168070316314697e-01,3.526019752025604248e-01,4.970754683017730713e-01,6.906805038452148438e-01,8.178126066923141479e-02,2.563187777996063232e-01,1.628304570913314819e-01,3.121097087860107422e-01,2.499849498271942139e-01,4.769688546657562256e-01,6.850553750991821289e-01,3.117664456367492676e-01,-2.357627898454666138e-01,2.236507982015609741e-01,2.976946830749511719e-01,3.074346184730529785e-01,-1.143059283494949341e-01,7.064951658248901367e-01,2.296037226915359497e-01,-3.250198066234588623e-02,2.374457269906997681e-01,2.173590511083602905e-01,2.979648709297180176e-01,5.002379417419433594e-01,6.843643784523010254e-01,3.142654299736022949e-01,5.255968496203422546e-02,3.306173682212829590e-01,-4.963213205337524414e-02,2.373549193143844604e-01,5.464926958084106445e-01,7.305548787117004395e-01,6.971361637115478516e-01,2.762083709239959717e-01,2.662979066371917725e-01,1.147101297974586487e-01,-2.869771003723144531e+00,4.731685519218444824e-01,6.462351083755493164e-01,-2.687164545059204102e-01,-1.207510709762573242e+00,3.021970391273498535e-01,-4.972966909408569336e-01,3.053705990314483643e-01,-3.546003341674804688e+00,-7.386052608489990234e-01,3.795407116413116455e-01,3.816645443439483643e-01,3.519783318042755127e-01,3.128489553928375244e-01,3.595846891403198242e-01,3.851481676101684570e-01,-1.332402467727661133e+00,-1.324237227439880371e+00,3.111596405506134033e-01,3.451785445213317871e-01,3.469945490360260010e-01,2.685501873493194580e-01,5.053404569625854492e-01,6.761791110038757324e-01,3.588870763778686523e-01,2.846748828887939453e-01,3.251649439334869385e-01
7.846190035343170166e-02,-1.420527696609497070e-01,3.964435756206512451e-01,1.293930888175964355e+00,-4.264352619647979736e-01,6.283558607101440430e-01,-3.783021122217178345e-02,-1.674712598323822021e-01,-2.377251386642456055e-01,3.662369251251220703e-01,1.297441840171813965e+00,9.219419360160827637e-01,8.386445045471191406e-01,4.325571358203887939e-01,2.151766270399093628e-01,-2.556141018867492676e-01,2.639780938625335693e-01,1.425796866416931152e+00,9.607137441635131836e-01,-4.362921789288520813e-02,2.032422721385955811e-01,-1.856346279382705688e-01,-1.370423194020986557e-02,3.103038370609283447e-01,7.472118735313415527e-01,-2.941260814666748047e+00,-2.941260814666748047e+00,2.445575743913650513e-01,2.717900276184082031e-01,-2.961852848529815674e-01,1.561075598001480103e-01,1.183057665824890137e+00,8.268343806266784668e-01,-7.957513332366943359e-01,-1.872507184743881226e-01,-8.962647318840026855e-01,-3.379032611846923828e-01,-1.054837405681610107e-01,-2.699090242385864258e+00,-6.431255936622619629e-01,-2.687207162380218506e-01,3.407637774944305420e-01,8.746432512998580933e-02,-3.013451695442199707e-01,3.666031360626220703e-01,6.699670553207397461e-01,7.642248272895812988e-01,-2.406129837036132812e-01,5.658534765243530273e-01,-4.056573510169982910e-01,-1.042759418487548828e+00,6.519804596900939941e-01,1.078348278999328613e+00,7.199804782867431641e-01,9.985235333442687988e-01,-1.739726543426513672e+00,-5.425156354904174805e-01,-3.426021635532379150e-01,1.891142427921295166e-01,1.245030641555786133e+00,-4.729942381381988525e-01,8.592839241027832031e-01,1.331888288259506226e-01,5.107275247573852539e-01,-2.482543736696243286e-01,3.068858087062835693e-01,1.191934347152709961e+00,8.535865545272827148e-01,5.793955326080322266e-01,5.062071681022644043e-01,4.797246456146240234e-01,5.913065746426582336e-02,1.208742141723632812e+00,6.535564661026000977e-01,3.251147642731666565e-02,6.151472330093383789e-01,9.156979918479919434e-01,7.063301801681518555e-01,2.274309247732162476e-01,3.226459622383117676e-01,1.376794695854187012e+00,1.001044034957885742e+00,1.296723932027816772e-01,-3.483960628509521484e-01,-4.382745027542114258e-01,-5.370241999626159668e-01,5.069432258605957031e-01,1.441850423812866211e+00,1.400535106658935547e+00,8.179412484169006348e-01,-6.936072707176208496e-01,7.528115510940551758e-01,-2.060721874237060547e+00,9.652541279792785645e-01,7.382440567016601562e-01,2.733558416366577148e-01,-7.708575725555419922e-01,-5.087451934814453125e-01,-8.930077552795410156e-01,-5.494574308395385742e-01,-2.467461347579956055e+00,2.027667313814163208e-01,9.680563211441040039e-01,3.442710936069488525e-01,4.220869243144989014e-01,-3.432664573192596436e-01,1.272491514682769775e-01,8.138181269168853760e-02,-8.204938769340515137e-01,-3.029794692993164062e-01,2.419922202825546265e-01,-6.142817810177803040e-02,-4.234891235828399658e-01,-2.941260814666748047e+00,-2.941260814666748047e+00,-2.941260814666748047e+00,-2.941260814666748047e+00,-1.489271223545074463e-01,-6.029745340347290039e-01
-2.219700217247009277e-01,5.741226077079772949e-01,3.766538202762603760e-01,1.045120358467102051e+00,-1.466056704521179199e-01,5.910223126411437988e-01,1.629714965820312500e-01,5.253487229347229004e-01,1.540132761001586914e-01,-5.191001296043395996e-01,1.079596877098083496e+00,7.647992968559265137e-01,5.621930956840515137e-01,5.794106125831604004e-01,-7.897438853979110718e-02,6.628940105438232422e-01,6.808426380157470703e-01,1.115219235420227051e+00,7.927228808403015137e-01,-3.267652392387390137e-01,-8.101079463958740234e-01,7.282145023345947266e-01,-1.947173476219177246e-01,7.721757888793945312e-01,5.518062114715576172e-01,-3.232734441757202148e+00,-3.232734441757202148e+00,8.402605652809143066e-01,6.318886876106262207e-01,3.208261728286743164e-02,1.017425656318664551e+00,1.086548328399658203e+00,1.287234574556350708e-01,4.770161509513854980e-01,5.713150501251220703e-01,9.813807159662246704e-02,-1.161443591117858887e+00,1.117136925458908081e-01,-2.994573354721069336e+00,-8.149856925010681152e-01,3.582350909709930420e-01,1.151305288076400757e-01,6.747982501983642578e-01,-4.767860174179077148e-01,8.885048031806945801e-01,1.052125453948974609e+00,7.418603897094726562e-01,7.686488628387451172e-01,8.187642693519592285e-01,-1.039972901344299316e-01,-1.373571634292602539e+00,-9.974508285522460938e-01,4.350257217884063721e-01,7.834569215774536133e-01,8.235986828804016113e-01,-2.138466119766235352e+00,9.963531792163848877e-02,-2.139154911041259766e+00,-1.938612312078475952e-01,1.044606328010559082e+00,6.817963719367980957e-01,8.261535763740539551e-01,2.884114086627960205e-01,2.106947451829910278e-01,-9.959674477577209473e-01,6.736316084861755371e-01,1.102997303009033203e+00,6.053380966186523438e-01,-6.711480021476745605e-02,7.157034277915954590e-01,5.998319983482360840e-01,3.471883535385131836e-01,-1.632730484008789062e+00,3.402871489524841309e-01,3.349316716194152832e-01,3.206827342510223389e-01,8.142898082733154297e-01,6.925090551376342773e-01,-8.265015482902526855e-01,-8.672976493835449219e-01,1.252148896455764771e-01,5.917835831642150879e-01,5.949473381042480469e-01,-1.230320453643798828e+00,-3.588963449001312256e-01,-5.957661271095275879e-01,8.067775964736938477e-01,1.115735054016113281e+00,9.992873072624206543e-01,7.448884844779968262e-01,7.436681985855102539e-01,-1.849226951599121094e+00,-2.998978376388549805e+00,-1.025173306465148926e+00,1.100113511085510254e+00,-3.021446168422698975e-01,-4.304623603820800781e-01,5.336086750030517578e-01,-1.196901559829711914e+00,-2.488547116518020630e-01,-2.913886308670043945e+00,-9.388524293899536133e-02,8.340327143669128418e-01,8.213606476783752441e-01,3.525742888450622559e-01,-4.146901965141296387e-01,-6.136015653610229492e-01,-1.501736640930175781e+00,-1.359966516494750977e+00,-1.576408028602600098e+00,4.246990382671356201e-01,3.098090887069702148e-01,3.118913769721984863e-01,-1.854839175939559937e-01,-4.871853888034820557e-01,9.740279912948608398e-01,6.771401762962341309e-01,-5.208898782730102539e-01,-4.825672805309295654e-01
1.493142102845013142e-03,2.000453770160675049e-01,7.154673337936401367e-01,6.750605106353759766e-01,-6.803888678550720215e-01,2.521117776632308960e-02,1.932577639818191528e-01,3.072480559349060059e-01,1.307610124349594116e-01,7.669805884361267090e-01,7.436287999153137207e-01,9.234180301427841187e-02,3.667487204074859619e-01,4.252991676330566406e-01,1.053238362073898315e-01,2.678753137588500977e-01,4.750457033514976501e-02,5.382176041603088379e-01,5.672042369842529297e-01,-7.440593838691711426e-01,-2.188023878261446953e-03,4.215167462825775146e-02,4.118846356868743896e-01,6.201177835464477539e-01,4.439231455326080322e-01,-4.318280696868896484e+00,-4.318280696868896484e+00,1.012894436717033386e-01,7.479763776063919067e-02,5.978546142578125000e-01,7.267457842826843262e-01,8.727318048477172852e-01,5.298862457275390625e-01,5.584588050842285156e-01,3.822914063930511475e-01,5.004306435585021973e-01,-1.390225291252136230e-01,6.885958909988403320e-01,-4.318280696868896484e+00,-1.533248901367187500e+00,6.484695523977279663e-02,5.074175000190734863e-01,1.682321280241012573e-01,-1.549260020256042480e-01,6.398388147354125977e-01,4.630652070045471191e-01,1.435383260250091553e-01,2.192734330892562866e-01,4.550358653068542480e-01,-7.243845462799072266e-01,-7.285271883010864258e-01,6.183181405067443848e-01,6.862487196922302246e-01,3.594660758972167969e-01,5.821588039398193359e-01,-2.841012954711914062e+00,4.908176362514495850e-01,3.138301074504852295e-01,1.669522225856781006e-01,-1.286270976066589355e+00,-3.715379834175109863e-01,4.065157771110534668e-01,-2.156138420104980469e-01,4.284895062446594238e-01,1.430617719888687134e-01,7.701101303100585938e-01,6.772629022598266602e-01,3.270298838615417480e-01,1.403160989284515381e-01,-2.163270115852355957e-01,3.528483808040618896e-01,3.877009451389312744e-01,1.026360616087913513e-01,6.464837789535522461e-01,1.228080093860626221e-01,4.274659156799316406e-01,2.676257193088531494e-01,4.397490620613098145e-01,5.969505906105041504e-01,7.678007483482360840e-01,8.951208591461181641e-01,-3.833434730768203735e-02,2.912376224994659424e-01,-1.396685540676116943e-01,5.969673395156860352e-01,3.567371964454650879e-01,7.661352753639221191e-01,8.329856991767883301e-01,5.915116667747497559e-01,-3.841657191514968872e-02,5.160314589738845825e-02,-4.504617452621459961e-01,-2.631725549697875977e+00,7.356980443000793457e-01,6.349410414695739746e-01,-1.505085974931716919e-01,-8.874000310897827148e-01,2.368025034666061401e-01,-4.444405734539031982e-01,-1.617010235786437988e-01,-3.746051311492919922e+00,-1.982982516288757324e+00,3.471703529357910156e-01,5.689940974116325378e-02,2.669322788715362549e-01,-4.188672453165054321e-02,-9.539808332920074463e-02,6.802569627761840820e-01,-1.116979360580444336e+00,-1.055603504180908203e+00,-4.019946977496147156e-02,2.192335873842239380e-01,2.503902912139892578e-01,4.802439808845520020e-01,6.943095326423645020e-01,8.981014490127563477e-01,-5.577363446354866028e-02,2.671197950839996338e-01,-8.523974567651748657e-02
4.564077556133270264e-01,2.320292592048645020e-01,3.846409618854522705e-01,7.501646876335144043e-01,-1.256287246942520142e-01,6.301663517951965332e-01,3.983645439147949219e-01,4.019984602928161621e-01,-1.776131689548492432e-01,-2.532679736614227295e-01,1.037311553955078125e+00,7.769491672515869141e-01,1.304835379123687744e-01,5.197988748550415039e-01,3.204990550875663757e-02,5.337131023406982422e-01,6.395308375358581543e-01,1.088384151458740234e+00,7.777373790740966797e-01,-3.306517302989959717e-01,-2.441515922546386719e-01,3.143905699253082275e-01,4.509409070014953613e-01,8.087925314903259277e-01,2.282259166240692139e-01,-3.013343095779418945e+00,-3.013343095779418945e+00,8.133150339126586914e-01,5.444073081016540527e-01,1.325097680091857910e-01,8.181049227714538574e-01,1.075944423675537109e+00,8.026307821273803711e-01,6.062192916870117188e-01,7.712391614913940430e-01,6.273933649063110352e-01,2.353682219982147217e-01,5.606605485081672668e-02,-2.788637399673461914e+00,-6.336429715156555176e-01,6.152758598327636719e-01,6.913226246833801270e-01,5.770598053932189941e-01,-1.228235512971878052e-01,8.072413206100463867e-01,4.572863280773162842e-01,6.604262590408325195e-01,2.866511344909667969e-01,6.346147656440734863e-01,-7.524349093437194824e-01,-6.119390726089477539e-01,-3.851855695247650146e-01,6.031400561332702637e-01,8.111027479171752930e-01,6.938454508781433105e-01,-1.958807945251464844e+00,7.828401923179626465e-01,-5.374435186386108398e-01,-2.211449146270751953e-01,8.522784709930419922e-01,2.221123427152633667e-01,8.676313161849975586e-01,6.675526499748229980e-01,7.969706654548645020e-01,-1.201844736933708191e-01,6.146380901336669922e-01,1.089476943016052246e+00,4.513853490352630615e-01,2.197609245777130127e-01,2.270550280809402466e-01,7.247620820999145508e-01,2.649671435356140137e-01,-1.068068504333496094e+00,1.062468215823173523e-01,6.539835333824157715e-01,3.504840433597564697e-01,-1.188009902834892273e-01,1.956052631139755249e-01,-2.167061418294906616e-01,-5.655118227005004883e-01,-7.181202620267868042e-02,7.742496132850646973e-01,5.519943833351135254e-01,-3.268500566482543945e-01,-6.385026872158050537e-02,-5.066316202282905579e-02,-2.646048963069915771e-01,1.114627122879028320e+00,7.667150497436523438e-01,7.086917757987976074e-01,-8.636102080345153809e-01,-9.430620670318603516e-01,-2.356601953506469727e+00,-9.387843310832977295e-03,3.989674150943756104e-01,3.467271924018859863e-01,-3.136463463306427002e-01,3.930166065692901611e-01,-3.948995172977447510e-01,8.663390576839447021e-02,-2.525434970855712891e+00,-4.086251556873321533e-02,8.239095211029052734e-01,6.851060986518859863e-01,1.564259380102157593e-01,6.096366643905639648e-01,-2.470763474702835083e-01,-3.640795648097991943e-01,-1.669980287551879883e+00,-1.758832216262817383e+00,5.790295600891113281e-01,2.298170030117034912e-01,2.072327584028244019e-02,-3.013343095779418945e+00,-3.013343095779418945e+00,-3.013343095779418945e+00,-3.013343095779418945e+00,7.658314704895019531e-01,-4.351404607295989990e-01
4.790632128715515137e-01,4.775143265724182129e-01,4.765571653842926025e-01,5.029152035713195801e-01,-1.127692222595214844e+00,2.012449502944946289e-01,2.291813790798187256e-01,3.265103995800018311e-01,3.752031326293945312e-01,4.828129112720489502e-01,4.984554052352905273e-01,4.687608182430267334e-01,2.697227299213409424e-01,4.976083040237426758e-01,4.147682487964630127e-01,-1.662982255220413208e-01,-2.612108886241912842e-01,-2.745989896357059479e-02,5.046904087066650391e-01,-8.069710135459899902e-01,-1.275769025087356567e-01,-9.607384800910949707e-01,4.631250500679016113e-01,-5.870528817176818848e-01,1.514841914176940918e-01,-4.537008285522460938e+00,-4.537008285522460938e+00,4.188405871391296387e-01,1.311024278402328491e-01,-5.490831732749938965e-01,4.788410365581512451e-01,5.196248888969421387e-01,5.137781500816345215e-01,4.240279197692871094e-01,4.699650406837463379e-01,3.705747425556182861e-01,4.686321020126342773e-01,4.934682548046112061e-01,-4.270498275756835938e+00,-1.357803463935852051e+00,4.773876667022705078e-01,4.468501210212707520e-01,4.486979842185974121e-01,-3.109662532806396484e-01,4.895628094673156738e-01,5.160454511642456055e-01,4.699364006519317627e-01,-4.589288681745529175e-02,1.555519849061965942e-01,-1.013282299041748047e+00,-4.063410758972167969e-01,3.792451918125152588e-01,4.735528230667114258e-01,6.061067432165145874e-02,4.736151099205017090e-01,-3.032471179962158203e+00,-2.158135771751403809e-01,3.964344859123229980e-01,4.276289641857147217e-01,4.791088700294494629e-01,4.948344230651855469e-01,4.525992572307586670e-01,-3.292294451966881752e-03,4.809899628162384033e-01,4.209031462669372559e-01,4.658353924751281738e-01,3.996111750602722168e-01,4.923678338527679443e-01,1.349488943815231323e-01,4.183016121387481689e-01,4.689414501190185547e-01,5.910331383347511292e-02,4.162336587905883789e-01,4.687712192535400391e-01,4.072372317314147949e-01,4.043533205986022949e-01,4.130777418613433838e-01,3.979730010032653809e-01,4.764284193515777588e-01,4.676417112350463867e-01,4.846981465816497803e-01,5.140555500984191895e-01,2.765120863914489746e-01,3.850669860839843750e-01,4.049284458160400391e-01,4.243040680885314941e-01,4.396205842494964600e-01,4.993481934070587158e-01,5.110998153686523438e-01,2.605851590633392334e-01,4.083771109580993652e-01,2.317202240228652954e-01,-2.847414493560791016e+00,2.425238043069839478e-01,4.920501708984375000e-01,-1.699279248714447021e-01,-1.143904447555541992e+00,1.424566358327865601e-01,-8.789838552474975586e-01,3.643957972526550293e-01,-3.594345092773437500e+00,-8.820484280586242676e-01,4.716011285781860352e-01,4.947845935821533203e-01,4.887921214103698730e-01,5.074912905693054199e-01,1.994041502475738525e-01,1.815603971481323242e-01,-1.444100975990295410e+00,-1.221775531768798828e+00,4.771322906017303467e-01,4.909663796424865723e-01,4.743708670139312744e-01,4.828565120697021484e-01,2.452250123023986816e-01,5.089820027351379395e-01,4.659454226493835449e-01,4.917138218879699707e-01,-7.846102118492126465e-02
3.251602947711944580e-01,3.915111720561981201e-01,2.544638812541961670e-01,3.059527277946472168e-01,-8.721504807472229004e-01,1.001136228442192078e-01,1.169521659612655640e-01,2.407519519329071045e-01,2.185070514678955078e-01,3.631812036037445068e-01,2.950951457023620605e-01,4.153583645820617676e-01,4.185276925563812256e-01,3.337011039257049561e-01,2.988238334655761719e-01,3.563202321529388428e-01,1.168153733015060425e-01,2.669385671615600586e-01,3.196384906768798828e-01,-8.683342337608337402e-01,3.244000971317291260e-01,-1.097803592681884766e+00,3.591915667057037354e-01,-7.439655065536499023e-01,2.743968069553375244e-01,-4.605040073394775391e+00,-4.605040073394775391e+00,4.123558998107910156e-01,9.089320152997970581e-02,-6.143986582756042480e-01,4.425513148307800293e-01,3.987189233303070068e-01,3.951749503612518311e-01,4.299938380718231201e-01,2.484280019998550415e-01,3.881414532661437988e-01,2.947000265121459961e-01,3.623033761978149414e-01,-4.330161094665527344e+00,-1.465056419372558594e+00,3.812974691390991211e-01,3.882307708263397217e-01,3.164364993572235107e-01,1.576766669750213623e-01,2.545488178730010986e-01,4.378071427345275879e-01,3.557595610618591309e-01,4.363956451416015625e-01,4.393602013587951660e-01,-7.184397578239440918e-01,-4.058799147605895996e-01,3.363106250762939453e-01,3.061138987541198730e-01,3.725236058235168457e-01,2.513686120510101318e-01,-3.076881170272827148e+00,2.378309518098831177e-01,3.402314186096191406e-01,3.478138148784637451e-01,3.806583881378173828e-01,4.644751250743865967e-01,3.798032104969024658e-01,2.016767859458923340e-01,4.271665215492248535e-01,1.976209431886672974e-01,3.690645694732666016e-01,3.912672102451324463e-01,4.470057785511016846e-01,2.518151402473449707e-01,4.096644818782806396e-01,3.844166994094848633e-01,4.007359445095062256e-01,3.621421754360198975e-01,3.629742562770843506e-01,3.400680720806121826e-01,3.897163271903991699e-01,3.655802905559539795e-01,3.796159029006958008e-01,4.428431987762451172e-01,3.775966763496398926e-01,4.267199933528900146e-01,4.613450169563293457e-01,3.977430760860443115e-01,3.853642344474792480e-01,4.538824260234832764e-01,3.615518808364868164e-01,2.268200218677520752e-01,4.137508273124694824e-01,4.835607409477233887e-01,4.278352260589599609e-01,4.492863714694976807e-01,3.945266902446746826e-01,-3.091270446777343750e+00,3.730398416519165039e-01,3.131713569164276123e-01,-1.956007331609725952e-01,-8.920128345489501953e-01,4.735256433486938477e-01,-3.062205947935581207e-02,4.104617238044738770e-01,-3.643752813339233398e+00,-9.851371645927429199e-01,4.450998306274414062e-01,4.307278990745544434e-01,4.482373595237731934e-01,3.891003131866455078e-01,3.500290811061859131e-01,1.476206779479980469e-01,-1.545931696891784668e+00,-1.288077950477600098e+00,3.860002756118774414e-01,4.268855154514312744e-01,3.943798840045928955e-01,3.999082148075103760e-01,3.955953419208526611e-01,4.285453259944915771e-01,4.081854820251464844e-01,4.637911617755889893e-01,4.641897976398468018e-01
5.501659512519836426e-01,5.441405177116394043e-01,6.293258666992187500e-01,2.727514505386352539e-01,-3.172763288021087646e-01,3.534392714500427246e-01,4.306941330432891846e-01,4.601601958274841309e-01,4.428691565990447998e-01,6.151959896087646484e-01,6.469705104827880859e-01,4.686010181903839111e-01,5.549243092536926270e-01,5.539196133613586426e-01,4.937015473842620850e-01,5.792427062988281250e-01,-8.172804713249206543e-01,6.620098352432250977e-01,5.547487735748291016e-01,-3.902527987957000732e-01,-1.549599647521972656e+00,5.554791688919067383e-01,3.546875417232513428e-01,5.199569463729858398e-01,4.809283912181854248e-01,-3.213279247283935547e+00,-3.213279247283935547e+00,9.784059226512908936e-02,-1.616570115089416504e+00,-2.124337673187255859e+00,6.184530258178710938e-01,-4.450432062149047852e-01,-2.590103387832641602e+00,-9.635066986083984375e-02,5.707535743713378906e-01,5.450809597969055176e-01,3.538257777690887451e-01,-1.356495857238769531e+00,-3.213279247283935547e+00,-1.858159899711608887e+00,5.459932088851928711e-01,5.040179491043090820e-01,5.658733248710632324e-01,1.782550513744354248e-01,6.497746109962463379e-01,6.722308993339538574e-01,-2.184063911437988281e+00,-2.544664144515991211e+00,5.606375336647033691e-01,-2.701301574707031250e-01,-6.782642602920532227e-01,6.375713944435119629e-01,6.627465486526489258e-01,4.709988534450531006e-01,5.873979330062866211e-01,-2.090313911437988281e+00,4.151614010334014893e-01,5.547049045562744141e-01,6.391698122024536133e-01,6.347697973251342773e-01,5.456922650337219238e-01,4.011832177639007568e-01,3.806611001491546631e-01,5.783649682998657227e-01,5.558647513389587402e-01,6.634236574172973633e-01,6.602888107299804688e-01,5.687723755836486816e-01,5.677880644798278809e-01,5.544710159301757812e-01,5.598334670066833496e-01,-1.048683047294616699e+00,6.552088260650634766e-01,-4.089034199714660645e-01,5.045994520187377930e-01,5.629948973655700684e-01,5.561076998710632324e-01,-1.758837819099426270e+00,4.999991059303283691e-01,6.428492069244384766e-01,6.760629415512084961e-01,4.878099560737609863e-01,5.314012169837951660e-01,5.253629684448242188e-01,5.669714212417602539e-01,5.181167721748352051e-01,6.131191253662109375e-01,6.656368374824523926e-01,-1.524316966533660889e-01,5.743075609207153320e-01,5.593616366386413574e-01,5.065878629684448242e-01,-1.935865640640258789e+00,6.409265995025634766e-01,6.538404822349548340e-01,-1.909531831741333008e+00,-4.249856770038604736e-01,5.750153660774230957e-01,1.984821707010269165e-01,5.782583355903625488e-01,-2.466458082199096680e+00,-4.130508005619049072e-01,5.517455935478210449e-01,5.720946788787841797e-01,5.355078577995300293e-01,-1.345240592956542969e+00,5.684620141983032227e-01,5.347341895103454590e-01,-8.127983212471008301e-01,-7.273474335670471191e-01,5.609807968139648438e-01,5.869982242584228516e-01,-6.776987314224243164e-01,5.644165277481079102e-01,-1.379502415657043457e+00,3.976227045059204102e-01,5.661243796348571777e-01,5.633049607276916504e-01,5.095534324645996094e-01
3.338968455791473389e-01,2.615763545036315918e-01,-4.562686681747436523e-01,3.220443725585937500e-01,-8.336629271507263184e-01,5.064427107572555542e-02,1.647488921880722046e-01,1.899671405553817749e-01,1.504659503698348999e-01,4.500242471694946289e-01,4.549727141857147217e-01,2.636655867099761963e-01,3.023882210254669189e-01,3.280121684074401855e-01,2.018171697854995728e-01,3.330080509185791016e-01,1.805200278759002686e-01,4.778569638729095459e-01,3.254236280918121338e-01,-9.474133253097534180e-01,3.468131721019744873e-01,2.012886852025985718e-01,3.057690858840942383e-01,2.837371528148651123e-01,1.796669065952301025e-01,-4.678622722625732422e+00,-4.678622722625732422e+00,3.361502289772033691e-01,2.839013040065765381e-01,3.202145397663116455e-01,4.325120151042938232e-01,4.616801440715789795e-01,3.356375396251678467e-01,3.092091083526611328e-01,3.269037008285522461e-01,3.393175005912780762e-01,3.158577680587768555e-01,4.470839202404022217e-01,-4.394372463226318359e+00,-1.514799594879150391e+00,3.246057629585266113e-01,3.102506995201110840e-01,3.138536512851715088e-01,5.983930081129074097e-02,4.560649693012237549e-01,4.520060718059539795e-01,3.377453982830047607e-01,3.039870560169219971e-01,3.624955415725708008e-01,-7.348694205284118652e-01,-5.107932686805725098e-01,4.464030265808105469e-01,4.814801812171936035e-01,3.289159238338470459e-01,3.455081582069396973e-01,-3.149170875549316406e+00,2.972573637962341309e-01,2.839702069759368896e-01,4.488505423069000244e-01,4.848743975162506104e-01,2.769851684570312500e-01,3.327032923698425293e-01,5.653423070907592773e-02,3.462518453598022461e-01,3.323973119258880615e-01,4.262240529060363770e-01,4.976448416709899902e-01,3.472934365272521973e-01,3.312706351280212402e-01,3.097927272319793701e-01,3.247901797294616699e-01,3.511780500411987305e-01,4.395902454853057861e-01,4.794132411479949951e-01,2.708714902400970459e-01,3.410439789295196533e-01,3.442153334617614746e-01,2.800166904926300049e-01,3.217870295047760010e-01,4.572402834892272949e-01,4.927794337272644043e-01,3.446044027805328369e-01,3.317002356052398682e-01,3.320832252502441406e-01,3.112902343273162842e-01,3.128829896450042725e-01,4.453797042369842529e-01,5.003095269203186035e-01,4.731232523918151855e-01,3.010183870792388916e-01,3.240647017955780029e-01,2.495018094778060913e-01,-2.993680477142333984e+00,4.149592518806457520e-01,4.852290153503417969e-01,-2.776995301246643066e-01,-9.874271750450134277e-01,3.339495360851287842e-01,-1.449629068374633789e-01,2.999747693538665771e-01,-3.709308624267578125e+00,-9.289405941963195801e-01,3.429589569568634033e-01,3.221517801284790039e-01,3.651221692562103271e-01,3.287599086761474609e-01,3.125830888748168945e-01,2.906573414802551270e-01,-1.500047326087951660e+00,-1.401659131050109863e+00,3.234932720661163330e-01,3.409062027931213379e-01,3.384785652160644531e-01,2.300438284873962402e-01,4.339041411876678467e-01,4.816341698169708252e-01,3.260039985179901123e-01,2.542670965194702148e-01,2.763792872428894043e-01
4.230678081512451172e-01,1.783383786678314209e-01,7.061882019042968750e-01,8.129258751869201660e-01,-1.357272505760192871e+00,4.750052466988563538e-02,1.584273278713226318e-01,-7.546933740377426147e-02,8.429129421710968018e-02,6.326211690902709961e-01,8.452095389366149902e-01,2.745360732078552246e-01,2.970364093780517578e-01,-5.640598535537719727e-01,1.252744942903518677e-01,2.029727995395660400e-01,4.485081136226654053e-01,8.862965703010559082e-01,3.081495165824890137e-01,-5.886111259460449219e-01,9.477919340133666992e-02,-6.378187984228134155e-02,4.640629887580871582e-01,5.428388714790344238e-01,4.387020766735076904e-01,-4.386167049407958984e+00,-4.386167049407958984e+00,1.827235072851181030e-01,5.689507815986871719e-03,5.767723917961120605e-01,2.348839044570922852e-01,8.289922475814819336e-01,6.624445319175720215e-01,4.622382521629333496e-01,5.513734221458435059e-01,5.283520221710205078e-01,6.163083314895629883e-01,-1.184462428092956543e+00,-4.096126556396484375e+00,-1.496457219123840332e+00,2.897113561630249023e-01,-1.244065389037132263e-01,-1.884466558694839478e-01,-4.433584213256835938e-01,6.091883778572082520e-01,8.825482130050659180e-01,3.104762732982635498e-01,-3.723756968975067139e-01,1.913883090019226074e-01,-9.607819318771362305e-01,-3.621189296245574951e-01,7.916081547737121582e-01,8.779253363609313965e-01,3.203537687659263611e-02,-1.392448246479034424e-01,-2.831973552703857422e+00,-2.987796962261199951e-01,6.258088350296020508e-01,8.236974477767944336e-01,8.223122358322143555e-01,2.196300476789474487e-01,2.219418436288833618e-02,-1.872743964195251465e-01,2.788260877132415771e-01,4.468603432178497314e-01,8.419036865234375000e-01,8.448188304901123047e-01,3.940590322017669678e-01,1.317519098520278931e-01,-4.602638259530067444e-02,5.176115036010742188e-01,6.235428452491760254e-01,5.553367733955383301e-01,5.938827991485595703e-01,-9.847667813301086426e-01,2.850719392299652100e-01,3.511671125888824463e-01,2.854337394237518311e-01,-1.928979456424713135e-01,8.110176324844360352e-01,8.736539483070373535e-01,2.793611288070678711e-01,-1.918207854032516479e-01,-1.961624920368194580e-01,-2.173765376210212708e-02,5.426341891288757324e-01,8.393110632896423340e-01,8.837887048721313477e-01,8.604510426521301270e-01,3.374101221561431885e-01,2.093960344791412354e-01,-5.987525582313537598e-01,-2.646361589431762695e+00,8.296538591384887695e-01,8.759881258010864258e-01,-1.974753439426422119e-01,-1.034961462020874023e+00,-2.096527814865112305e-01,-6.977115273475646973e-01,4.929261654615402222e-02,-3.379691839218139648e+00,-5.536769628524780273e-01,2.529805302619934082e-01,1.574134379625320435e-01,3.334823250770568848e-01,3.769423663616180420e-01,6.090787649154663086e-01,6.032836437225341797e-01,-1.143145918846130371e+00,-1.014627337455749512e+00,2.761569619178771973e-01,-1.309852451086044312e-01,3.314930200576782227e-01,2.787702679634094238e-01,8.312499523162841797e-01,8.742162585258483887e-01,1.292688548564910889e-01,-2.160040736198425293e-01,-1.527971476316452026e-01
4.197772741317749023e-01,1.407729983329772949e-01,4.177328944206237793e-01,9.737234711647033691e-01,-7.233085632324218750e-01,5.300781130790710449e-01,-1.429432164877653122e-02,4.652322530746459961e-01,2.229199185967445374e-02,-4.544376432895660400e-01,9.873576760292053223e-01,6.967654228210449219e-01,2.949532270431518555e-01,7.236796617507934570e-01,-2.420782893896102905e-01,4.814490079879760742e-01,6.280026435852050781e-01,9.863420724868774414e-01,6.862190961837768555e-01,-6.600269675254821777e-01,-1.441816538572311401e-01,4.654564857482910156e-01,2.676063776016235352e-01,7.917355298995971680e-01,6.140405535697937012e-01,-3.751002550125122070e+00,-3.751002550125122070e+00,7.487455010414123535e-01,5.733262896537780762e-01,-1.020372658967971802e-01,8.922817111015319824e-01,9.539598822593688965e-01,6.710307598114013672e-01,2.925640344619750977e-01,7.237154841423034668e-01,5.625975131988525391e-01,-4.948391318321228027e-01,2.087807282805442810e-02,-3.494004249572753906e+00,-1.058185696601867676e+00,7.073152065277099609e-01,4.880313277244567871e-01,6.419816613197326660e-01,2.633491754531860352e-01,8.377919197082519531e-01,6.868016719818115234e-01,6.734862327575683594e-01,4.879767000675201416e-01,6.227946281433105469e-01,-6.456843018531799316e-01,-6.281384229660034180e-01,-7.884631156921386719e-01,1.394314318895339966e-01,7.364773154258728027e-01,7.041854858398437500e-01,-2.492937803268432617e+00,5.810120105743408203e-01,-8.301175832748413086e-01,-4.888544678688049316e-01,9.567033052444458008e-01,6.845613121986389160e-01,7.495971322059631348e-01,4.923951923847198486e-01,6.278801560401916504e-01,2.398020476102828979e-01,5.653616786003112793e-01,9.717921018600463867e-01,4.435467422008514404e-01,4.615429341793060303e-01,2.357245981693267822e-01,6.697701811790466309e-01,2.889727056026458740e-01,-1.580861330032348633e+00,1.541194412857294083e-02,4.423879384994506836e-01,6.620505452156066895e-01,2.606490850448608398e-01,3.206822872161865234e-01,-8.505100011825561523e-02,-9.124882221221923828e-01,-3.572890460491180420e-01,6.081632971763610840e-01,5.397174358367919922e-01,-8.941717147827148438e-01,-3.209311068058013916e-01,-3.304765522480010986e-01,8.989650607109069824e-01,9.660961031913757324e-01,6.580936908721923828e-01,5.978531837463378906e-01,4.014908969402313232e-01,-1.082118272781372070e+00,-3.121062040328979492e+00,-3.553124964237213135e-01,9.685738682746887207e-01,-5.314137339591979980e-01,-5.488978028297424316e-01,1.542451828718185425e-01,-1.057913824915885925e-01,7.366455346345901489e-02,-3.228117942810058594e+00,-3.182441890239715576e-01,7.421864867210388184e-01,7.084777951240539551e-01,9.662379324436187744e-02,3.494144082069396973e-01,-5.110716819763183594e-01,-9.775104522705078125e-01,-2.356391906738281250e+00,-2.290417909622192383e+00,-4.190368652343750000e-01,1.966062635183334351e-01,4.876488447189331055e-01,2.010742574930191040e-02,-4.567175507545471191e-01,3.472460508346557617e-01,-3.939970731735229492e-01,7.035222649574279785e-01,-2.695144414901733398e-01
8.543125540018081665e-02,4.372247159481048584e-01,7.690659761428833008e-01,8.638781905174255371e-01,-7.616919279098510742e-01,1.166206374764442444e-01,2.423788011074066162e-01,1.362096071243286133e-01,2.665799558162689209e-01,7.537655234336853027e-01,7.775660157203674316e-01,2.852698564529418945e-01,2.612712681293487549e-01,-3.020813226699829102e+00,-8.323059082031250000e-01,2.213553190231323242e-01,2.155472785234451294e-01,8.617232441902160645e-01,4.524325132369995117e-01,-2.697695791721343994e-01,1.170545071363449097e-01,1.499445438385009766e-01,5.270401239395141602e-01,6.318508386611938477e-01,3.799095749855041504e-01,-3.020813226699829102e+00,-3.020813226699829102e+00,2.450139671564102173e-01,1.649558395147323608e-01,6.480154991149902344e-01,6.821212172508239746e-01,8.321670889854431152e-01,6.576385498046875000e-01,6.243683695793151855e-01,5.862002968788146973e-01,6.242054104804992676e-01,6.625507473945617676e-01,3.196183741092681885e-01,-2.804225444793701172e+00,-8.984134197235107422e-01,1.999145746231079102e-01,-3.161438181996345520e-02,9.115966968238353729e-03,-4.900269582867622375e-02,7.537575364112854004e-01,8.097547888755798340e-01,2.677553594112396240e-01,-1.644524782896041870e-01,2.297997921705245972e-01,-6.960716247558593750e-01,-1.406120359897613525e-01,7.025926113128662109e-01,8.164688944816589355e-01,-2.140950262546539307e-01,9.246166050434112549e-02,-1.898902058601379395e+00,-2.750507891178131104e-01,5.859974622726440430e-01,7.335867881774902344e-01,8.066397309303283691e-01,1.998378932476043701e-01,1.029873043298721313e-01,-1.863727718591690063e-01,3.149346411228179932e-01,5.450162887573242188e-01,7.517766952514648438e-01,7.962259054183959961e-01,3.977324068546295166e-01,1.235082298517227173e-01,3.348437249660491943e-01,5.521329641342163086e-01,6.078234910964965820e-01,7.260480523109436035e-01,8.273347616195678711e-01,-4.291030764579772949e-01,2.828880548477172852e-01,3.467447757720947266e-01,2.799167931079864502e-01,1.917828456498682499e-03,7.179585099220275879e-01,7.978665232658386230e-01,3.318191170692443848e-01,-1.662576049566268921e-01,-2.724085748195648193e-01,4.522008076310157776e-02,4.259450733661651611e-01,7.507191896438598633e-01,8.427310585975646973e-01,8.465729355812072754e-01,4.413909018039703369e-01,2.227949500083923340e-01,-5.991498008370399475e-03,-1.765234827995300293e+00,7.283499836921691895e-01,8.211781978607177734e-01,-7.488787919282913208e-02,-1.786267042160034180e+00,-3.020813226699829102e+00,-3.020813226699829102e+00,-3.020813226699829102e+00,-3.020813226699829102e+00,-3.020813226699829102e+00,2.280058413743972778e-01,2.699582576751708984e-01,2.866340875625610352e-01,2.688662409782409668e-01,5.818951725959777832e-01,5.945096611976623535e-01,-6.809836626052856445e-01,-6.051827073097229004e-01,4.709389805793762207e-02,-8.953975141048431396e-02,3.787146806716918945e-01,3.571761846542358398e-01,7.232189774513244629e-01,8.217372894287109375e-01,1.616427153348922729e-01,-1.128051057457923889e-01,-1.127412095665931702e-01
2.998256385326385498e-01,2.440426498651504517e-01,3.462404012680053711e-01,4.009967744350433350e-01,-4.970580637454986572e-01,9.662518650293350220e-02,-5.861314758658409119e-02,1.935571134090423584e-01,1.048501953482627869e-01,4.068804085254669189e-01,4.429142475128173828e-01,2.456275373697280884e-01,2.679835557937622070e-01,-3.113989114761352539e+00,-1.132285714149475098e+00,2.524109482765197754e-01,1.346462070941925049e-01,4.836330115795135498e-01,2.934435606002807617e-01,-5.483003854751586914e-01,2.346759587526321411e-01,2.491524517536163330e-01,1.975379586219787598e-01,2.133217602968215942e-01,9.151600301265716553e-02,-3.113989114761352539e+00,-3.113989114761352539e+00,1.581544280052185059e-01,2.142274081707000732e-01,1.458815783262252808e-01,2.989246249198913574e-01,2.978453040122985840e-01,2.258489429950714111e-01,3.675728738307952881e-01,3.921728432178497314e-01,4.427452385425567627e-01,1.607023477554321289e-01,5.466038584709167480e-01,-2.911860942840576172e+00,-8.726267218589782715e-01,4.224253892898559570e-01,4.377532899379730225e-01,4.586081206798553467e-01,8.935731649398803711e-02,5.902240872383117676e-01,6.408709287643432617e-01,4.015770554542541504e-01,4.199363887310028076e-01,4.137705266475677490e-01,-3.226282298564910889e-01,-1.916853040456771851e-01,5.284504294395446777e-01,6.336163878440856934e-01,4.476658403873443604e-01,4.695907235145568848e-01,-2.064327239990234375e+00,4.150297343730926514e-01,3.004692196846008301e-01,5.731779336929321289e-01,4.012976288795471191e-01,4.121515154838562012e-01,4.716842770576477051e-01,3.106330037117004395e-01,3.843786418437957764e-01,2.372533529996871948e-01,5.859470367431640625e-01,6.428776383399963379e-01,4.524050056934356689e-01,4.485482275485992432e-01,4.615670144557952881e-01,4.501036703586578369e-01,4.112272262573242188e-01,5.462347865104675293e-01,6.455852985382080078e-01,4.194262027740478516e-01,4.578839242458343506e-01,4.323208928108215332e-01,4.022466838359832764e-01,4.323333203792572021e-01,5.671345591545104980e-01,6.158243417739868164e-01,4.427449107170104980e-01,4.462174177169799805e-01,3.911989629268646240e-01,4.346827268600463867e-01,2.824243605136871338e-01,5.785824060440063477e-01,6.343297362327575684e-01,6.323788762092590332e-01,4.482675492763519287e-01,4.638218283653259277e-01,3.363560438156127930e-01,-2.120057582855224609e+00,5.491083264350891113e-01,6.409282684326171875e-01,8.524630218744277954e-03,-1.608671903610229492e+00,-3.113989114761352539e+00,-3.113989114761352539e+00,-3.113989114761352539e+00,-3.113989114761352539e+00,-3.113989114761352539e+00,4.684803783893585205e-01,4.705940783023834229e-01,4.262672960758209229e-01,3.571957051753997803e-01,2.353831082582473755e-01,4.902740418910980225e-01,-8.057324290275573730e-01,-8.368596434593200684e-01,4.752463996410369873e-01,4.687191843986511230e-01,4.554119706153869629e-01,3.992133736610412598e-01,5.441194772720336914e-01,6.306481957435607910e-01,4.358178973197937012e-01,3.882245719432830811e-01,4.653105735778808594e-01
2.619866728782653809e-01,2.345609217882156372e-01,3.966823518276214600e-01,9.115329384803771973e-01,-5.950425267219543457e-01,3.674800693988800049e-01,-1.426300704479217529e-01,2.421184480190277100e-01,-4.320484027266502380e-02,-3.074856400489807129e-01,1.010393977165222168e+00,5.431307554244995117e-01,3.280020952224731445e-01,4.974635839462280273e-01,-1.767730563879013062e-01,3.138163685798645020e-01,3.319059908390045166e-01,1.020431756973266602e+00,4.271872937679290771e-01,-7.604955434799194336e-01,4.512249305844306946e-02,4.790457189083099365e-01,2.606187760829925537e-01,7.727487683296203613e-01,4.241306483745574951e-01,-4.012596607208251953e+00,-4.012596607208251953e+00,7.892771959304809570e-01,7.088093757629394531e-01,2.312806695699691772e-01,7.741888761520385742e-01,7.369449138641357422e-01,3.605318367481231689e-01,5.309287905693054199e-01,3.540615737438201904e-01,4.124005138874053955e-01,-8.867126107215881348e-01,-7.295975461602210999e-03,-3.736236333847045898e+00,-1.076503872871398926e+00,3.640849292278289795e-01,2.266279906034469604e-01,5.081003308296203613e-01,2.082101404666900635e-01,6.950913667678833008e-01,6.096898317337036133e-01,5.306481122970581055e-01,4.273432195186614990e-01,4.549740850925445557e-01,-6.051151156425476074e-01,-3.868580162525177002e-01,-7.461415529251098633e-01,3.924522697925567627e-01,7.659502625465393066e-01,7.636772394180297852e-01,-2.663114309310913086e+00,4.290438592433929443e-01,-7.872565984725952148e-01,-2.019557505846023560e-01,9.134961962699890137e-01,6.426421403884887695e-01,7.059230208396911621e-01,4.299423992633819580e-01,3.443931341171264648e-01,-6.922698020935058594e-02,7.169720530509948730e-01,9.253309369087219238e-01,7.611047625541687012e-01,6.047930121421813965e-01,6.893432140350341797e-01,6.987367868423461914e-01,3.754724860191345215e-01,-1.662656426429748535e+00,2.786095142364501953e-01,3.061562776565551758e-01,5.812999010086059570e-01,6.422051787376403809e-01,4.808427989482879639e-01,5.887126177549362183e-02,-7.991303205490112305e-01,1.074030995368957520e-02,4.575215876102447510e-01,-3.623084127902984619e-01,-5.444457530975341797e-01,1.243656277656555176e-01,-2.506155669689178467e-01,8.127292990684509277e-01,9.754067063331604004e-01,8.831163644790649414e-01,5.874603986740112305e-01,4.939761161804199219e-01,-2.752595245838165283e-01,-3.265077352523803711e+00,-5.938485860824584961e-01,8.935705423355102539e-01,-4.094542562961578369e-01,-9.393230676651000977e-01,3.017456829547882080e-01,-7.842975854873657227e-02,-5.522588640451431274e-02,-3.239495992660522461e+00,-5.140741467475891113e-01,7.657676935195922852e-01,7.093611955642700195e-01,4.798072278499603271e-01,2.110013365745544434e-01,-6.574843525886535645e-01,-9.125008583068847656e-01,-1.769132494926452637e+00,-1.943060040473937988e+00,-3.122737109661102295e-01,6.203983426094055176e-01,5.200848579406738281e-01,1.293342262506484985e-01,-2.275655418634414673e-01,7.333261966705322266e-01,-4.880249202251434326e-01,5.432128310203552246e-01,-3.510943800210952759e-02
-5.505749583244323730e-02,-1.895653158426284790e-01,5.989398360252380371e-01,1.655015110969543457e+00,-9.350253641605377197e-02,5.540137887001037598e-01,3.471559882164001465e-01,-8.312971591949462891e-01,-3.862661421298980713e-01,3.026897609233856201e-01,-1.942417770624160767e-01,8.357007503509521484e-01,7.299471497535705566e-01,4.311009943485260010e-01,2.839241623878479004e-01,-6.057034730911254883e-01,5.093135237693786621e-01,1.713603615760803223e+00,1.066737055778503418e+00,2.178063541650772095e-01,-7.225196957588195801e-01,-5.468320250511169434e-01,-8.472508937120437622e-02,3.387106359004974365e-01,1.251110672950744629e+00,-3.042151451110839844e+00,-3.042151451110839844e+00,1.459365338087081909e-01,1.230992376804351807e-01,1.358139663934707642e-01,1.021215766668319702e-01,1.688683986663818359e+00,5.892235636711120605e-01,-8.583030700683593750e-01,-6.664451360702514648e-01,-8.702657222747802734e-01,-9.021299332380294800e-02,5.480220913887023926e-02,-2.783332586288452148e+00,-8.568809628486633301e-01,-8.337154984474182129e-01,5.123081207275390625e-01,-6.734578609466552734e-01,-7.459312677383422852e-01,2.886955440044403076e-01,9.129932522773742676e-01,9.842563271522521973e-01,-8.718811869621276855e-01,5.163809657096862793e-01,-1.087053060531616211e+00,-1.050389528274536133e+00,4.482558369636535645e-01,1.429441332817077637e+00,2.662079036235809326e-01,6.250627636909484863e-01,-1.703087806701660156e+00,-9.289559125900268555e-01,-6.284669637680053711e-01,1.439131945371627808e-01,1.056766033172607422e+00,-3.874299824237823486e-01,6.308643817901611328e-01,1.401837468147277832e-01,1.449149101972579956e-01,3.689118893817067146e-04,3.884190320968627930e-01,1.566254138946533203e+00,9.217562675476074219e-01,5.191235542297363281e-01,2.049372941255569458e-01,9.918951243162155151e-02,1.410432457923889160e-01,9.919188022613525391e-01,5.371554493904113770e-01,4.174171760678291321e-02,2.723375149071216583e-02,9.101451635360717773e-01,4.562062025070190430e-01,1.508610844612121582e-01,3.731785118579864502e-01,1.564888715744018555e+00,1.066283106803894043e+00,-2.928146719932556152e-01,-2.653184890747070312e+00,-8.049417734146118164e-01,-5.987634062767028809e-01,1.271054983139038086e+00,1.654159545898437500e+00,1.620488524436950684e+00,7.782940268516540527e-01,-1.817651391029357910e+00,6.258191466331481934e-01,-3.042151451110839844e+00,1.010653972625732422e+00,1.659668087959289551e+00,3.095462322235107422e-01,-6.166414022445678711e-01,-8.767021894454956055e-01,-7.243101596832275391e-01,-7.216464877128601074e-01,-2.485095977783203125e+00,3.655856251716613770e-01,6.064878106117248535e-01,2.671846151351928711e-01,7.872912287712097168e-02,-4.602007269859313965e-01,-5.019915699958801270e-01,-6.654784083366394043e-02,-1.133376240730285645e+00,-5.886740684509277344e-01,-1.008805558085441589e-01,-4.730615615844726562e-01,-5.977503657341003418e-01,-1.666127592325210571e-01,8.519531488418579102e-01,1.604724526405334473e+00,-4.659923911094665527e-02,-5.396865010261535645e-01,-3.016401827335357666e-01
3.763465583324432373e-01,2.634335160255432129e-01,4.762128293514251709e-01,5.024018287658691406e-01,-8.223471045494079590e-01,8.080212026834487915e-02,1.993690244853496552e-02,2.208878099918365479e-01,-1.585250161588191986e-02,4.789155721664428711e-01,4.973029196262359619e-01,2.722748517990112305e-01,3.651557564735412598e-01,3.720213174819946289e-01,2.980727553367614746e-01,1.217062696814537048e-01,3.170055150985717773e-01,4.956398308277130127e-01,3.276484608650207520e-01,-8.836659789085388184e-01,3.591451048851013184e-01,3.380001783370971680e-01,3.633692264556884766e-01,3.473694920539855957e-01,3.373950719833374023e-01,-4.641598224639892578e+00,-4.641598224639892578e+00,3.943622708320617676e-01,3.230486810207366943e-01,3.403780460357666016e-01,4.700194001197814941e-01,4.756401777267456055e-01,3.193001449108123779e-01,3.373787999153137207e-01,3.789884150028228760e-01,3.675072491168975830e-01,3.601523041725158691e-01,2.694053761661052704e-02,-4.358646392822265625e+00,-1.521047472953796387e+00,3.130295574665069580e-01,3.791792690753936768e-01,3.594700098037719727e-01,-7.202434353530406952e-03,4.993721246719360352e-01,5.077403187751770020e-01,1.650426983833312988e-01,3.440088033676147461e-01,2.556379437446594238e-01,-7.238169908523559570e-01,-5.618115067481994629e-01,4.917917847633361816e-01,5.014514923095703125e-01,2.688167095184326172e-01,3.492133021354675293e-01,-3.127901315689086914e+00,2.739887237548828125e-01,2.685324251651763916e-01,4.330940544605255127e-01,4.898566007614135742e-01,2.387431114912033081e-01,3.568261265754699707e-01,1.683899909257888794e-01,3.427437245845794678e-01,2.888732254505157471e-01,4.785338342189788818e-01,5.161958932876586914e-01,3.053822219371795654e-01,3.371635675430297852e-01,3.669285178184509277e-01,3.326352536678314209e-01,2.026182413101196289e-01,4.834479391574859619e-01,2.289534509181976318e-01,2.396853268146514893e-01,3.420675396919250488e-01,3.624854981899261475e-01,2.854841053485870361e-01,2.443314045667648315e-01,4.766839146614074707e-01,5.160699486732482910e-01,3.113047480583190918e-01,3.609401881694793701e-01,3.610579669475555420e-01,3.232963979244232178e-01,2.041188776493072510e-01,4.782048761844635010e-01,5.076225399971008301e-01,4.766351878643035889e-01,3.012072443962097168e-01,3.366944789886474609e-01,-9.651233553886413574e-01,-3.053072690963745117e+00,4.639295637607574463e-01,5.030475854873657227e-01,-3.188042640686035156e-01,-9.540994763374328613e-01,3.536299169063568115e-01,-1.177863478660583496e-01,2.675861418247222900e-01,-3.660226345062255859e+00,-9.026015400886535645e-01,3.248579502105712891e-01,3.762775063514709473e-01,2.671873271465301514e-01,1.736127585172653198e-01,1.723415851593017578e-01,3.464268743991851807e-01,-1.470821857452392578e+00,-1.371688723564147949e+00,3.686525225639343262e-01,3.730447590351104736e-01,3.657933771610260010e-01,3.531872630119323730e-01,4.728886783123016357e-01,5.014799237251281738e-01,2.995319664478302002e-01,7.312309741973876953e-02,3.628022670745849609e-01
4.248996376991271973e-01,2.326914370059967041e-01,3.922784924507141113e-01,8.718903064727783203e-01,-6.035001873970031738e-01,6.190010905265808105e-01,5.344715118408203125e-01,5.582152009010314941e-01,-2.323224842548370361e-01,-5.064137578010559082e-01,9.944087862968444824e-01,8.151030540466308594e-01,6.621219962835311890e-02,5.909189581871032715e-01,-6.822682172060012817e-02,6.599996089935302734e-01,6.895682811737060547e-01,9.942837953567504883e-01,8.034504652023315430e-01,-5.511045455932617188e-01,-2.431896477937698364e-01,4.177618622779846191e-01,3.807643055915832520e-01,8.288717865943908691e-01,3.382329046726226807e-01,-3.545935630798339844e+00,-3.545935630798339844e+00,7.887846827507019043e-01,4.482285082340240479e-01,-3.788699582219123840e-02,7.692646384239196777e-01,9.874541163444519043e-01,6.580678820610046387e-01,5.435712933540344238e-01,8.135535717010498047e-01,6.006331443786621094e-01,-2.365836501121520996e-02,-1.307091116905212402e-01,-3.299786806106567383e+00,-7.768626809120178223e-01,7.158129811286926270e-01,6.703028082847595215e-01,5.961388349533081055e-01,1.039128168486058712e-03,7.794053554534912109e-01,4.529125988483428955e-01,6.092895865440368652e-01,2.106306850910186768e-01,5.922294855117797852e-01,-8.897607326507568359e-01,-1.157204508781433105e+00,-9.913861751556396484e-01,6.090167164802551270e-01,7.946296930313110352e-01,6.355092525482177734e-01,-3.545935630798339844e+00,7.564761042594909668e-01,-7.633016109466552734e-01,-6.051447987556457520e-01,7.964202761650085449e-01,4.958664178848266602e-01,8.501912355422973633e-01,5.808966159820556641e-01,7.521871924400329590e-01,2.668151259422302246e-01,5.545023083686828613e-01,9.943239688873291016e-01,3.818252682685852051e-01,9.364467859268188477e-02,2.750487439334392548e-02,7.160429358482360840e-01,1.939037293195724487e-01,-1.613322257995605469e+00,-3.760344907641410828e-02,5.235869288444519043e-01,4.973823726177215576e-01,-2.086238712072372437e-01,6.927091628313064575e-02,-3.442680835723876953e-01,-8.977892994880676270e-01,-3.828838765621185303e-01,6.838173866271972656e-01,-1.329998075962066650e-01,-5.545048713684082031e-01,-2.864158451557159424e-01,-2.245426177978515625e-01,4.549867212772369385e-01,1.027954220771789551e+00,6.210484504699707031e-01,6.626515388488769531e-01,-4.103744029998779297e-01,-1.328249096870422363e+00,-2.895220756530761719e+00,-2.661613225936889648e-01,9.169673919677734375e-01,2.936202585697174072e-01,-3.821408450603485107e-01,7.531914860010147095e-02,-2.978768944740295410e-01,-7.704531401395797729e-02,-2.995397329330444336e+00,-2.378134429454803467e-01,7.875455617904663086e-01,7.664694190025329590e-01,1.201569195836782455e-02,5.877396464347839355e-01,-4.990549683570861816e-01,-9.943211674690246582e-01,-2.173534631729125977e+00,-2.285604476928710938e+00,6.242321729660034180e-01,6.616754829883575439e-02,6.198874711990356445e-01,1.654259860515594482e-02,-4.380145072937011719e-01,1.592062264680862427e-01,8.287333250045776367e-01,8.145537972450256348e-01,-5.777689814567565918e-01
-1.964882016181945801e-01,-4.309333264827728271e-01,-1.377138793468475342e-01,1.471337795257568359e+00,-6.670637726783752441e-01,5.077449679374694824e-01,-2.982465624809265137e-01,-2.007351964712142944e-01,-6.012262701988220215e-01,2.499344497919082642e-01,1.339687705039978027e+00,8.003310561180114746e-01,6.571570634841918945e-01,3.978754281997680664e-01,1.615629643201828003e-01,-3.566439151763916016e-01,8.135691285133361816e-02,1.483892679214477539e+00,8.180021643638610840e-01,-3.209015130996704102e-01,2.458394132554531097e-02,-6.801588535308837891e-01,-3.907968997955322266e-01,1.485956367105245590e-02,6.050053238868713379e-01,-3.505768537521362305e+00,-3.505768537521362305e+00,-6.141595169901847839e-02,9.755599498748779297e-02,-6.215974688529968262e-01,-1.424315124750137329e-01,1.343791365623474121e+00,7.676438093185424805e-01,-1.259166121482849121e+00,-4.119821190834045410e-01,-1.215672016143798828e+00,-6.189752817153930664e-01,-2.009794861078262329e-01,-3.226645946502685547e+00,-8.042786121368408203e-01,-4.855099618434906006e-01,1.106107309460639954e-01,-1.120257452130317688e-01,-2.761478722095489502e-01,1.105546951293945312e-01,7.555102109909057617e-01,7.239524722099304199e-01,-5.892978906631469727e-01,4.366317391395568848e-01,-5.858600139617919922e-01,-1.317826151847839355e+00,5.905969142913818359e-01,1.106625437736511230e+00,6.760253310203552246e-01,5.115042924880981445e-01,-2.125673294067382812e+00,-7.044776678085327148e-01,-5.952548980712890625e-01,7.642323523759841919e-02,1.380454421043395996e+00,-5.735739469528198242e-01,9.425772428512573242e-01,-4.948627576231956482e-02,3.938278853893280029e-01,8.580336719751358032e-02,1.099406182765960693e-01,1.339703440666198730e+00,7.202478647232055664e-01,4.276760816574096680e-01,3.315237462520599365e-01,2.857122719287872314e-01,-1.871851682662963867e-01,1.146089911460876465e+00,8.013014793395996094e-01,-7.015646249055862427e-02,6.482977271080017090e-01,1.090769290924072266e+00,8.998944759368896484e-01,-2.029297314584255219e-02,1.564961671829223633e-01,1.589379429817199707e+00,1.123217105865478516e+00,2.135313451290130615e-01,-5.213595032691955566e-01,-7.350873947143554688e-01,-8.153207898139953613e-01,1.338195204734802246e+00,1.611553430557250977e+00,1.641744136810302734e+00,1.071840405464172363e+00,3.609859943389892578e-01,7.728459835052490234e-01,-2.552857875823974609e+00,8.916940689086914062e-01,1.438312053680419922e+00,1.777221560478210449e-01,-9.412527084350585938e-01,-6.810150146484375000e-01,-1.266647577285766602e+00,-8.289806246757507324e-01,-2.918524980545043945e+00,2.057926356792449951e-01,1.048987388610839844e+00,2.287308722734451294e-01,2.859175503253936768e-01,-5.912795662879943848e-01,-2.608860470354557037e-02,-1.330056600272655487e-02,-8.546530604362487793e-01,-5.114782452583312988e-01,-4.525134265422821045e-01,-1.913357824087142944e-01,-1.182516738772392273e-01,1.787777394056320190e-01,1.075363516807556152e+00,1.589892745018005371e+00,-5.818339586257934570e-01,-3.638039827346801758e-01,-1.011614680290222168e+00
2.192350178956985474e-01,6.716518402099609375e-01,6.939613223075866699e-01,1.565260887145996094e+00,-7.766249775886535645e-01,-2.327047735452651978e-01,5.439158082008361816e-01,1.672276407480239868e-01,-2.274464070796966553e-01,3.417620956897735596e-01,1.559411764144897461e+00,5.769807100296020508e-01,-8.869538307189941406e-01,2.406883090734481812e-01,-3.891665041446685791e-01,2.452971488237380981e-01,9.969376921653747559e-01,1.561025381088256836e+00,6.650318503379821777e-01,-1.797646731138229370e-01,-2.492018342018127441e-01,-1.835000663995742798e-01,3.472180366516113281e-01,8.748449087142944336e-01,1.141379117965698242e+00,-3.584708452224731445e+00,-3.584708452224731445e+00,7.602784037590026855e-01,3.849012553691864014e-01,1.117139220237731934e+00,1.240396857261657715e+00,1.559366464614868164e+00,1.179424524307250977e+00,6.672702431678771973e-01,5.923956632614135742e-01,1.170634508132934570e+00,9.481039047241210938e-01,5.286778807640075684e-01,-3.303306818008422852e+00,-1.109515428543090820e+00,-7.656687404960393906e-03,1.278464913368225098e+00,5.578942969441413879e-02,6.011691689491271973e-01,1.473656177520751953e+00,1.478856921195983887e+00,-3.541138023138046265e-02,-1.212023496627807617e-01,3.157625198364257812e-01,-1.074773192405700684e+00,-2.661335468292236328e-01,-3.923816084861755371e-01,1.538763165473937988e+00,4.276041090488433838e-01,1.843610554933547974e-01,-2.095817565917968750e+00,1.110547259449958801e-01,-7.551118731498718262e-02,5.848433971405029297e-01,1.517657756805419922e+00,-2.646517455577850342e-01,3.744808435440063477e-01,3.043896257877349854e-01,-4.029230475425720215e-01,-4.862953722476959229e-01,6.015540361404418945e-01,1.028127789497375488e+00,-3.257043361663818359e-01,-1.031352043151855469e+00,-5.660743117332458496e-01,1.445744782686233521e-01,2.708883881568908691e-01,-2.025516033172607422e-01,5.623643398284912109e-01,1.892695426940917969e-01,-5.654836297035217285e-01,-6.923861503601074219e-01,-6.120309829711914062e-01,-6.679877638816833496e-01,2.037027776241302490e-01,8.038662672042846680e-01,-2.332460433244705200e-01,-6.226382255554199219e-01,-1.999892108142375946e-02,-6.258118152618408203e-01,-1.048160195350646973e-01,6.303937435150146484e-01,1.173155665397644043e+00,1.129477262496948242e+00,-1.843755692243576050e-01,-3.883230984210968018e-01,-1.019808769226074219e+00,-2.700714826583862305e+00,-5.418698191642761230e-01,8.350253701210021973e-01,-5.364278554916381836e-01,-1.001849174499511719e+00,3.948335722088813782e-02,-1.076715946197509766e+00,-1.919006854295730591e-01,-2.701389789581298828e+00,-1.374194502830505371e+00,5.149773359298706055e-01,4.480119049549102783e-01,-2.294028103351593018e-01,-1.776576191186904907e-01,1.365500688552856445e-01,-7.247139215469360352e-01,-1.511371612548828125e+00,-1.328082203865051270e+00,-2.384529560804367065e-01,-2.235002666711807251e-01,-1.817341335117816925e-02,3.072133064270019531e-01,2.402252405881881714e-01,8.580613732337951660e-01,2.714914083480834961e-01,7.548318710178136826e-03,-8.338680267333984375e-01
2.294086217880249023e-01,4.527515769004821777e-01,5.528134107589721680e-01,6.458318829536437988e-01,-1.028416037559509277e+00,1.349430084228515625e-01,1.666807383298873901e-01,1.886371523141860962e-01,2.967246770858764648e-01,5.791540145874023438e-01,6.173940300941467285e-01,4.170532524585723877e-01,8.738537132740020752e-02,3.222406804561614990e-01,3.711484372615814209e-01,4.826316833496093750e-01,2.218859642744064331e-01,6.584542989730834961e-01,4.340966939926147461e-01,-7.351919412612915039e-01,-1.071777269244194031e-01,-9.082162380218505859e-02,4.787505567073822021e-01,2.114222347736358643e-01,4.779370427131652832e-01,-4.532614231109619141e+00,-4.532614231109619141e+00,4.147000014781951904e-01,7.092481106519699097e-02,3.998410403728485107e-01,5.439594984054565430e-01,6.072559356689453125e-01,4.959992170333862305e-01,8.371108025312423706e-02,4.541565775871276855e-01,4.293828010559082031e-01,5.305854082107543945e-01,5.807126164436340332e-01,-4.253278255462646484e+00,-1.375803947448730469e+00,-4.358912110328674316e-01,3.178700506687164307e-01,1.492338031530380249e-01,-3.437534570693969727e-01,6.102215647697448730e-01,6.487627029418945312e-01,1.969274431467056274e-01,-7.221671193838119507e-02,3.077544867992401123e-01,-9.223183989524841309e-01,-4.099663794040679932e-01,1.003068163990974426e-01,6.066763401031494141e-01,4.095909744501113892e-02,4.834218323230743408e-01,-3.027189016342163086e+00,-3.748619854450225830e-01,3.239446878433227539e-01,5.368353724479675293e-01,5.999483466148376465e-01,4.511745572090148926e-01,3.432930707931518555e-01,-9.202180802822113037e-02,4.570177793502807617e-01,3.421031236648559570e-01,5.342884063720703125e-01,6.294224858283996582e-01,5.032064914703369141e-01,4.199133813381195068e-02,1.546346396207809448e-01,1.134556010365486145e-01,-8.766550570726394653e-02,5.510274767875671387e-01,4.440697133541107178e-01,3.781066238880157471e-01,2.647403478622436523e-01,1.283821314573287964e-01,1.472901701927185059e-01,3.062450289726257324e-01,5.541282892227172852e-01,6.246340274810791016e-01,3.541811704635620117e-01,2.316082864999771118e-01,1.773869544267654419e-01,1.692600995302200317e-01,3.417447209358215332e-01,5.425155758857727051e-01,6.438246965408325195e-01,6.422148942947387695e-01,1.945336312055587769e-01,1.821037232875823975e-01,1.108176484704017639e-01,-2.827149152755737305e+00,5.169655680656433105e-01,6.441708803176879883e-01,-3.242084681987762451e-01,-1.236114740371704102e+00,-3.006614744663238525e-01,-9.912479519844055176e-01,4.300832450389862061e-01,-3.551802873611450195e+00,-8.087821006774902344e-01,3.378635644912719727e-01,4.306833446025848389e-01,2.509464025497436523e-01,4.565036892890930176e-01,3.095076680183410645e-01,4.437432289123535156e-01,-1.903510570526123047e+00,-1.212750911712646484e+00,4.565651416778564453e-01,4.666049182415008545e-01,4.945204854011535645e-01,4.420154690742492676e-01,5.012362003326416016e-01,6.487954854965209961e-01,3.786247968673706055e-01,2.826509773731231689e-01,-3.429004177451133728e-02
2.237422466278076172e-01,3.860711455345153809e-01,4.943189322948455811e-01,5.149548053741455078e-01,-1.009636282920837402e+00,9.329895675182342529e-02,2.000372409820556641e-01,2.418256402015686035e-01,2.542307972908020020e-01,4.697106778621673584e-01,5.134249329566955566e-01,3.072289824485778809e-01,5.362548679113388062e-02,3.354571759700775146e-01,3.184159696102142334e-01,4.262575507164001465e-01,1.399051100015640259e-01,5.340588092803955078e-01,3.581077754497528076e-01,-8.544067144393920898e-01,-1.533853113651275635e-01,1.582289673388004303e-02,3.751428723335266113e-01,3.039349913597106934e-01,3.979719281196594238e-01,-4.621381759643554688e+00,-4.621381759643554688e+00,3.855924308300018311e-01,2.894633710384368896e-01,3.634510934352874756e-01,4.504213035106658936e-01,5.189883112907409668e-01,3.852175772190093994e-01,3.930848836898803711e-01,3.521920144557952881e-01,3.635264635086059570e-01,4.097545444965362549e-01,4.768242537975311279e-01,-4.337855339050292969e+00,-1.459853172302246094e+00,1.601621061563491821e-01,3.529070317745208740e-01,3.892429172992706299e-01,-7.765178382396697998e-02,4.914730787277221680e-01,5.288988351821899414e-01,3.836416900157928467e-01,-9.672114253044128418e-02,3.639929592609405518e-01,-7.379738688468933105e-01,-4.338358342647552490e-01,4.639660418033599854e-01,5.105587244033813477e-01,1.674386411905288696e-01,4.016550183296203613e-01,-3.129861116409301758e+00,-4.572686851024627686e-01,3.728360533714294434e-01,4.643987119197845459e-01,4.949524700641632080e-01,3.718011975288391113e-01,3.264633417129516602e-01,-5.659421533346176147e-02,3.921478390693664551e-01,3.995099365711212158e-01,4.684619307518005371e-01,5.222517251968383789e-01,3.898601531982421875e-01,7.172925770282745361e-02,3.682321906089782715e-01,3.396862149238586426e-01,1.269390061497688293e-02,4.718312919139862061e-01,5.312068462371826172e-01,2.911989986896514893e-01,3.354918062686920166e-01,3.149659335613250732e-01,2.381588518619537354e-01,3.005941212177276611e-01,4.806438088417053223e-01,5.006441473960876465e-01,3.533535599708557129e-01,3.484192788600921631e-01,2.351174503564834595e-01,2.465354353189468384e-01,3.168604373931884766e-01,4.335051774978637695e-01,5.189210772514343262e-01,5.122413635253906250e-01,2.783876359462738037e-01,3.448462188243865967e-01,2.593443393707275391e-01,-2.924168348312377930e+00,4.977290332317352295e-01,5.325289368629455566e-01,-2.380026578903198242e-01,-1.198757290840148926e+00,-1.244950592517852783e-01,-8.744306564331054688e-01,3.704282045364379883e-01,-3.644855976104736328e+00,-9.056216478347778320e-01,3.544572889804840088e-01,3.932010233402252197e-01,3.273645639419555664e-01,4.097435474395751953e-01,3.446343541145324707e-01,3.323444724082946777e-01,-1.455104708671569824e+00,-1.331346392631530762e+00,3.809274435043334961e-01,4.061733186244964600e-01,3.680936694145202637e-01,4.005814492702484131e-01,4.651231169700622559e-01,5.347840189933776855e-01,3.424851894378662109e-01,3.618356883525848389e-01,5.486404895782470703e-02
3.715535998344421387e-01,3.664708733558654785e-01,5.299271941184997559e-01,7.314132452011108398e-01,-8.894259929656982422e-01,6.367778778076171875e-02,2.106149345636367798e-01,2.083619683980941772e-01,1.900756806135177612e-01,1.237935796380043030e-01,3.188627064228057861e-01,2.431768327951431274e-01,2.948985397815704346e-01,2.318927943706512451e-01,2.746551632881164551e-01,3.380396068096160889e-01,3.644877076148986816e-01,7.456623911857604980e-01,3.419256210327148438e-01,-8.222447633743286133e-01,2.929431498050689697e-01,3.004829287528991699e-01,3.455746769905090332e-01,1.256358325481414795e-01,4.455103576183319092e-01,-4.599539279937744141e+00,-4.599539279937744141e+00,3.393793404102325439e-01,2.652411162853240967e-01,3.223187923431396484e-01,6.318272352218627930e-01,2.262849211692810059e-01,3.581327199935913086e-01,3.155816793441772461e-01,2.152228951454162598e-01,3.848506510257720947e-01,1.860415190458297729e-01,4.490137100219726562e-02,-4.303878784179687500e+00,-1.583323955535888672e+00,2.434479445219039917e-01,4.162563979625701904e-01,2.236250936985015869e-01,-4.412256553769111633e-02,3.615631759166717529e-01,7.540031075477600098e-01,1.286999732255935669e-01,3.324735760688781738e-01,-3.092540614306926727e-02,-7.866123318672180176e-01,-6.229339838027954102e-01,6.597043275833129883e-01,4.415889084339141846e-01,2.899481654167175293e-01,2.557590603828430176e-02,-3.078866720199584961e+00,1.395839750766754150e-01,2.408734858036041260e-01,4.556220173835754395e-01,6.110544204711914062e-01,2.662017345428466797e-01,3.215054869651794434e-01,1.017036736011505127e-01,2.248760312795639038e-01,3.347833454608917236e-01,4.865692257881164551e-01,7.576828598976135254e-01,2.249656766653060913e-01,2.744331359863281250e-01,4.026818275451660156e-01,3.103559315204620361e-01,3.552060425281524658e-01,3.560108244419097900e-01,7.818327546119689941e-01,2.161194682121276855e-01,1.611700952053070068e-01,1.464982777833938599e-01,2.513420581817626953e-01,3.237362504005432129e-01,3.251152634620666504e-01,7.739173173904418945e-01,2.019386440515518188e-01,2.791508436203002930e-01,2.989331185817718506e-01,3.319826126098632812e-01,2.340296357870101929e-01,6.157101988792419434e-01,7.372153401374816895e-01,7.259590625762939453e-01,1.780107617378234863e-01,2.696023285388946533e-01,-3.629703223705291748e-01,-2.909950017929077148e+00,1.458365172147750854e-01,7.197684049606323242e-01,-2.868228852748870850e-01,-9.623555541038513184e-01,2.570673525333404541e-01,-1.866822838783264160e-01,3.371421694755554199e-01,-3.843890905380249023e+00,-1.007272243499755859e+00,3.725312650203704834e-01,3.136668503284454346e-01,3.687144219875335693e-01,3.812519609928131104e-01,2.242804467678070068e-01,1.287388354539871216e-01,-1.357523679733276367e+00,-1.398659348487854004e+00,3.169905841350555420e-01,3.432943820953369141e-01,1.765314042568206787e-01,3.549263775348663330e-01,5.332765579223632812e-01,3.939359486103057861e-01,2.794432938098907471e-01,2.534660995006561279e-01,4.339978992938995361e-01
4.186779856681823730e-01,2.682309597730636597e-02,5.221934318542480469e-01,4.944738149642944336e-01,-1.978435516357421875e-01,8.366390466690063477e-01,8.694719076156616211e-01,4.736096858978271484e-01,-3.382616043090820312e-01,-6.978255510330200195e-02,1.513173699378967285e+00,7.985540628433227539e-01,-4.219315648078918457e-01,4.766713380813598633e-01,-3.562228679656982422e-01,3.058443069458007812e-01,9.211397171020507812e-01,1.475029587745666504e+00,6.735330224037170410e-01,1.498286426067352295e-02,-1.125687956809997559e-01,-6.641568243503570557e-02,3.215390443801879883e-01,9.609485864639282227e-01,4.438022077083587646e-01,-2.849967241287231445e+00,-2.849967241287231445e+00,1.064868450164794922e+00,1.923770643770694733e-02,-2.887285053730010986e-01,7.832084298133850098e-01,1.473840475082397461e+00,1.067175507545471191e+00,6.981078386306762695e-01,6.289033889770507812e-01,9.587333202362060547e-01,4.210149645805358887e-01,8.440447598695755005e-02,-2.608309030532836914e+00,-6.443248987197875977e-01,2.263655364513397217e-01,9.665587544441223145e-01,-1.067095398902893066e-01,-1.274421066045761108e-02,1.145154714584350586e+00,1.297512292861938477e+00,5.645381212234497070e-01,5.791329592466354370e-02,3.075674474239349365e-01,-8.940371274948120117e-01,-8.316469788551330566e-01,-1.192725822329521179e-01,1.134134650230407715e+00,7.854592204093933105e-01,4.191629886627197266e-01,-1.682553768157958984e+00,3.600517213344573975e-01,-4.581301212310791016e-01,1.254293918609619141e-01,8.670750260353088379e-01,1.635840386152267456e-01,7.248855233192443848e-01,8.160251379013061523e-01,3.514997065067291260e-01,-3.609720766544342041e-01,6.710473895072937012e-01,1.382210254669189453e+00,3.609917461872100830e-01,-1.855205744504928589e-01,2.763578854501247406e-02,8.407766819000244141e-01,-6.667035073041915894e-02,-7.977386116981506348e-01,3.151382505893707275e-01,8.616819977760314941e-01,7.810891419649124146e-02,-2.758340239524841309e-01,3.702482953667640686e-02,-6.146204471588134766e-01,-5.994863510131835938e-01,-2.819479405879974365e-01,4.581902325153350830e-01,1.647038310766220093e-01,-3.589703142642974854e-01,-5.599059462547302246e-01,-2.109346538782119751e-01,-5.406203866004943848e-01,1.519881248474121094e+00,8.993206024169921875e-01,5.662885904312133789e-01,-1.119100809097290039e+00,-5.669007301330566406e-01,-2.160190820693969727e+00,3.800544738769531250e-01,8.270526528358459473e-01,5.630677342414855957e-01,-3.764967620372772217e-01,2.081005275249481201e-01,-5.360947847366333008e-01,-2.246605604887008667e-01,-2.316930294036865234e+00,1.207434833049774170e-01,1.065031409263610840e+00,9.159040451049804688e-01,-3.520451784133911133e-01,4.849167168140411377e-02,-2.651210725307464600e-01,-6.115676835179328918e-02,-1.632120013236999512e+00,-1.448664784431457520e+00,7.698139548301696777e-01,-4.354978352785110474e-02,2.061961293220520020e-01,-2.849967241287231445e+00,-2.849967241287231445e+00,-2.849967241287231445e+00,-2.849967241287231445e+00,5.810387730598449707e-01,-6.624738574028015137e-01
1.608432531356811523e-01,-4.517770186066627502e-02,-3.555859625339508057e-01,1.419748187065124512e+00,-7.192851603031158447e-02,9.145442843437194824e-01,-1.362954229116439819e-01,2.371099740266799927e-01,-3.170817792415618896e-01,-7.106301188468933105e-02,1.325583338737487793e+00,1.020284414291381836e+00,9.219722747802734375e-01,5.820435881614685059e-01,5.838072299957275391e-01,-1.285224705934524536e-01,4.632351994514465332e-01,1.430071592330932617e+00,1.140999078750610352e+00,1.724225729703903198e-01,4.539435207843780518e-01,-2.695327103137969971e-01,-1.354992240667343140e-01,6.372278928756713867e-02,8.090640902519226074e-01,-2.454071521759033203e+00,-2.454071521759033203e+00,3.671119511127471924e-01,5.042468309402465820e-01,-1.821084618568420410e-01,1.530646532773971558e-01,1.409335494041442871e+00,1.046919226646423340e+00,-8.226730227470397949e-01,-4.933107197284698486e-01,-9.677586555480957031e-01,-3.791027367115020752e-01,-1.225843206048011780e-01,-2.240353345870971680e+00,-2.877695560455322266e-01,-2.242659628391265869e-01,2.841563522815704346e-01,-1.088036000728607178e-01,2.355577051639556885e-01,1.062346547842025757e-01,7.096967697143554688e-01,9.352632164955139160e-01,-3.212500214576721191e-01,6.854546666145324707e-01,-2.848469018936157227e-01,-6.595072746276855469e-01,6.903325915336608887e-01,1.211972713470458984e+00,9.829624891281127930e-01,6.188277006149291992e-01,-1.354525208473205566e+00,-5.078801512718200684e-01,-4.776155352592468262e-01,1.708295345306396484e-01,1.346462130546569824e+00,-4.858943223953247070e-01,9.228613376617431641e-01,-4.434198513627052307e-02,6.858827471733093262e-01,-3.180498480796813965e-01,2.487457394599914551e-01,1.164664506912231445e+00,5.669928193092346191e-01,4.714663326740264893e-01,3.885082304477691650e-01,4.513924717903137207e-01,-2.003719508647918701e-01,1.287576198577880859e+00,9.140698313713073730e-01,2.557296492159366608e-02,8.845045566558837891e-01,1.131270289421081543e+00,8.838538527488708496e-01,2.496567219495773315e-01,-2.429277151823043823e-01,1.408766269683837891e+00,1.181073427200317383e+00,3.023649752140045166e-01,-4.142452180385589600e-01,-8.930928111076354980e-01,-5.304978489875793457e-01,6.224716305732727051e-01,1.433466196060180664e+00,1.419320225715637207e+00,1.076169371604919434e+00,-5.315310955047607422e-01,8.205976486206054688e-01,-1.987845897674560547e+00,6.718809008598327637e-01,8.217284679412841797e-01,5.026111602783203125e-01,-6.807777881622314453e-01,-1.005997896194458008e+00,-1.187024474143981934e+00,-9.066509008407592773e-01,-2.141743421554565430e+00,2.489840686321258545e-01,1.133532881736755371e+00,2.543386220932006836e-01,3.107177615165710449e-01,-5.565656423568725586e-01,-7.864091545343399048e-02,-1.988797448575496674e-03,-5.160225033760070801e-01,-2.454071521759033203e+00,-2.390368700027465820e+00,-3.461929857730865479e-01,-4.908192455768585205e-01,-2.454071521759033203e+00,-2.454071521759033203e+00,-2.454071521759033203e+00,-2.454071521759033203e+00,-4.400458633899688721e-01,-1.107685804367065430e+00
2.327509075403213501e-01,5.826501250267028809e-01,7.459090352058410645e-01,8.009247779846191406e-01,-3.873754739761352539e-01,3.469391763210296631e-01,3.216872811317443848e-01,4.700263738632202148e-01,4.538780748844146729e-01,7.380243539810180664e-01,8.045988678932189941e-01,5.440287590026855469e-01,5.949897170066833496e-01,4.606366455554962158e-01,4.433671832084655762e-01,5.904735326766967773e-01,4.480685889720916748e-01,8.343333005905151367e-01,5.729104876518249512e-01,-4.372616708278656006e-01,7.738377898931503296e-02,3.059706687927246094e-01,5.624905824661254883e-01,6.284726858139038086e-01,3.610908985137939453e-01,-3.542123794555664062e+00,-3.542123794555664062e+00,5.503429174423217773e-01,4.976286292076110840e-01,6.229429244995117188e-01,7.119692564010620117e-01,8.221973180770874023e-01,6.360209584236145020e-01,5.934758186340332031e-01,5.991259813308715820e-01,6.001387834548950195e-01,6.211209297180175781e-01,7.707281708717346191e-01,-3.301868200302124023e+00,-9.415630102157592773e-01,5.827298164367675781e-01,3.153356313705444336e-01,5.862835049629211426e-01,1.566644757986068726e-01,-3.503211438655853271e-01,7.873439192771911621e-01,-4.291786551475524902e-01,-3.241421580314636230e-01,5.349063873291015625e-01,-4.488292932510375977e-01,-1.729831695556640625e+00,7.436514496803283691e-01,8.068865537643432617e-01,5.877637267112731934e-01,-2.020844221115112305e-01,-2.282981634140014648e+00,-5.483388900756835938e-01,-1.301639914512634277e+00,2.930513322353363037e-01,8.046307563781738281e-01,-1.442781239748001099e-01,5.451141595840454102e-01,-2.817121446132659912e-01,-9.277519583702087402e-01,2.652132511138916016e-01,7.516282200813293457e-01,1.520990431308746338e-01,5.712187886238098145e-01,-4.639559388160705566e-01,-1.011372447013854980e+00,5.022255778312683105e-01,5.464092493057250977e-01,7.161356210708618164e-01,8.067360520362854004e-01,-2.250435352325439453e+00,4.674553871154785156e-01,5.616413950920104980e-01,4.957396984100341797e-01,5.336155891418457031e-01,7.588400244712829590e-01,8.212255835533142090e-01,5.907001495361328125e-01,2.641550898551940918e-01,3.455764949321746826e-01,-4.206402227282524109e-02,5.687593817710876465e-01,7.349398732185363770e-01,-2.007351815700531006e-01,8.039348721504211426e-01,-2.450526952743530273e-01,5.474620461463928223e-01,3.067433834075927734e-01,-2.129252433776855469e+00,7.537653446197509766e-01,8.021783828735351562e-01,8.377758413553237915e-02,-7.338774800300598145e-01,4.156055748462677002e-01,-1.268896758556365967e-01,3.796419799327850342e-01,-2.715161085128784180e+00,-3.809356391429901123e-01,5.705158710479736328e-01,-1.678195118904113770e+00,-5.467382669448852539e-01,5.435670018196105957e-01,-5.564951896667480469e-01,6.162311434745788574e-01,-2.167868375778198242e+00,-8.105404973030090332e-01,-9.808359146118164062e-01,6.007336974143981934e-01,-1.987541556358337402e+00,5.602107048034667969e-01,-3.140479087829589844e+00,-6.972786188125610352e-01,5.626860857009887695e-01,1.884139329195022583e-01,1.076689139008522034e-01
4.283016175031661987e-02,5.372664928436279297e-01,6.380742788314819336e-01,1.351482272148132324e+00,-9.295370578765869141e-01,-3.286935687065124512e-01,3.656763732433319092e-01,-8.551360666751861572e-02,-3.443316817283630371e-01,2.432765513658523560e-01,1.373077630996704102e+00,4.165956676006317139e-01,-9.601954817771911621e-01,9.080432355403900146e-02,-5.881019234657287598e-01,1.149712800979614258e-01,6.243775486946105957e-01,1.417791604995727539e+00,2.434310168027877808e-01,-4.294714033603668213e-01,-3.924208581447601318e-01,-3.520744740962982178e-01,1.263036280870437622e-01,6.514406800270080566e-01,6.892991065979003906e-01,-3.830470800399780273e+00,-3.830470800399780273e+00,5.483279824256896973e-01,1.528910398483276367e-01,9.528754353523254395e-01,1.093181252479553223e+00,1.327608108520507812e+00,9.850427508354187012e-01,3.891237974166870117e-01,2.990994751453399658e-01,9.355905652046203613e-01,7.006171941757202148e-01,3.133165836334228516e-01,-3.550491094589233398e+00,-1.362236022949218750e+00,-2.201995998620986938e-01,9.789928197860717773e-01,-9.845943003892898560e-02,2.624814212322235107e-01,1.252929568290710449e+00,1.084835886955261230e+00,-1.998450905084609985e-01,-3.431065082550048828e-01,7.481214404106140137e-02,-1.300729036331176758e+00,-5.242125988006591797e-01,-7.382796406745910645e-01,1.299941301345825195e+00,1.930188238620758057e-01,-7.362046837806701660e-02,-2.349770784378051758e+00,-4.893595352768898010e-02,-2.920479476451873779e-01,2.148717790842056274e-01,1.280232667922973633e+00,-4.334753751754760742e-01,1.735359281301498413e-01,1.001002192497253418e-01,-1.093593016266822815e-01,-1.650895476341247559e-01,1.087810873985290527e+00,1.320206046104431152e+00,-1.684923470020294189e-01,-8.771122097969055176e-01,-3.994569480419158936e-01,3.254996538162231445e-01,6.384045481681823730e-01,-3.013296127319335938e-01,8.815736174583435059e-01,3.073450624942779541e-01,-4.391356110572814941e-01,-4.952056705951690674e-01,-4.605646431446075439e-01,-6.920543909072875977e-01,6.403031945228576660e-01,1.103601098060607910e+00,-1.053624451160430908e-01,-4.690906405448913574e-01,1.308109015226364136e-01,-4.704094529151916504e-01,6.364613026380538940e-02,9.919576644897460938e-01,1.328748703002929688e+00,1.282682657241821289e+00,3.808240965008735657e-02,-2.275540977716445923e-01,-9.375127553939819336e-01,-2.778009653091430664e+00,3.931824266910552979e-01,1.162491798400878906e+00,-4.330167472362518311e-01,-8.854043483734130859e-01,1.870758086442947388e-01,-1.067716121673583984e+00,1.205098479986190796e-01,-2.855040550231933594e+00,-1.221340373158454895e-01,6.179854273796081543e-01,7.605463266372680664e-01,7.800392061471939087e-02,8.897365629673004150e-02,4.073235094547271729e-01,-1.098953858017921448e-01,-1.369944572448730469e+00,-1.306032896041870117e+00,5.909721851348876953e-01,3.609823808073997498e-02,5.189028382301330566e-01,6.047806143760681152e-01,4.785184264183044434e-01,1.175437569618225098e+00,4.592588841915130615e-01,1.855051070451736450e-01,-6.947490572929382324e-01
5.080125331878662109e-01,3.185844421386718750e-01,5.928907394409179688e-01,5.966584086418151855e-01,-4.970340728759765625e-01,2.762844860553741455e-01,3.865688145160675049e-01,3.777039051055908203e-01,3.804640769958496094e-01,5.604254007339477539e-01,5.991263389587402344e-01,4.055341780185699463e-01,4.014066457748413086e-01,4.893457591533660889e-01,4.296545684337615967e-01,5.389920473098754883e-01,2.710424065589904785e-01,6.112246513366699219e-01,4.982128739356994629e-01,-4.466365873813629150e-01,-1.707301139831542969e+00,4.845829904079437256e-01,2.856093049049377441e-01,4.673836231231689453e-01,4.826788306236267090e-01,-3.378082513809204102e+00,-3.378082513809204102e+00,5.115064382553100586e-01,-1.750583767890930176e+00,-2.268969297409057617e+00,5.524593591690063477e-01,-5.549306869506835938e-01,-2.740711688995361328e+00,4.802664518356323242e-01,4.982567131519317627e-01,4.936638772487640381e-01,5.067134499549865723e-01,-1.471350550651550293e+00,-3.378082513809204102e+00,-1.995924949645996094e+00,2.313393503427505493e-01,4.508004486560821533e-01,5.030413866043090820e-01,2.342614829540252686e-01,5.835865736007690430e-01,6.195241808891296387e-01,-2.334465026855468750e+00,-2.926070928573608398e+00,4.843669831752777100e-01,-3.706830441951751709e-01,-1.505199968814849854e-01,5.331128239631652832e-01,5.961724519729614258e-01,4.754703342914581299e-01,5.103502869606018066e-01,-2.221387624740600586e+00,-5.098440870642662048e-02,4.772633314132690430e-01,5.665673017501831055e-01,5.714421868324279785e-01,4.847576618194580078e-01,4.634799957275390625e-01,2.922692596912384033e-01,5.111570358276367188e-01,4.611248075962066650e-01,5.640732645988464355e-01,5.967361927032470703e-01,4.995653331279754639e-01,4.280966222286224365e-01,4.738710820674896240e-01,4.797979593276977539e-01,-1.227359056472778320e+00,5.722250938415527344e-01,-4.793376326560974121e-01,4.301929473876953125e-01,4.627701044082641602e-01,4.189188778400421143e-01,-1.915405511856079102e+00,4.201925396919250488e-01,5.706496834754943848e-01,5.898246765136718750e-01,4.392246007919311523e-01,4.190348088741302490e-01,4.393024146556854248e-01,4.846242666244506836e-01,4.545642733573913574e-01,5.563296079635620117e-01,5.967870354652404785e-01,5.653202533721923828e-01,4.778826832771301270e-01,4.940084815025329590e-01,4.367468059062957764e-01,-2.076312541961669922e+00,5.377835035324096680e-01,5.930708050727844238e-01,2.876158617436885834e-02,-5.240792036056518555e-01,3.897275924682617188e-01,-3.964208066463470459e-01,4.709680080413818359e-01,-2.619234561920166016e+00,-4.932495951652526855e-01,4.655493199825286865e-01,4.843463599681854248e-01,4.400047063827514648e-01,3.384531438350677490e-01,4.735201299190521240e-01,4.562152922153472900e-01,-9.317842721939086914e-01,-8.364698886871337891e-01,4.759165942668914795e-01,5.000354051589965820e-01,5.077314376831054688e-01,5.166519284248352051e-01,5.546334981918334961e-01,5.890687704086303711e-01,4.685597717761993408e-01,4.738615751266479492e-01,4.305137693881988525e-01
3.873325586318969727e-01,5.005685091018676758e-01,7.277159094810485840e-01,6.964679360389709473e-01,-4.518181383609771729e-01,3.758896887302398682e-01,4.396233558654785156e-01,4.812692403793334961e-01,3.502734601497650146e-01,6.817607283592224121e-01,8.475763201713562012e-01,5.327556133270263672e-01,6.324425935745239258e-01,5.952861309051513672e-01,4.996890574693679810e-02,4.051463007926940918e-01,1.577106267213821411e-01,8.683988451957702637e-01,6.355276107788085938e-01,-5.504219532012939453e-01,5.994704961776733398e-01,5.344310402870178223e-01,4.341441094875335693e-01,3.204513490200042725e-01,-9.817056655883789062e-01,-4.150106430053710938e+00,-4.150106430053710938e+00,3.321181237697601318e-01,4.197955131530761719e-01,2.555173337459564209e-01,4.506094455718994141e-01,7.162621021270751953e-01,5.081584453582763672e-01,2.831853926181793213e-01,5.994319915771484375e-01,3.562731742858886719e-01,4.465346038341522217e-01,2.455876022577285767e-02,-3.880413293838500977e+00,-1.289457678794860840e+00,5.726097226142883301e-01,3.121312558650970459e-01,5.780354142189025879e-01,-7.506396174430847168e-01,6.375214457511901855e-01,8.341996669769287109e-01,5.544916987419128418e-01,5.872362256050109863e-01,3.757639229297637939e-01,-6.350142955780029297e-01,-6.828404068946838379e-01,-9.450197815895080566e-01,7.944977283477783203e-01,5.648393034934997559e-01,5.608394742012023926e-01,-2.733575582504272461e+00,3.459714353084564209e-01,-1.612165570259094238e-02,-1.186254918575286865e-01,3.446327447891235352e-01,5.448544621467590332e-01,4.638927876949310303e-01,3.771403431892395020e-01,5.301654934883117676e-01,3.283941745758056641e-01,3.740086257457733154e-01,8.480367660522460938e-01,1.306023895740509033e-01,4.189152121543884277e-01,3.790327310562133789e-01,3.850162327289581299e-01,2.482215315103530884e-01,-1.345207571983337402e+00,-9.607849270105361938e-02,1.527494043111801147e-01,5.283562541007995605e-01,5.424245595932006836e-01,3.144881427288055420e-01,-3.538978397846221924e-01,-6.384441256523132324e-01,3.174210786819458008e-01,4.471410512924194336e-01,3.337793052196502686e-01,-5.179030299186706543e-01,2.885563075542449951e-01,-1.065465509891510010e-01,-1.261967271566390991e-01,6.284792423248291016e-01,5.954037904739379883e-01,4.533942937850952148e-01,4.065344631671905518e-01,3.057169616222381592e-01,-3.000593185424804688e+00,-3.267571628093719482e-01,8.323985338211059570e-01,-1.330150570720434189e-02,-7.052798867225646973e-01,3.264105021953582764e-01,-1.512527465820312500e-01,-7.532491534948348999e-02,-3.354945421218872070e+00,-6.239336729049682617e-01,4.475142657756805420e-01,5.664785504341125488e-01,5.938662886619567871e-01,2.626512646675109863e-01,-9.329363703727722168e-02,-5.884878635406494141e-01,-2.245870590209960938e+00,-2.473778486251831055e+00,5.563042163848876953e-01,5.145415067672729492e-01,5.586773157119750977e-01,-1.357906013727188110e-01,-3.254342973232269287e-01,-5.674365535378456116e-02,5.613632202148437500e-01,5.468320250511169434e-01,-1.282611340284347534e-01
4.153249561786651611e-01,4.348430037498474121e-01,-8.738976120948791504e-01,1.225928902626037598e+00,-3.690593242645263672e-01,7.192032933235168457e-01,5.203042626380920410e-01,1.645041257143020630e-01,-8.338767886161804199e-01,5.073449611663818359e-01,4.410299956798553467e-01,5.177239775657653809e-01,-4.957660436630249023e-01,2.391988784074783325e-01,-4.632797837257385254e-01,-2.335283160209655762e-01,3.151165843009948730e-01,1.266034841537475586e+00,8.113411664962768555e-01,-4.134210348129272461e-01,-6.040748581290245056e-02,-4.309972524642944336e-01,-3.175680041313171387e-01,6.953842192888259888e-02,1.917957812547683716e-01,-4.118161678314208984e+00,-4.118161678314208984e+00,4.521555006504058838e-01,7.393878698348999023e-01,1.171967387199401855e-01,4.175453782081604004e-01,1.171743392944335938e+00,1.098441720008850098e+00,2.411662191152572632e-01,2.671307325363159180e-01,-5.264875665307044983e-02,-1.648248881101608276e-01,8.512818813323974609e-02,-3.819957017898559570e+00,-1.426007151603698730e+00,-8.857738971710205078e-01,5.662649273872375488e-01,3.534975945949554443e-01,-2.858678102493286133e-01,5.469510555267333984e-01,9.337022900581359863e-01,2.163008600473403931e-01,-1.683396995067596436e-01,4.929585754871368408e-01,-1.112155199050903320e+00,-9.768670797348022461e-01,5.284602642059326172e-01,1.239272713661193848e+00,7.184385061264038086e-01,-8.125906437635421753e-02,-2.557809114456176758e+00,-3.048264980316162109e-01,-4.224107563495635986e-01,3.695825040340423584e-01,2.788304984569549561e-01,-3.810696005821228027e-01,9.955853819847106934e-01,-1.027635782957077026e-01,3.985569179058074951e-01,2.472022026777267456e-01,4.112371504306793213e-01,-5.320598930120468140e-02,1.013614654541015625e+00,-2.209246456623077393e-01,2.507540285587310791e-01,6.102608442306518555e-01,2.447967380285263062e-01,5.975784659385681152e-01,6.072939038276672363e-01,1.784753650426864624e-01,-1.153268441557884216e-01,-3.078296184539794922e-01,-1.955216228961944580e-01,-6.991667747497558594e-01,7.881649136543273926e-01,1.056559920310974121e+00,2.881592512130737305e-01,-7.813047617673873901e-02,6.624654531478881836e-01,-3.535716533660888672e-01,4.785155951976776123e-01,1.167402505874633789e+00,1.274355053901672363e+00,1.185708165168762207e+00,2.046589404344558716e-01,-8.526603877544403076e-02,-2.941791117191314697e-01,-2.769912958145141602e+00,6.408533453941345215e-01,1.236569523811340332e+00,-6.073927134275436401e-02,-1.014802694320678711e+00,-4.025571048259735107e-01,-1.047595262527465820e+00,1.883184015750885010e-01,-3.180449247360229492e+00,-2.296425700187683105e-01,5.019598007202148438e-01,7.285040020942687988e-01,7.757952213287353516e-01,1.422304101288318634e-02,-1.263843029737472534e-01,1.235312037169933319e-02,-1.338857531547546387e+00,-8.721790909767150879e-01,8.496477603912353516e-01,-3.907743990421295166e-01,-1.482283975929021835e-02,4.079724550247192383e-01,8.104793429374694824e-01,1.175686120986938477e+00,9.928358197212219238e-01,9.268273413181304932e-02,-4.400691092014312744e-01
-5.637356266379356384e-02,4.444534778594970703e-01,8.992440700531005859e-01,9.539789557456970215e-01,-1.085559606552124023e+00,-9.126115441322326660e-01,1.547974944114685059e-01,3.500913828611373901e-02,-7.751587033271789551e-02,1.355176717042922974e-01,9.448792338371276855e-01,1.484920829534530640e-01,-1.327707171440124512e+00,1.808381639420986176e-02,5.161702632904052734e-02,2.164385281503200531e-02,7.436755299568176270e-01,9.533970355987548828e-01,7.575789690017700195e-01,-6.040176153182983398e-01,-5.934731364250183105e-01,-2.404191493988037109e-01,1.202947124838829041e-01,7.593206763267517090e-01,7.026734948158264160e-01,-4.024267196655273438e+00,-4.024267196655273438e+00,5.349572896957397461e-01,1.017131730914115906e-01,7.953725457191467285e-01,8.732751607894897461e-01,9.488602280616760254e-01,8.121954798698425293e-01,5.599550008773803711e-01,6.123884320259094238e-01,7.929887175559997559e-01,8.196779489517211914e-01,6.457895636558532715e-01,-3.750484466552734375e+00,-1.337884426116943359e+00,-3.903732895851135254e-01,7.833813428878784180e-01,-2.501790523529052734e-01,4.064612984657287598e-01,8.997536897659301758e-01,9.374188184738159180e-01,-3.988887369632720947e-01,-4.664981365203857422e-01,1.006195992231369019e-01,-1.467022538185119629e+00,-4.734227657318115234e-01,-3.507196903228759766e-01,9.295129776000976562e-01,8.918421715497970581e-02,-4.657657444477081299e-01,-2.570724248886108398e+00,-1.870567202568054199e-01,3.057942390441894531e-01,8.245952129364013672e-01,9.086387753486633301e-01,-5.984494090080261230e-01,3.725648671388626099e-02,-7.885504513978958130e-02,-6.160265207290649414e-02,2.387474477291107178e-02,8.587597012519836426e-01,9.326532483100891113e-01,2.059803344309329987e-02,-1.013692736625671387e+00,-4.392085596919059753e-02,5.038576722145080566e-01,7.174297571182250977e-01,4.742950201034545898e-01,9.313269257545471191e-01,2.693511247634887695e-01,-7.642072439193725586e-01,-6.747628450393676758e-01,-4.754574000835418701e-01,-4.953544437885284424e-01,8.725547790527343750e-01,9.277973771095275879e-01,-1.235158294439315796e-01,-5.726711750030517578e-01,2.820927798748016357e-01,-4.885180890560150146e-01,7.402061820030212402e-01,8.771016597747802734e-01,9.476482868194580078e-01,9.282849431037902832e-01,1.025599390268325806e-01,-1.340554803609848022e-01,-9.226431250572204590e-01,-2.382362365722656250e+00,8.329393267631530762e-01,9.282468557357788086e-01,-5.686420202255249023e-01,-1.055834054946899414e+00,7.289095968008041382e-02,-1.045915246009826660e+00,3.673454523086547852e-01,-3.079735994338989258e+00,-4.393855035305023193e-01,6.729865074157714844e-01,7.573322057723999023e-01,2.255254685878753662e-01,1.438308358192443848e-01,7.895374298095703125e-01,5.975691676139831543e-01,-9.804902076721191406e-01,-8.781376481056213379e-01,6.523510217666625977e-01,2.890756130218505859e-01,7.482244372367858887e-01,7.672726511955261230e-01,6.552685499191284180e-01,8.542208671569824219e-01,7.142192721366882324e-01,2.784167528152465820e-01,-3.886516690254211426e-01
3.672344088554382324e-01,3.553688228130340576e-01,5.455704331398010254e-01,5.830919742584228516e-01,-8.291511535644531250e-01,-2.138901203870773315e-01,1.950920373201370239e-01,1.356949061155319214e-01,2.283985614776611328e-01,5.383396148681640625e-01,5.848675370216369629e-01,1.919046789407730103e-01,1.003674790263175964e-01,3.139356076717376709e-01,2.707504332065582275e-01,2.406710535287857056e-01,3.749459087848663330e-01,6.036137938499450684e-01,3.125760555267333984e-01,-9.161862134933471680e-01,3.478997349739074707e-01,3.706592023372650146e-01,4.053712785243988037e-01,4.206471741199493408e-01,-1.711715161800384521e-01,-4.625465869903564453e+00,-4.625465869903564453e+00,2.222596108913421631e-01,2.953613102436065674e-01,3.596720993518829346e-01,5.147203207015991211e-01,5.755068659782409668e-01,3.263481855392456055e-01,3.556526899337768555e-01,3.627923429012298584e-01,3.496981263160705566e-01,2.970747649669647217e-01,5.620003342628479004e-01,-4.336897850036621094e+00,-1.523933410644531250e+00,3.372109830379486084e-01,1.194555982947349548e-01,3.542044460773468018e-01,-6.255591660737991333e-02,5.592198967933654785e-01,5.834794044494628906e-01,2.688666880130767822e-01,-1.989552676677703857e-01,2.874612808227539062e-01,-7.386208772659301758e-01,-5.251666903495788574e-01,5.084798932075500488e-01,6.023396253585815430e-01,2.990078032016754150e-01,7.792915403842926025e-02,-3.157891273498535156e+00,3.759735524654388428e-01,3.566906750202178955e-01,4.987739920616149902e-01,5.299796462059020996e-01,2.509756982326507568e-01,2.951665818691253662e-01,7.263553142547607422e-02,2.393525242805480957e-01,2.826566398143768311e-01,5.049555897712707520e-01,5.903414487838745117e-01,1.940490603446960449e-01,7.479026913642883301e-02,1.790135055780410767e-01,2.092586457729339600e-01,2.888660132884979248e-01,5.094453692436218262e-01,5.965052247047424316e-01,1.945649534463882446e-01,9.350545704364776611e-02,2.890172600746154785e-01,1.902969032526016235e-01,2.338703572750091553e-01,5.014997720718383789e-01,5.880126357078552246e-01,1.701024025678634644e-01,2.530807256698608398e-01,2.529398202896118164e-01,3.233045935630798340e-01,3.224779367446899414e-01,5.320535898208618164e-01,5.620024204254150391e-01,5.382733345031738281e-01,2.401315420866012573e-01,6.566990911960601807e-02,1.337088048458099365e-01,-2.937854766845703125e+00,4.931273162364959717e-01,5.947462320327758789e-01,-2.968717515468597412e-01,-1.477126955986022949e+00,3.425025343894958496e-01,-1.342947632074356079e-01,3.663372993469238281e-01,-3.632690906524658203e+00,-8.343245983123779297e-01,3.306804597377777100e-01,2.864232957363128662e-01,2.942806482315063477e-01,3.533280491828918457e-01,3.649470806121826172e-01,4.067503213882446289e-01,-1.418647289276123047e+00,-1.387486457824707031e+00,2.677163779735565186e-01,3.021777570247650146e-01,3.474977910518646240e-01,3.374015986919403076e-01,5.192224979400634766e-01,3.160344064235687256e-01,2.803216278553009033e-01,2.981148362159729004e-01,3.033545911312103271e-01
-6.831919401884078979e-02,3.786947131156921387e-01,5.192358493804931641e-01,5.451347827911376953e-01,-7.471857666969299316e-01,1.281754821538925171e-01,-5.893749743700027466e-02,2.692618668079376221e-01,2.817926704883575439e-01,5.349732637405395508e-01,5.363667607307434082e-01,3.329893350601196289e-01,4.162073135375976562e-01,5.320941656827926636e-02,5.280939862132072449e-03,3.982816338539123535e-01,3.478842079639434814e-01,5.635882616043090820e-01,3.793355524539947510e-01,-8.453168272972106934e-01,3.285253345966339111e-01,-7.689477503299713135e-02,3.604502379894256592e-01,3.439569175243377686e-01,3.451377451419830322e-01,-4.582154750823974609e+00,-4.582154750823974609e+00,4.305188655853271484e-01,3.088727891445159912e-01,4.408322572708129883e-01,5.095928907394409180e-01,5.431174635887145996e-01,4.398256242275238037e-01,4.041115939617156982e-01,4.224273562431335449e-01,4.480244815349578857e-01,4.271182119846343994e-01,5.318784713745117188e-01,-4.298072814941406250e+00,-1.418710231781005859e+00,4.158427417278289795e-01,-1.328072138130664825e-02,4.250198900699615479e-01,1.789002418518066406e-01,5.441949963569641113e-01,5.635882616043090820e-01,3.792541325092315674e-01,-6.770085692405700684e-01,3.702264726161956787e-01,-8.259842991828918457e-01,-4.845894277095794678e-01,5.044847726821899414e-01,5.543118715286254883e-01,3.923723101615905762e-01,4.068438708782196045e-01,-3.088004112243652344e+00,-5.542784929275512695e-01,4.156280755996704102e-01,5.371380448341369629e-01,5.254883170127868652e-01,4.171065986156463623e-01,3.361833989620208740e-01,-7.185517549514770508e-01,4.256153404712677002e-01,3.590543270111083984e-01,5.197320580482482910e-01,5.416287779808044434e-01,3.902294337749481201e-01,4.002167284488677979e-01,4.213680624961853027e-01,3.851335048675537109e-01,3.312657177448272705e-01,4.865335822105407715e-01,5.540019869804382324e-01,3.337448239326477051e-01,1.983806341886520386e-01,3.832984864711761475e-01,3.298620879650115967e-01,3.692198693752288818e-01,5.174474120140075684e-01,5.497101545333862305e-01,3.914718031883239746e-01,-8.437866717576980591e-02,-8.083824813365936279e-02,-3.289849162101745605e-01,3.959815800189971924e-01,5.189198851585388184e-01,5.394109487533569336e-01,5.333671569824218750e-01,-1.320871859788894653e-01,4.193001389503479004e-01,1.450904905796051025e-01,-2.880630493164062500e+00,5.139090418815612793e-01,5.423984527587890625e-01,-1.912169754505157471e-01,-1.294788360595703125e+00,1.194868832826614380e-01,-4.690942168235778809e-01,-1.370605733245611191e-02,-3.602563381195068359e+00,-8.511439561843872070e-01,3.247702121734619141e-01,3.414859175682067871e-01,4.096875488758087158e-01,4.279810190200805664e-01,4.125344455242156982e-01,3.668574094772338867e-01,-1.403059840202331543e+00,-1.305888891220092773e+00,4.187107384204864502e-01,3.685939908027648926e-01,4.005043208599090576e-01,3.841228187084197998e-01,4.830357134342193604e-01,5.329337120056152344e-01,3.639963269233703613e-01,5.216430500149726868e-02,-1.667196601629257202e-01
-1.174137443304061890e-01,1.592114120721817017e-01,5.190748721361160278e-03,2.107919454574584961e+00,1.091006547212600708e-01,1.212794423103332520e+00,7.292029857635498047e-01,3.430233895778656006e-01,-1.551714092493057251e-01,-7.656078785657882690e-02,2.188776254653930664e+00,1.047216653823852539e+00,-1.785791218280792236e-01,-2.313675582408905029e-01,5.352154001593589783e-02,5.663016811013221741e-02,9.074301123619079590e-01,2.217567205429077148e+00,1.105097889900207520e+00,-5.399774312973022461e-01,-3.887116312980651855e-01,-2.384986579418182373e-01,-1.567239612340927124e-01,2.132421731948852539e-01,9.534594416618347168e-01,-3.458143949508666992e+00,-3.458143949508666992e+00,-1.590528041124343872e-01,-1.018776148557662964e-01,-7.265758514404296875e-01,2.952814698219299316e-01,4.252100884914398193e-01,3.143971860408782959e-01,-2.760001420974731445e-01,-1.166943162679672241e-01,-3.897258341312408447e-01,-4.912388324737548828e-01,-9.860685467720031738e-02,-3.185880899429321289e+00,-1.433924078941345215e+00,-4.755623340606689453e-01,7.208983302116394043e-01,-3.857852146029472351e-02,-1.103566408157348633e+00,-4.423918947577476501e-02,1.516873002052307129e+00,-2.820847332477569580e-01,1.749791651964187622e-01,-3.298448920249938965e-01,-9.434569478034973145e-01,-9.442570805549621582e-01,6.121279001235961914e-01,1.646194458007812500e+00,4.820198565721511841e-02,1.119938492774963379e+00,-1.856077075004577637e+00,4.286738634109497070e-01,-1.326515674591064453e-01,-2.408520728349685669e-01,1.100952625274658203e+00,8.923537135124206543e-01,1.429727435111999512e+00,4.493898749351501465e-01,7.748444378376007080e-02,-1.079874858260154724e-01,1.279636919498443604e-01,2.129772663116455078e+00,6.264626048505306244e-03,8.172174096107482910e-01,4.410164356231689453e-01,3.613003492355346680e-01,-1.492405086755752563e-01,3.378715813159942627e-01,1.441957712173461914e+00,1.078404664993286133e+00,-7.921630740165710449e-01,3.109860718250274658e-01,2.154706418514251709e-01,-5.511482805013656616e-02,1.148736178874969482e-01,4.867685139179229736e-01,-4.178144037723541260e-01,-3.209626078605651855e-01,1.980640143156051636e-01,-3.007624745368957520e-01,-5.100246667861938477e-01,3.305439651012420654e-01,8.688582777976989746e-01,2.311794757843017578e+00,-3.059844672679901123e-01,-5.086844787001609802e-02,-4.595285654067993164e-01,-2.391194343566894531e+00,-2.816081643104553223e-01,1.590682744979858398e+00,-3.424647152423858643e-01,-5.250603556632995605e-01,3.928955197334289551e-01,-5.587477684020996094e-01,-5.616339445114135742e-01,-2.903661966323852539e+00,-2.851737141609191895e-01,8.258329629898071289e-01,-1.627201288938522339e-01,-2.170772701501846313e-01,-2.574971616268157959e-01,-3.366461396217346191e-01,-7.791445851325988770e-01,-1.536953091621398926e+00,-1.309378862380981445e+00,-2.382986247539520264e-01,-3.062371611595153809e-01,-2.082441002130508423e-01,-3.913577198982238770e-01,-3.100834488868713379e-01,6.890715360641479492e-01,-7.794041186571121216e-03,-2.382389605045318604e-01,2.500277459621429443e-01
5.536951422691345215e-01,5.700775384902954102e-01,6.130986213684082031e-01,6.158518791198730469e-01,-3.563171327114105225e-01,3.433876335620880127e-01,4.481753706932067871e-01,4.389874637126922607e-01,4.488851428031921387e-01,6.215397119522094727e-01,6.076282262802124023e-01,4.314773082733154297e-01,5.295462012290954590e-01,5.365961790084838867e-01,4.925147294998168945e-01,5.494670271873474121e-01,-7.526371479034423828e-01,6.373846530914306641e-01,5.507917404174804688e-01,-3.826898932456970215e-01,-1.636284112930297852e+00,5.566371083259582520e-01,3.553751409053802490e-01,5.150726437568664551e-01,5.617427229881286621e-01,-3.280578374862670898e+00,-3.280578374862670898e+00,5.808278918266296387e-02,-1.668853402137756348e+00,-2.196099996566772461e+00,6.182008385658264160e-01,-5.115514993667602539e-01,-2.655058860778808594e+00,-1.653312444686889648e-01,5.330982208251953125e-01,5.624948143959045410e-01,3.109252154827117920e-01,-1.415344715118408203e+00,-3.280578374862670898e+00,-1.934902071952819824e+00,5.420785546302795410e-01,5.567776560783386230e-01,5.329530239105224609e-01,3.556546568870544434e-01,6.230238080024719238e-01,-1.465829163789749146e-01,-2.259868383407592773e+00,-2.611727714538574219e+00,5.259895920753479004e-01,-3.053677082061767578e-01,-6.724688410758972168e-02,6.170039772987365723e-01,6.268460750579833984e-01,5.040830969810485840e-01,5.645271539688110352e-01,-2.120396375656127930e+00,4.945344030857086182e-01,5.289794802665710449e-01,6.010243296623229980e-01,5.971483588218688965e-01,5.124040246009826660e-01,5.340418219566345215e-01,3.937026560306549072e-01,5.450174808502197266e-01,5.454622507095336914e-01,6.108883619308471680e-01,6.311161518096923828e-01,5.290890932083129883e-01,5.320249199867248535e-01,5.407674312591552734e-01,5.595312118530273438e-01,-1.113281846046447754e+00,6.203907132148742676e-01,-4.518054723739624023e-01,4.918657839298248291e-01,5.511099100112915039e-01,5.544348955154418945e-01,-1.819173574447631836e+00,5.449417829513549805e-01,6.125593185424804688e-01,6.139909625053405762e-01,4.811542034149169922e-01,5.330163836479187012e-01,5.317376255989074707e-01,5.344278812408447266e-01,5.130912661552429199e-01,6.084405779838562012e-01,6.109145879745483398e-01,-2.119361460208892822e-01,5.389991402626037598e-01,5.481988191604614258e-01,5.042365789413452148e-01,-1.961935877799987793e+00,5.942959189414978027e-01,6.241728067398071289e-01,5.066067352890968323e-02,-4.354641437530517578e-01,5.545908212661743164e-01,1.883892565965652466e-01,5.515176057815551758e-01,-2.530697584152221680e+00,-4.477870762348175049e-01,5.375660061836242676e-01,5.269702672958374023e-01,5.520083904266357422e-01,-1.410949468612670898e+00,5.328264236450195312e-01,5.138260722160339355e-01,-8.747332692146301270e-01,-7.547269463539123535e-01,5.427040457725524902e-01,5.505786538124084473e-01,-7.037435173988342285e-01,5.326163768768310547e-01,-1.425324201583862305e+00,6.287610530853271484e-01,5.411303639411926270e-01,5.535653829574584961e-01,5.344603061676025391e-01
3.805492818355560303e-01,-1.885130070149898529e-02,5.904185175895690918e-01,6.361336112022399902e-01,-7.753883600234985352e-01,1.444920897483825684e-02,-5.393254756927490234e-02,8.609400689601898193e-02,6.301936809904873371e-04,5.384735465049743652e-01,6.622816324234008789e-01,3.317898809909820557e-01,2.688282728195190430e-01,2.013281136751174927e-01,2.732863128185272217e-01,3.387736976146697998e-01,2.877210378646850586e-01,5.548787117004394531e-01,3.518840968608856201e-01,-8.408997058868408203e-01,2.692799866199493408e-01,1.675758957862854004e-01,2.338018417358398438e-01,4.333098828792572021e-01,4.388910233974456787e-01,-4.482271194458007812e+00,-4.482271194458007812e+00,3.947557806968688965e-01,1.812985688447952271e-01,5.485581234097480774e-03,5.294499993324279785e-01,6.401947736740112305e-01,3.262687027454376221e-01,2.867405414581298828e-01,-1.164985373616218567e-01,1.846361160278320312e-01,-3.465913981199264526e-02,5.137085318565368652e-01,-4.199414730072021484e+00,-1.447506308555603027e+00,2.853425741195678711e-01,4.012852907180786133e-01,3.792840540409088135e-01,-4.535305202007293701e-01,5.886052250862121582e-01,6.924008727073669434e-01,3.611354529857635498e-01,3.920733332633972168e-01,3.315908014774322510e-01,-9.519206285476684570e-01,-8.177338242530822754e-01,-8.502379655838012695e-01,6.976116895675659180e-01,3.751950860023498535e-01,3.958775699138641357e-01,-3.063750982284545898e+00,3.608301579952239990e-01,3.704131767153739929e-02,5.350067019462585449e-01,6.705859303474426270e-01,3.756831884384155273e-01,3.414535820484161377e-01,2.259325981140136719e-01,3.966482877731323242e-01,9.631644189357757568e-02,5.866913199424743652e-01,4.168512225151062012e-01,4.642961621284484863e-01,4.403189420700073242e-01,1.470710784196853638e-01,4.558099508285522461e-01,1.545404195785522461e-01,6.200560331344604492e-01,7.213362455368041992e-01,4.049418270587921143e-01,4.192125499248504639e-01,4.050445854663848877e-01,3.109168708324432373e-01,2.847160212695598602e-02,5.601450800895690918e-01,6.891083121299743652e-01,3.906796574592590332e-01,3.648613393306732178e-01,3.361250460147857666e-01,5.461105704307556152e-02,-4.456901177763938904e-02,6.101504564285278320e-01,7.305332422256469727e-01,7.696546316146850586e-01,2.750109732151031494e-01,2.895321846008300781e-01,2.435618489980697632e-01,-2.986512184143066406e+00,5.997118353843688965e-01,7.313917279243469238e-01,-3.046319782733917236e-01,-1.007836341857910156e+00,3.807312548160552979e-01,-4.401782155036926270e-01,-2.028351090848445892e-02,-3.516948223114013672e+00,-7.319703102111816406e-01,4.503893852233886719e-01,3.449902236461639404e-01,2.618132233619689941e-01,2.355654388666152954e-01,7.322979718446731567e-02,5.214608311653137207e-01,-1.330576658248901367e+00,-2.059702634811401367e+00,-2.465437166392803192e-03,2.093176692724227905e-01,2.740368843078613281e-01,-3.389914706349372864e-02,6.040833592414855957e-01,7.018312215805053711e-01,3.573534786701202393e-01,2.296533435583114624e-01,1.405308693647384644e-01
4.252957999706268311e-01,3.218928277492523193e-01,5.763718485832214355e-01,6.787682175636291504e-01,-5.906970500946044922e-01,1.859794855117797852e-01,2.941142022609710693e-01,2.714835405349731445e-01,5.507310852408409119e-02,5.923654437065124512e-01,6.942045688629150391e-01,3.310360014438629150e-01,4.118246734142303467e-01,-4.113539695739746094e+00,-1.430695176124572754e+00,2.257157415151596069e-01,2.333350479602813721e-01,6.537453532218933105e-01,4.110849201679229736e-01,-8.119426965713500977e-01,3.746528327465057373e-01,3.149285912513732910e-01,2.266192734241485596e-01,4.374687075614929199e-01,2.217892557382583618e-01,-4.113539695739746094e+00,-4.113539695739746094e+00,3.658331930637359619e-01,3.751301467418670654e-01,1.219113543629646301e-01,4.310197532176971436e-01,5.974023938179016113e-01,3.898654878139495850e-01,2.686535120010375977e-01,4.126675128936767578e-01,4.169534742832183838e-01,1.572457849979400635e-01,-2.413630783557891846e-01,-3.851141452789306641e+00,-1.260337710380554199e+00,3.288610577583312988e-01,3.303849101066589355e-01,3.141317069530487061e-01,-2.736897170543670654e-01,5.168813467025756836e-01,6.333060264587402344e-01,4.435693845152854919e-02,2.895961403846740723e-01,2.594863772392272949e-01,-7.085517644882202148e-01,-5.668305158615112305e-01,5.401606559753417969e-01,6.325770020484924316e-01,2.465784847736358643e-01,3.386313617229461670e-01,-2.756055593490600586e+00,4.318578168749809265e-02,1.441481560468673706e-01,5.491404533386230469e-01,6.273922920227050781e-01,3.446409106254577637e-01,2.923702299594879150e-01,6.740980595350265503e-02,3.127656280994415283e-01,2.732510566711425781e-01,5.341970324516296387e-01,6.638271808624267578e-01,3.481959402561187744e-01,3.631789088249206543e-01,4.081258773803710938e-01,3.481560051441192627e-01,3.709859549999237061e-01,5.597871541976928711e-01,6.961119174957275391e-01,3.232289552688598633e-01,4.281018376350402832e-01,3.498695790767669678e-01,2.799217104911804199e-01,2.547290325164794922e-01,5.153774023056030273e-01,6.677337288856506348e-01,3.383337855339050293e-01,3.442514836788177490e-01,1.153605431318283081e-01,2.274732738733291626e-01,1.307402085512876511e-02,5.362401604652404785e-01,6.622853279113769531e-01,6.746080517768859863e-01,3.574169874191284180e-01,3.114354908466339111e-01,-9.719802141189575195e-01,-2.749452829360961914e+00,5.063520669937133789e-01,6.252014040946960449e-01,-1.015225529670715332e+00,-8.277545571327209473e-01,2.551005184650421143e-01,-1.205101981759071350e-01,3.686572313308715820e-01,-3.218842506408691406e+00,-6.497462391853332520e-01,4.142632484436035156e-01,4.151959419250488281e-01,3.625430166721343994e-01,3.142012357711791992e-01,3.290407955646514893e-01,3.974196910858154297e-01,-1.202570796012878418e+00,-1.134997606277465820e+00,3.687051534652709961e-01,3.572971820831298828e-01,2.884337604045867920e-01,2.141160070896148682e-01,5.177960395812988281e-01,6.457405686378479004e-01,3.493802845478057861e-01,3.938119411468505859e-01,3.040518462657928467e-01
4.380375742912292480e-01,1.148091480135917664e-01,5.820106267929077148e-01,1.247522711753845215e+00,-5.919160246849060059e-01,-8.830211162567138672e-01,-2.512965798377990723e-01,3.705832958221435547e-01,3.538475334644317627e-01,4.518105387687683105e-01,1.247070908546447754e+00,7.238459587097167969e-01,3.851471841335296631e-01,-3.180283606052398682e-01,4.910273551940917969e-01,-5.029005929827690125e-03,-1.424054980278015137e+00,1.282217979431152344e+00,1.860852092504501343e-01,-2.361837178468704224e-01,-7.575245946645736694e-02,-3.369878530502319336e-01,4.191515147686004639e-01,-5.980990529060363770e-01,9.640590548515319824e-01,-3.187882661819458008e+00,-3.187882661819458008e+00,5.137434601783752441e-01,-6.107189059257507324e-01,-4.223875105381011963e-01,-5.155289769172668457e-01,1.234436750411987305e+00,8.246357440948486328e-01,7.790181040763854980e-01,7.408092617988586426e-01,5.893924832344055176e-01,5.335219502449035645e-01,1.685646325349807739e-01,-2.941286563873291016e+00,-6.560557484626770020e-01,-3.027084767818450928e-01,7.485744953155517578e-01,6.965812444686889648e-01,-4.808014035224914551e-01,8.457156419754028320e-01,1.254861354827880859e+00,8.001422882080078125e-01,1.481651216745376587e-01,4.972157776355743408e-01,-8.498645424842834473e-01,-1.564162820577621460e-01,-1.876536607742309570e-01,1.064704775810241699e+00,1.194855719804763794e-01,7.932723760604858398e-01,-1.999521613121032715e+00,-3.849689066410064697e-01,7.712402343750000000e-01,1.022402763366699219e+00,1.235525727272033691e+00,7.848519086837768555e-01,3.823319673538208008e-01,2.349615842103958130e-01,3.396375477313995361e-01,3.714761137962341309e-01,3.140000104904174805e-01,1.261125445365905762e+00,7.954431772232055664e-01,4.713388383388519287e-01,5.697489380836486816e-01,4.722316563129425049e-01,-5.268719196319580078e-01,-5.196852087974548340e-01,5.894320607185363770e-01,7.777436971664428711e-01,3.541096150875091553e-01,-1.636421918869018555e+00,-1.948867559432983398e+00,-1.851611256599426270e+00,9.134985804557800293e-01,1.252978563308715820e+00,-1.738189458847045898e+00,-1.783007502555847168e+00,-1.633428573608398438e+00,-2.008176594972610474e-02,-3.602205812931060791e-01,6.984131038188934326e-02,1.166511535644531250e+00,1.130815505981445312e+00,5.630583167076110840e-01,3.067171573638916016e-01,5.818954110145568848e-01,-2.234237432479858398e+00,1.066107034683227539e+00,1.218052983283996582e+00,2.608349323272705078e-01,-1.111123323440551758e+00,-2.598448395729064941e-01,-1.125530958175659180e+00,1.778886914253234863e-01,-2.350878238677978516e+00,2.393206767737865448e-02,3.852515816688537598e-01,-2.061127573251724243e-01,-8.352423906326293945e-01,-8.255802989006042480e-01,-3.010344505310058594e-01,2.278882712125778198e-01,-2.062117099761962891e+00,-5.837475657463073730e-01,3.186152279376983643e-01,6.993046402931213379e-01,7.352598309516906738e-01,3.060529530048370361e-01,-1.377110719680786133e+00,1.244509577751159668e+00,6.876355409622192383e-01,6.535987854003906250e-01,-4.529246687889099121e-01
1.496007740497589111e-01,4.284285008907318115e-01,-3.506222069263458252e-01,-5.763165950775146484e-01,-1.225954890251159668e-01,6.349324584007263184e-01,2.283282279968261719e-01,-1.237749695777893066e+00,-3.101442456245422363e-01,-6.687312722206115723e-01,9.003537893295288086e-01,8.059203624725341797e-01,7.157127857208251953e-01,8.259897232055664062e-01,-1.572225451469421387e+00,7.701303958892822266e-01,-1.140244156122207642e-01,7.653661370277404785e-01,8.277923464775085449e-01,-1.881790906190872192e-01,4.291194975376129150e-01,-7.775980234146118164e-01,3.644495606422424316e-01,-1.038035988807678223e+00,-3.593922555446624756e-01,-3.240618944168090820e+00,-3.240618944168090820e+00,8.602669239044189453e-01,-7.824447154998779297e-01,-1.705299854278564453e+00,-8.543459177017211914e-01,5.157166719436645508e-01,8.831973075866699219e-01,5.230998396873474121e-01,7.998152971267700195e-01,4.746551513671875000e-01,8.548322319984436035e-02,3.151087462902069092e-01,-3.240618944168090820e+00,-8.225533366203308105e-01,6.827014088630676270e-01,8.403435945510864258e-01,2.441818565130233765e-01,-1.265652775764465332e+00,-7.403380870819091797e-01,2.193666994571685791e-01,7.899534702301025391e-01,-6.002969741821289062e-01,8.407995700836181641e-01,-7.828022539615631104e-02,-1.604550123214721680e+00,-8.863508105278015137e-01,-4.822970330715179443e-01,7.405324578285217285e-01,6.859113574028015137e-01,-2.001788616180419922e+00,5.613843798637390137e-01,4.489766359329223633e-01,6.155819892883300781e-01,8.762744069099426270e-01,-1.413380652666091919e-01,8.676539659500122070e-01,6.758385300636291504e-01,7.654164433479309082e-01,8.460640311241149902e-01,-9.576843976974487305e-01,6.401137709617614746e-01,8.813489675521850586e-01,8.708980083465576172e-01,5.687227845191955566e-01,7.284178137779235840e-01,1.908524781465530396e-01,-6.025267839431762695e-01,2.318808883428573608e-01,7.856708168983459473e-01,8.114070892333984375e-01,8.439722061157226562e-01,8.041887879371643066e-01,-2.384738206863403320e+00,8.053038269281387329e-02,9.077567458152770996e-01,8.567665219306945801e-01,7.854484915733337402e-01,2.741715312004089355e-01,4.907025396823883057e-01,2.201128602027893066e-01,7.323060631752014160e-01,8.681733012199401855e-01,9.073237776756286621e-01,7.455239295959472656e-01,6.782029271125793457e-01,7.768761515617370605e-01,-1.841509461402893066e+00,-1.225943677127361298e-02,6.713157296180725098e-01,2.729982435703277588e-01,-1.089720726013183594e+00,-3.614175319671630859e-01,-2.268382310867309570e+00,7.064561843872070312e-01,-2.561341285705566406e+00,-2.623207867145538330e-01,2.304235994815826416e-01,8.375409841537475586e-01,1.947998255491256714e-01,8.533027768135070801e-01,4.651398956775665283e-01,-4.057607054710388184e-01,-2.198977231979370117e+00,-1.086438179016113281e+00,-1.025640740990638733e-01,-3.475463092327117920e-01,8.211683630943298340e-01,-7.833946943283081055e-01,-8.566616773605346680e-01,9.051443338394165039e-01,8.277440071105957031e-01,8.387402296066284180e-01,8.156605362892150879e-01
3.920801281929016113e-01,4.063612818717956543e-01,4.901302754878997803e-01,5.251808762550354004e-01,-7.947188615798950195e-01,1.289563924074172974e-01,2.518777549266815186e-01,2.306180745363235474e-01,-5.020388588309288025e-02,2.645650506019592285e-01,5.248259902000427246e-01,2.765139043331146240e-01,2.774492800235748291e-01,2.797795534133911133e-01,3.200613856315612793e-01,3.749611973762512207e-01,2.734123170375823975e-01,5.641269087791442871e-01,3.789144456386566162e-01,-8.354987502098083496e-01,3.867610991001129150e-01,2.854165434837341309e-01,4.023025929927825928e-01,3.403832316398620605e-01,1.694051772356033325e-01,-4.612232208251953125e+00,-4.612232208251953125e+00,4.062976837158203125e-01,3.211912512779235840e-01,1.507178246974945068e-01,4.853712618350982666e-01,5.234598517417907715e-01,2.075163125991821289e-01,3.529310226440429688e-01,3.404221832752227783e-01,3.939283490180969238e-01,1.994649618864059448e-01,-2.160508036613464355e-01,-4.329874515533447266e+00,-1.487956285476684570e+00,3.500120341777801514e-01,4.567002356052398682e-01,3.518910109996795654e-01,-1.917818486690521240e-01,5.223788022994995117e-01,4.760009348392486572e-01,-4.462609887123107910e-01,3.120485842227935791e-01,2.692317664623260498e-01,-8.073692321777343750e-01,-5.969098210334777832e-01,5.315378904342651367e-01,4.737239778041839600e-01,3.735568821430206299e-01,3.371544778347015381e-01,-3.109817981719970703e+00,2.316067963838577271e-01,1.146969646215438843e-01,4.176586270332336426e-01,5.222516059875488281e-01,2.433935850858688354e-01,3.929006457328796387e-01,1.458316296339035034e-01,1.865954995155334473e-01,3.286354243755340576e-01,5.109017491340637207e-01,5.744203329086303711e-01,2.646594345569610596e-01,3.581310808658599854e-01,3.647178113460540771e-01,3.430909514427185059e-01,3.275789916515350342e-01,5.124853849411010742e-01,5.461143851280212402e-01,2.654142975807189941e-01,3.952063024044036865e-01,3.326559662818908691e-01,3.059069812297821045e-01,3.649188280105590820e-01,4.897549152374267578e-01,5.595647692680358887e-01,3.279252648353576660e-01,3.766215145587921143e-01,2.712871730327606201e-01,2.863273322582244873e-01,6.991294771432876587e-02,4.764583706855773926e-01,5.431625843048095703e-01,5.345881581306457520e-01,3.434417247772216797e-01,3.817518353462219238e-01,-1.162950873374938965e+00,-3.034112453460693359e+00,4.896995127201080322e-01,5.193367004394531250e-01,-2.716082632541656494e-01,-9.620025157928466797e-01,-3.084493242204189301e-02,-7.884293049573898315e-02,3.042803108692169189e-01,-3.626052618026733398e+00,-8.717678189277648926e-01,3.239789605140686035e-01,3.561741411685943604e-01,2.973588109016418457e-01,3.958766758441925049e-01,3.330764770507812500e-01,3.638894855976104736e-01,-1.419153571128845215e+00,-1.345505714416503906e+00,3.882359862327575684e-01,3.897190690040588379e-01,2.947294414043426514e-01,3.088054955005645752e-01,4.982288181781768799e-01,5.293552875518798828e-01,3.246989548206329346e-01,3.198496997356414795e-01,3.662644922733306885e-01
4.385833144187927246e-01,3.725874125957489014e-01,9.808743000030517578e-01,1.044681787490844727e+00,-1.302131414413452148e+00,-1.260361354798078537e-02,1.347229778766632080e-01,1.881016343832015991e-01,1.925797462463378906e-01,8.290473222732543945e-01,8.712915778160095215e-01,2.379220575094223022e-01,1.907682269811630249e-01,-4.216690063476562500e-01,8.346324414014816284e-02,1.629597246646881104e-01,9.926143288612365723e-02,9.079595804214477539e-01,-6.742311716079711914e-01,-5.878242254257202148e-01,2.755043804645538330e-01,1.214390769600868225e-01,4.038499891757965088e-01,3.741429150104522705e-01,1.617713272571563721e-01,-4.290729045867919922e+00,-4.290729045867919922e+00,3.051170110702514648e-01,2.923025190830230713e-01,6.669220924377441406e-01,-1.986078619956970215e-01,1.105866312980651855e+00,7.732710838317871094e-01,6.162776350975036621e-01,6.698895692825317383e-01,6.917593479156494141e-01,8.133000731468200684e-01,-1.134575724601745605e+00,-3.990466356277465820e+00,-1.353229522705078125e+00,2.644213438034057617e-01,-1.251885443925857544e-01,-1.583913564682006836e-01,-6.391284465789794922e-01,2.098857760429382324e-01,1.075855493545532227e+00,4.113548696041107178e-01,-3.783368170261383057e-01,2.719419598579406738e-01,-9.208407402038574219e-01,-3.681519031524658203e-01,8.014439344406127930e-01,1.048080801963806152e+00,1.436167210340499878e-01,-1.677981577813625336e-03,-2.779295444488525391e+00,-2.882512807846069336e-01,5.791003704071044922e-01,7.928348779678344727e-01,8.562225699424743652e-01,1.618639081716537476e-01,8.538912236690521240e-02,-8.898350596427917480e-02,2.517480552196502686e-01,3.527384102344512939e-01,7.870206832885742188e-01,9.136260747909545898e-01,2.900294363498687744e-01,1.178924832493066788e-02,1.077774092555046082e-01,3.861564993858337402e-01,4.742906987667083740e-01,5.204584002494812012e-01,9.575670361518859863e-01,-1.075940728187561035e+00,2.609631121158599854e-01,3.201698362827301025e-01,1.587829738855361938e-01,-2.035614401102066040e-01,7.728034853935241699e-01,9.328315854072570801e-01,1.889525353908538818e-01,-2.476968169212341309e-01,-1.643564701080322266e-01,-1.139666289091110229e-01,4.296599328517913818e-01,9.498381018638610840e-01,1.038266301155090332e+00,9.866449832916259766e-01,3.129454851150512695e-01,1.391145288944244385e-01,-7.659375071525573730e-01,-2.634708881378173828e+00,8.031776547431945801e-01,9.620969891548156738e-01,-2.019156515598297119e-01,-1.018916368484497070e+00,-2.195424884557723999e-01,-7.147411704063415527e-01,-5.619503185153007507e-02,-3.312917470932006836e+00,-4.583369791507720947e-01,1.904904544353485107e-01,9.608327597379684448e-02,2.027285546064376831e-01,2.991153001785278320e-01,4.777304232120513916e-01,5.635994076728820801e-01,-1.130686998367309570e+00,-1.087845563888549805e+00,1.452185213565826416e-01,-2.219984382390975952e-01,1.950320005416870117e-01,1.014928519725799561e-01,7.677434682846069336e-01,9.145820736885070801e-01,9.165978431701660156e-02,-2.436413764953613281e-01,-1.852054446935653687e-01
3.320496082305908203e-01,3.025083541870117188e-01,4.727420806884765625e-01,5.043213963508605957e-01,-8.648257255554199219e-01,3.828859701752662659e-02,1.483360081911087036e-01,1.938521713018417358e-01,1.816362887620925903e-01,4.767831563949584961e-01,5.209118127822875977e-01,2.402555942535400391e-01,2.781754434108734131e-01,3.177071809768676758e-01,2.454375624656677246e-01,2.843945324420928955e-01,2.870748639106750488e-01,5.053774714469909668e-01,3.022979795932769775e-01,-9.177220463752746582e-01,2.768640816211700439e-01,2.649096548557281494e-01,3.009322881698608398e-01,2.974215149879455566e-01,2.608183622360229492e-01,-4.688088417053222656e+00,-4.688088417053222656e+00,2.925281524658203125e-01,2.473228424787521362e-01,2.665894925594329834e-01,4.425976574420928955e-01,4.667350351810455322e-01,3.039720356464385986e-01,2.692636549472808838e-01,3.191996812820434570e-01,3.354504406452178955e-01,3.128261864185333252e-01,4.607855975627899170e-01,-4.400572776794433594e+00,-1.555030584335327148e+00,2.813107073307037354e-01,2.496552616357803345e-01,3.206489384174346924e-01,1.232537403702735901e-01,4.884061515331268311e-01,5.167842507362365723e-01,2.878036201000213623e-01,3.233807384967803955e-01,2.475945800542831421e-01,-7.621518969535827637e-01,-4.802501797676086426e-01,4.579879343509674072e-01,5.134801864624023438e-01,3.031300604343414307e-01,3.309626579284667969e-01,-3.173501729965209961e+00,3.151256740093231201e-01,2.726130187511444092e-01,4.690390527248382568e-01,4.853202700614929199e-01,3.164740502834320068e-01,3.093635737895965576e-01,1.035465374588966370e-01,3.036138415336608887e-01,3.469499051570892334e-01,4.441128075122833252e-01,5.064603090286254883e-01,2.522306144237518311e-01,3.078113794326782227e-01,2.944900095462799072e-01,3.453009724617004395e-01,3.124453425407409668e-01,2.942656278610229492e-01,5.183899998664855957e-01,2.452086359262466431e-01,3.088200986385345459e-01,2.904880642890930176e-01,2.607368230819702148e-01,3.176948130130767822e-01,4.507868587970733643e-01,5.134266614913940430e-01,2.696296870708465576e-01,2.804234623908996582e-01,2.293181270360946655e-01,2.628839910030364990e-01,3.036508858203887939e-01,4.440304636955261230e-01,4.980940222740173340e-01,4.577306210994720459e-01,2.978023588657379150e-01,3.121921122074127197e-01,1.592038869857788086e-01,-2.985975503921508789e+00,4.386224746704101562e-01,5.004450082778930664e-01,-3.008823394775390625e-01,-1.023892283439636230e+00,3.010755479335784912e-01,-1.728944480419158936e-01,3.180756568908691406e-01,-3.693454265594482422e+00,-9.243857860565185547e-01,2.479527890682220459e-01,2.936871647834777832e-01,3.079645335674285889e-01,3.048453032970428467e-01,2.656091749668121338e-01,3.244545161724090576e-01,-1.483404874801635742e+00,-1.397004485130310059e+00,3.093018233776092529e-01,3.186644315719604492e-01,3.065432608127593994e-01,2.745975553989410400e-01,4.107713401317596436e-01,5.046466588973999023e-01,2.475245893001556396e-01,2.445519417524337769e-01,2.983520030975341797e-01
2.288723289966583252e-01,2.610243856906890869e-01,-1.097206592559814453e+00,1.530013561248779297e+00,-4.190223813056945801e-01,4.926085770130157471e-01,6.111796498298645020e-01,1.100375205278396606e-01,-1.232253909111022949e+00,4.668629467487335205e-01,4.043274819850921631e-01,5.769091844558715820e-01,-4.497966170310974121e-01,5.708826780319213867e-01,3.590580774471163750e-03,-8.044529557228088379e-01,4.691097438335418701e-01,1.580644488334655762e+00,6.159605979919433594e-01,-1.277434527873992920e-01,-5.080971866846084595e-03,-5.344072580337524414e-01,-4.689052999019622803e-01,-1.318637281656265259e-01,4.224177896976470947e-01,-3.763415336608886719e+00,-3.763415336608886719e+00,8.826297521591186523e-01,6.611398458480834961e-01,-1.143738850951194763e-01,1.738175600767135620e-01,1.297588706016540527e+00,1.313938736915588379e+00,-3.068906068801879883e-02,1.228917911648750305e-01,-4.180725514888763428e-01,-5.229548215866088867e-01,1.467858254909515381e-01,-3.470304489135742188e+00,-1.418469309806823730e+00,-1.011666655540466309e+00,6.393790841102600098e-01,3.436458408832550049e-01,-1.773634999990463257e-01,3.675158619880676270e-01,9.116790294647216797e-01,2.113030254840850830e-01,-2.776691317558288574e-01,4.150702953338623047e-01,-1.098394393920898438e+00,-1.138426780700683594e+00,6.735923886299133301e-01,1.488256216049194336e+00,6.909337043762207031e-01,-1.621510535478591919e-01,-2.259149551391601562e+00,-2.894207239151000977e-01,-9.323300719261169434e-01,3.764896094799041748e-01,4.283328950405120850e-01,-3.671467900276184082e-01,9.955516457557678223e-01,-1.165290027856826782e-01,2.331236153841018677e-01,1.151862144470214844e-01,1.506964862346649170e-01,5.053012967109680176e-01,1.163303375244140625e+00,-4.247300624847412109e-01,1.870168149471282959e-01,3.107601404190063477e-01,2.672389149665832520e-02,1.181363105773925781e+00,4.163782298564910889e-01,1.583802103996276855e-01,-1.478906124830245972e-01,-3.482769727706909180e-01,-3.654698431491851807e-01,-3.013841211795806885e-01,9.213300943374633789e-01,1.197638988494873047e+00,2.828292548656463623e-01,-1.940126866102218628e-01,5.026504993438720703e-01,-6.372238993644714355e-01,6.663715243339538574e-01,1.366794705390930176e+00,1.542963862419128418e+00,1.421777367591857910e+00,2.281626909971237183e-01,-8.778322488069534302e-02,-4.205272495746612549e-01,-2.689993619918823242e+00,7.575392127037048340e-01,1.529788613319396973e+00,-1.701361089944839478e-01,-1.000310778617858887e+00,-7.158670425415039062e-01,-1.104418754577636719e+00,-2.619978599250316620e-02,-2.810094833374023438e+00,5.565526708960533142e-02,6.058492660522460938e-01,8.192099928855895996e-01,7.546329498291015625e-01,-1.861782968044281006e-01,-3.245510756969451904e-01,-8.374811708927154541e-02,-1.101802825927734375e+00,-6.147491335868835449e-01,8.222756385803222656e-01,-9.094758033752441406e-01,-1.699679791927337646e-01,4.419186413288116455e-01,9.458552002906799316e-01,1.356316089630126953e+00,8.669303655624389648e-01,3.002315945923328400e-02,-6.122617125511169434e-01
-3.222033023834228516e+00,3.946882486343383789e-01,4.452434480190277100e-01,1.324422717094421387e+00,-2.268207520246505737e-01,-1.019333362579345703e+00,-1.975180506706237793e-01,4.850134551525115967e-01,3.082444667816162109e-01,5.932095050811767578e-01,1.331245183944702148e+00,7.863919138908386230e-01,-2.925648987293243408e-01,2.562398612499237061e-01,6.697996258735656738e-01,-8.860091865062713623e-02,-9.858630895614624023e-01,1.316300511360168457e+00,3.216564655303955078e-01,-2.510706484317779541e-01,-9.410580620169639587e-03,5.168201923370361328e-01,3.075109124183654785e-01,2.236645519733428955e-01,7.769780158996582031e-01,-3.650018930435180664e+00,-3.650018930435180664e+00,2.466710656881332397e-01,4.685879945755004883e-01,-1.522386908531188965e+00,1.134189844131469727e+00,3.990191519260406494e-01,8.357769846916198730e-01,-1.317925691604614258e+00,-1.643077731132507324e-01,4.084168970584869385e-01,-6.472879052162170410e-01,-4.779510200023651123e-01,-3.470058917999267578e+00,-9.624763131141662598e-01,-2.978361845016479492e-01,6.876479387283325195e-01,2.159910053014755249e-01,-1.205124258995056152e+00,8.633506298065185547e-01,8.089900016784667969e-01,7.483622431755065918e-01,7.654777765274047852e-01,4.498608410358428955e-01,-4.150477349758148193e-01,-5.062590241432189941e-01,9.267568588256835938e-01,8.911052942276000977e-01,2.459930479526519775e-01,6.869980692863464355e-01,-2.277202129364013672e+00,-3.361219912767410278e-02,3.631060123443603516e-01,3.197768926620483398e-01,9.360379576683044434e-01,6.432886719703674316e-01,3.899191319942474365e-01,3.293094635009765625e-01,-5.467794537544250488e-01,-2.442401200532913208e-01,-2.109807431697845459e-01,7.735818624496459961e-01,-1.058649644255638123e-01,-8.443030118942260742e-01,6.823625564575195312e-01,2.410517185926437378e-01,-3.930512070655822754e-01,1.155181508511304855e-02,1.016129255294799805e+00,6.500990986824035645e-01,3.820383846759796143e-01,-4.196778312325477600e-02,4.325641989707946777e-01,3.391820490360260010e-01,1.019646048545837402e+00,8.092817664146423340e-01,5.682542324066162109e-01,3.950515985488891602e-01,2.774537503719329834e-01,1.388814151287078857e-01,-5.828173160552978516e-01,2.429208159446716309e-01,1.317612290382385254e+00,9.390799999237060547e-01,1.370123326778411865e-01,3.361017704010009766e-01,3.534466922283172607e-01,-2.386559247970581055e+00,4.473680555820465088e-01,1.321352481842041016e+00,-7.545651495456695557e-02,-7.927591800689697266e-01,7.107510566711425781e-01,-3.432488739490509033e-01,-2.432100027799606323e-01,-2.724094152450561523e+00,-3.997194021940231323e-02,7.717530131340026855e-01,-7.570673823356628418e-01,2.682909667491912842e-01,-1.580462813377380371e+00,-4.995934367179870605e-01,-7.653571665287017822e-02,-1.621231555938720703e+00,-8.149025440216064453e-01,3.793061673641204834e-01,6.297040581703186035e-01,4.892546236515045166e-01,-3.034655749797821045e-01,4.606569111347198486e-01,1.268710136413574219e+00,4.076302349567413330e-01,2.680519521236419678e-01,-1.889037340879440308e-01
3.376750946044921875e-01,3.742189407348632812e-01,9.001100063323974609e-01,1.052712082862854004e+00,-9.686419963836669922e-01,3.619109094142913818e-02,1.462880223989486694e-01,6.937696039676666260e-02,1.223990544676780701e-01,8.609865307807922363e-01,9.066439867019653320e-01,2.058821022510528564e-01,1.469018459320068359e-01,-8.597056865692138672e-01,-9.871487319469451904e-02,1.002809554338455200e-01,2.723530828952789307e-01,1.059239387512207031e+00,2.505591213703155518e-01,-4.989079236984252930e-01,1.297408435493707657e-02,-2.060565538704395294e-02,5.033947229385375977e-01,6.465966105461120605e-01,3.401943445205688477e-01,-4.169592380523681641e+00,-4.169592380523681641e+00,1.718016415834426880e-01,1.542852073907852173e-02,7.178825736045837402e-01,6.442405581474304199e-01,1.032312035560607910e+00,7.259120345115661621e-01,6.027989983558654785e-01,5.189301371574401855e-01,6.467061638832092285e-01,7.174466848373413086e-01,-7.179139256477355957e-01,-3.881316661834716797e+00,-1.444047212600708008e+00,1.487706154584884644e-01,-1.875677257776260376e-01,-2.074424028396606445e-01,-2.673056423664093018e-01,8.458508849143981934e-01,9.782004356384277344e-01,2.247218042612075806e-01,-3.637886941432952881e-01,7.768359780311584473e-02,-1.089202284812927246e+00,-3.973684608936309814e-01,7.850241661071777344e-01,9.934367537498474121e-01,-4.300428628921508789e-01,-1.466537415981292725e-01,-2.673771619796752930e+00,-5.144639015197753906e-01,6.001567840576171875e-01,8.840122222900390625e-01,9.691963791847229004e-01,1.331386715173721313e-01,-2.191334590315818787e-02,-3.753254711627960205e-01,2.150404155254364014e-01,4.951435625553131104e-01,8.905202746391296387e-01,9.685436487197875977e-01,3.233575522899627686e-01,-1.073872856795787811e-02,-9.057722985744476318e-02,4.868525564670562744e-01,5.775191783905029297e-01,7.011620402336120605e-01,9.631385207176208496e-01,-8.186151385307312012e-01,1.896309554576873779e-01,2.456784099340438843e-01,2.086338549852371216e-01,-1.453706324100494385e-01,8.787130713462829590e-01,9.462301731109619141e-01,2.667387425899505615e-01,-3.256354033946990967e-01,-4.707377851009368896e-01,-1.168003603816032410e-01,4.576139152050018311e-01,9.160236120223999023e-01,1.065538644790649414e+00,1.055208921432495117e+00,4.551639556884765625e-01,1.268930435180664062e-01,-3.581403791904449463e-01,-2.492688655853271484e+00,9.013841748237609863e-01,1.056503295898437500e+00,-2.910899817943572998e-01,-9.785053730010986328e-01,-2.782276570796966553e-01,-7.170009613037109375e-01,-2.088507637381553650e-02,-3.187446355819702148e+00,-4.035917222499847412e-01,1.332258582115173340e-01,-2.050556898117065430e+00,-4.090594872832298279e-02,2.950662374496459961e-01,5.904038548469543457e-01,5.804985165596008301e-01,-9.859325885772705078e-01,-9.846853017807006836e-01,-1.207055523991584778e-01,-1.944750249385833740e-01,2.501513957977294922e-01,2.047711312770843506e-01,8.472479581832885742e-01,9.946215152740478516e-01,1.056927889585494995e-01,-2.699165642261505127e-01,-3.144272565841674805e-01
4.294025301933288574e-01,4.319789707660675049e-01,8.519657850265502930e-01,9.193034172058105469e-01,-1.016005277633666992e+00,7.690403610467910767e-02,1.546166837215423584e-01,-1.512480620294809341e-02,2.776067852973937988e-01,7.953274250030517578e-01,8.109106421470642090e-01,-8.305084705352783203e-01,2.129452526569366455e-01,-7.390415668487548828e-01,4.120509698987007141e-02,1.636467128992080688e-01,4.684249460697174072e-01,9.046989083290100098e-01,2.396438270807266235e-01,-5.185940861701965332e-01,1.611117869615554810e-01,1.158548742532730103e-01,4.580123722553253174e-01,6.201091408729553223e-01,4.818568825721740723e-01,-4.018285274505615234e+00,-4.018285274505615234e+00,2.423559278249740601e-01,1.074453294277191162e-01,7.266313433647155762e-01,3.590613305568695068e-01,9.044873714447021484e-01,6.376005411148071289e-01,5.092882513999938965e-01,5.569021105766296387e-01,5.952344536781311035e-01,6.916703581809997559e-01,-9.737613797187805176e-01,-3.747079849243164062e+00,-1.362006187438964844e+00,2.504095435142517090e-01,-7.607372850179672241e-02,-9.620680660009384155e-02,-9.299366176128387451e-02,7.770628929138183594e-01,8.810501694679260254e-01,2.812929153442382812e-01,-3.455607593059539795e-01,1.308666914701461792e-01,-9.223985075950622559e-01,-3.620990514755249023e-01,7.740197777748107910e-01,8.855980038642883301e-01,2.647603675723075867e-02,-1.038966029882431030e-01,-2.585115432739257812e+00,-3.406194150447845459e-01,5.684516429901123047e-01,7.837881445884704590e-01,8.259660005569458008e-01,1.668183356523513794e-01,7.286143023520708084e-03,-2.185119837522506714e-01,2.069164067506790161e-01,4.469611346721649170e-01,8.059060573577880859e-01,8.659810423851013184e-01,3.651870787143707275e-01,1.225656131282448769e-03,-9.489583969116210938e-02,4.465992748737335205e-01,6.186814904212951660e-01,5.886816382408142090e-01,8.869090080261230469e-01,-9.014784693717956543e-01,2.402223944664001465e-01,2.863117456436157227e-01,2.066237628459930420e-01,-1.457802057266235352e-01,7.850216031074523926e-01,8.811984658241271973e-01,2.677747607231140137e-01,-2.757158577442169189e-01,-3.729376792907714844e+00,6.862064450979232788e-02,4.771884083747863770e-01,8.164056539535522461e-01,9.073781967163085938e-01,8.811292648315429688e-01,3.613213896751403809e-01,1.821030229330062866e-01,-5.127356648445129395e-01,-2.424794197082519531e+00,8.159192204475402832e-01,9.065813422203063965e-01,-1.738008111715316772e-01,-9.424184560775756836e-01,-2.372253388166427612e-01,-6.600460410118103027e-01,-8.858677931129932404e-03,-3.092118024826049805e+00,-4.370315968990325928e-01,1.837244182825088501e-01,1.349142640829086304e-01,2.864561080932617188e-01,3.464222848415374756e-01,5.974589586257934570e-01,5.823636651039123535e-01,-9.919111728668212891e-01,-9.236936569213867188e-01,1.820733547210693359e-01,-1.732689142227172852e-01,3.772803544998168945e-01,2.995538711547851562e-01,8.122038245201110840e-01,8.896930217742919922e-01,1.564097106456756592e-01,-1.946417689323425293e-01,-1.687329411506652832e-01
3.556178510189056396e-01,3.204163610935211182e-01,5.388149023056030273e-01,6.019945144653320312e-01,-8.358061313629150391e-01,2.492762915790081024e-02,1.614649295806884766e-01,1.749663949012756348e-01,2.136283367872238159e-01,5.283246636390686035e-01,5.766863822937011719e-01,2.299482822418212891e-01,-5.174374207854270935e-02,3.407366871833801270e-01,2.547945380210876465e-01,1.727920025587081909e-01,3.059675395488739014e-01,6.186746954917907715e-01,3.068343400955200195e-01,-8.798633813858032227e-01,3.453343212604522705e-01,3.709714412689208984e-01,4.001803994178771973e-01,3.682402968406677246e-01,-1.517065912485122681e-01,-4.608559131622314453e+00,-4.608559131622314453e+00,2.731176018714904785e-01,2.530250847339630127e-01,3.502145707607269287e-01,4.826266467571258545e-01,5.172165036201477051e-01,2.705741524696350098e-01,3.125898241996765137e-01,3.649628758430480957e-01,3.168584704399108887e-01,2.880346477031707764e-01,4.957172870635986328e-01,-4.322642803192138672e+00,-1.507745146751403809e+00,3.480296432971954346e-01,1.982878297567367554e-01,3.740084171295166016e-01,4.552062135189771652e-03,5.471834540367126465e-01,5.897664427757263184e-01,2.129981666803359985e-01,-2.374968975782394409e-01,2.310217767953872681e-01,-7.290480732917785645e-01,-5.126973986625671387e-01,4.965672194957733154e-01,5.915148258209228516e-01,3.276882469654083252e-01,1.210031583905220032e-01,-3.147137641906738281e+00,3.728927671909332275e-01,3.477090597152709961e-01,4.629403054714202881e-01,5.187139511108398438e-01,2.711604535579681396e-01,3.304531574249267578e-01,1.535177677869796753e-01,3.134439885616302490e-01,3.726692199707031250e-01,5.434315204620361328e-01,5.857656598091125488e-01,2.106297463178634644e-01,1.278764158487319946e-01,2.559312880039215088e-01,2.683364748954772949e-01,3.397855162620544434e-01,4.967148303985595703e-01,5.977764725685119629e-01,2.061417847871780396e-01,5.481398850679397583e-02,3.510687351226806641e-01,2.742164134979248047e-01,2.865477800369262695e-01,5.156094431877136230e-01,5.749654173851013184e-01,1.726110577583312988e-01,3.078761994838714600e-01,2.774178683757781982e-01,3.398951888084411621e-01,3.336124420166015625e-01,5.030819177627563477e-01,6.024858951568603516e-01,5.548455119132995605e-01,3.115374445915222168e-01,5.657079443335533142e-02,2.817742526531219482e-01,-2.952598333358764648e+00,5.115559697151184082e-01,5.844475626945495605e-01,-2.839853763580322266e-01,-1.453134894371032715e+00,3.521590828895568848e-01,-1.240338534116744995e-01,3.481540679931640625e-01,-3.630134582519531250e+00,-8.357175588607788086e-01,3.277810513973236084e-01,3.336504101753234863e-01,3.305311799049377441e-01,3.543343245983123779e-01,3.328363299369812012e-01,3.605592846870422363e-01,-1.445217251777648926e+00,-1.441210150718688965e+00,3.237169682979583740e-01,3.192205727100372314e-01,3.554575741291046143e-01,3.097764253616333008e-01,5.264835357666015625e-01,-6.008476614952087402e-01,3.015871345996856689e-01,3.070663511753082275e-01,3.268720507621765137e-01
-2.076076745986938477e+00,-2.076076745986938477e+00,-1.813552260398864746e+00,-2.076076745986938477e+00,2.375585027039051056e-02,4.961600899696350098e-01,4.581550061702728271e-01,-2.002606153488159180e+00,-1.890705704689025879e+00,-2.076076745986938477e+00,-6.821226477622985840e-01,-1.076068043708801270e+00,-9.165231585502624512e-01,-1.852961301803588867e+00,-1.965535044670104980e+00,-2.076076745986938477e+00,-2.076076745986938477e+00,1.765184998512268066e-01,-1.627910375595092773e+00,-7.451030015945434570e-01,-2.003782033920288086e+00,-1.935417890548706055e+00,-3.173004686832427979e-01,-1.811229586601257324e+00,6.093614101409912109e-01,-2.076076745986938477e+00,-2.076076745986938477e+00,6.433954238891601562e-01,6.105429530143737793e-01,6.429057717323303223e-01,6.851564645767211914e-01,6.827071905136108398e-01,6.321966648101806641e-01,6.304712891578674316e-01,6.386614441871643066e-01,6.233046054840087891e-01,6.192426681518554688e-01,7.002149224281311035e-01,-1.923549294471740723e+00,-3.588824570178985596e-01,6.303054690361022949e-01,6.194128990173339844e-01,6.353489160537719727e-01,4.234962761402130127e-01,6.841351985931396484e-01,6.786175966262817383e-01,6.554704308509826660e-01,6.072226762771606445e-01,6.316539645195007324e-01,3.681813552975654602e-02,6.999886035919189453e-02,6.909880042076110840e-01,-1.007826566696166992e+00,5.806327462196350098e-01,2.990917563438415527e-01,-1.411970376968383789e+00,-4.681401252746582031e-01,6.433113813400268555e-01,6.883167028427124023e-01,6.994953751564025879e-01,6.247989535331726074e-01,5.675826668739318848e-01,5.204266905784606934e-01,6.280672550201416016e-01,6.229442954063415527e-01,6.785645484924316406e-01,8.930851705372333527e-03,6.314660310745239258e-01,6.276450753211975098e-01,6.251944303512573242e-01,6.368123292922973633e-01,6.241822242736816406e-01,1.290968060493469238e-01,7.072257399559020996e-01,5.862283706665039062e-01,6.347631216049194336e-01,6.233255863189697266e-01,6.051557660102844238e-01,6.279512047767639160e-01,6.836521625518798828e-01,7.007333040237426758e-01,6.207157969474792480e-01,6.166927814483642578e-01,6.142832636833190918e-01,6.309288740158081055e-01,5.979183316230773926e-01,6.740593910217285156e-01,7.028388381004333496e-01,6.928935050964355469e-01,6.262833476066589355e-01,6.422525644302368164e-01,6.115567088127136230e-01,-1.154968976974487305e+00,6.739720702171325684e-01,7.023447751998901367e-01,3.069592118263244629e-01,-1.072231307625770569e-01,6.398341655731201172e-01,3.637139499187469482e-01,5.800823569297790527e-01,-1.544500946998596191e+00,-5.249792337417602539e-02,6.210188865661621094e-01,6.460226774215698242e-01,6.265625357627868652e-01,6.443881988525390625e-01,6.423376202583312988e-01,6.184342503547668457e-01,-3.654777109622955322e-01,-2.076076745986938477e+00,6.223153471946716309e-01,6.427012681961059570e-01,6.531429290771484375e-01,6.543874740600585938e-01,-1.811315178871154785e+00,6.935843229293823242e-01,6.291958093643188477e-01,6.499729752540588379e-01,6.486532688140869141e-01
4.006554782390594482e-01,3.739795386791229248e-01,5.192420482635498047e-01,5.310391187667846680e-01,-6.121891736984252930e-01,1.186797767877578735e-01,2.469646185636520386e-01,2.820725739002227783e-01,2.531450688838958740e-01,5.060836076736450195e-01,5.120140314102172852e-01,3.011195361614227295e-01,3.943897187709808350e-01,3.782769739627838135e-01,3.557180464267730713e-01,4.513545930385589600e-01,-1.101221919059753418e+00,5.207911729812622070e-01,4.096553623676300049e-01,-6.941725611686706543e-01,3.412564992904663086e-01,3.816741406917572021e-01,3.932331800460815430e-01,3.633251786231994629e-01,4.396880269050598145e-01,-3.970670700073242188e+00,-3.970670700073242188e+00,3.711838126182556152e-01,3.008170127868652344e-01,3.635657429695129395e-01,4.684470891952514648e-01,5.231422185897827148e-01,3.650255799293518066e-01,3.929936885833740234e-01,3.741599619388580322e-01,3.806498944759368896e-01,3.759733438491821289e-01,5.065009593963623047e-01,-3.724795103073120117e+00,-1.203580141067504883e+00,3.819438517093658447e-01,3.265962898731231689e-01,3.612092435359954834e-01,1.377249211072921753e-01,4.770711958408355713e-01,4.916894733905792236e-01,3.903802335262298584e-01,2.762715518474578857e-01,3.728331625461578369e-01,-5.882214307785034180e-01,-3.801955580711364746e-01,4.984472990036010742e-01,5.069073438644409180e-01,3.413148224353790283e-01,3.540158271789550781e-01,-2.696982145309448242e+00,1.256490200757980347e-01,3.955652415752410889e-01,4.914128184318542480e-01,5.026409029960632324e-01,3.599480688571929932e-01,3.163356184959411621e-01,1.699923276901245117e-01,3.800356984138488770e-01,3.831284940242767334e-01,4.652978181838989258e-01,-6.079751849174499512e-01,3.708193004131317139e-01,3.674586117267608643e-01,3.672916591167449951e-01,3.472215533256530762e-01,3.446846306324005127e-01,-4.311490654945373535e-01,5.226027369499206543e-01,3.020180165767669678e-01,3.251802027225494385e-01,3.111578822135925293e-01,2.863281071186065674e-01,3.153168261051177979e-01,4.679841995239257812e-01,4.655602574348449707e-01,-2.041322179138660431e-02,3.436184525489807129e-01,3.588855564594268799e-01,3.766057491302490234e-01,3.333359062671661377e-01,4.341020584106445312e-01,5.028613805770874023e-01,4.481681287288665771e-01,3.527054488658905029e-01,3.550328016281127930e-01,3.051563799381256104e-01,-2.492125749588012695e+00,4.828229844570159912e-01,5.057154297828674316e-01,-1.531099677085876465e-01,-8.078362345695495605e-01,3.851423561573028564e-01,-4.503877758979797363e-01,3.597822189331054688e-01,-3.112215518951416016e+00,-7.265912294387817383e-01,3.610124289989471436e-01,3.756653368473052979e-01,3.706432580947875977e-01,4.038149714469909668e-01,3.504193127155303955e-01,3.711032569408416748e-01,-1.216795086860656738e+00,-3.970670700073242188e+00,3.233795762062072754e-01,3.647084534168243408e-01,-8.944085240364074707e-02,3.362683057785034180e-01,-3.544888496398925781e+00,5.045143961906433105e-01,3.641106784343719482e-01,3.477318584918975830e-01,3.521386682987213135e-01
4.792655408382415771e-01,5.029824376106262207e-01,5.501127243041992188e-01,5.586143136024475098e-01,-4.119527637958526611e-01,2.916565835475921631e-01,3.921792805194854736e-01,3.851764500141143799e-01,3.707469403743743896e-01,5.529066324234008789e-01,5.723397135734558105e-01,3.874546587467193604e-01,4.653643965721130371e-01,4.896417856216430664e-01,4.497342705726623535e-01,4.891822040081024170e-01,3.952572941780090332e-01,5.697312951087951660e-01,4.972693026065826416e-01,-4.412425756454467773e-01,-1.661064386367797852e+00,5.061104893684387207e-01,2.932516634464263916e-01,4.362866580486297607e-01,4.897614717483520508e-01,-3.268999099731445312e+00,-3.268999099731445312e+00,4.834629893302917480e-01,-1.682078361511230469e+00,-2.218842506408691406e+00,5.501890778541564941e-01,-5.438250303268432617e-01,-2.655120611190795898e+00,4.521918594837188721e-01,4.693558514118194580e-01,5.009996294975280762e-01,4.606291949748992920e-01,-1.440175414085388184e+00,-3.268999099731445312e+00,-1.943114519119262695e+00,4.805394709110260010e-01,4.738002121448516846e-01,5.139849185943603516e-01,3.627864718437194824e-01,5.765250921249389648e-01,5.760736465454101562e-01,-2.241194725036621094e+00,-3.268999099731445312e+00,-1.983764529228210449e+00,-3.533973991870880127e-01,-1.023133844137191772e-01,5.549530982971191406e-01,5.670213699340820312e-01,3.620002865791320801e-01,5.120666027069091797e-01,-2.127440690994262695e+00,4.347400665283203125e-01,4.938680231571197510e-01,5.565293431282043457e-01,5.481244325637817383e-01,4.479610919952392578e-01,4.854458570480346680e-01,3.316971063613891602e-01,4.526084363460540771e-01,4.677107930183410645e-01,5.506920218467712402e-01,5.672561526298522949e-01,4.829207062721252441e-01,4.540050625801086426e-01,5.004800558090209961e-01,4.990773499011993408e-01,-1.141912102699279785e+00,5.599473118782043457e-01,-4.975924193859100342e-01,4.287779033184051514e-01,4.822844862937927246e-01,4.909869134426116943e-01,-1.843441963195800781e+00,4.872741997241973877e-01,5.596413016319274902e-01,5.460082888603210449e-01,4.784842133522033691e-01,4.656400978565216064e-01,4.993878901004791260e-01,4.734578728675842285e-01,4.448663890361785889e-01,5.372740626335144043e-01,5.655883550643920898e-01,5.383428931236267090e-01,4.886571764945983887e-01,4.785944819450378418e-01,4.318195581436157227e-01,-1.979073882102966309e+00,5.492362976074218750e-01,5.694450139999389648e-01,8.391351439058780670e-03,-4.989720880985260010e-01,5.034096240997314453e-01,1.204221248626708984e-01,4.654507339000701904e-01,-2.533751726150512695e+00,-4.809919595718383789e-01,4.907142519950866699e-01,4.759815037250518799e-01,4.729904234409332275e-01,2.844565212726593018e-01,4.587538838386535645e-01,4.515511095523834229e-01,-9.103747606277465820e-01,-7.895164489746093750e-01,4.761405587196350098e-01,4.981427490711212158e-01,4.891646206378936768e-01,4.584797024726867676e-01,5.446571111679077148e-01,5.620089173316955566e-01,4.729043841361999512e-01,4.782945513725280762e-01,4.747999608516693115e-01
2.877466976642608643e-01,4.492560327053070068e-01,6.246812939643859863e-01,6.088237166404724121e-01,-5.729871392250061035e-01,3.533822596073150635e-01,4.319487810134887695e-01,4.543346166610717773e-01,4.474934935569763184e-01,6.175079345703125000e-01,6.125069856643676758e-01,4.368572533130645752e-01,2.649012207984924316e-01,5.366771817207336426e-01,5.052223801612854004e-01,5.735230445861816406e-01,-2.326896339654922485e-01,6.259310245513916016e-01,5.406502485275268555e-01,-3.715937435626983643e-01,-2.150284767150878906e+00,1.558419018983840942e-01,3.467151522636413574e-01,4.656260311603546143e-01,5.686157941818237305e-01,-3.162970066070556641e+00,-3.162970066070556641e+00,5.029879808425903320e-01,-1.578370809555053711e+00,-2.094683647155761719e+00,6.184317469596862793e-01,-4.620787799358367920e-01,-2.548025131225585938e+00,5.425512194633483887e-01,5.580661296844482422e-01,5.444674491882324219e-01,5.563005805015563965e-01,-1.352297782897949219e+00,-3.162970066070556641e+00,-1.829286217689514160e+00,8.577274531126022339e-02,5.472820997238159180e-01,5.201635956764221191e-01,4.786635339260101318e-01,6.172363162040710449e-01,6.225522160530090332e-01,-2.351322412490844727e+00,-3.162970066070556641e+00,-1.927519440650939941e+00,-3.716220855712890625e-01,-7.590521872043609619e-02,6.066538095474243164e-01,6.193943619728088379e-01,4.022009968757629395e-01,5.728691220283508301e-01,-2.048444986343383789e+00,-7.235183566808700562e-02,5.448554754257202148e-01,6.090365648269653320e-01,6.122159361839294434e-01,5.299405455589294434e-01,5.354683399200439453e-01,1.343664228916168213e-01,5.469835996627807617e-01,5.538635253906250000e-01,6.125547289848327637e-01,6.167528033256530762e-01,5.383740067481994629e-01,8.847545832395553589e-02,5.554574131965637207e-01,5.482357144355773926e-01,-1.532281398773193359e+00,6.097356081008911133e-01,-4.137850701808929443e-01,4.959215223789215088e-01,4.885983765125274658e-01,5.287212729454040527e-01,-1.733852386474609375e+00,5.096917748451232910e-01,5.992500782012939453e-01,6.166677474975585938e-01,5.234904289245605469e-01,5.333655476570129395e-01,4.531004130840301514e-01,4.380884766578674316e-01,5.076024532318115234e-01,5.971935391426086426e-01,6.082894802093505859e-01,6.080825924873352051e-01,4.386361837387084961e-01,4.519721567630767822e-01,4.062399864196777344e-01,-1.912401795387268066e+00,6.132889986038208008e-01,6.259414553642272949e-01,8.944103866815567017e-02,-7.568292021751403809e-01,-2.605555057525634766e-01,-6.572772860527038574e-01,5.512040853500366211e-01,-2.443042993545532227e+00,-4.251212477684020996e-01,5.290853977203369141e-01,5.469523072242736816e-01,5.326533913612365723e-01,3.903648555278778076e-01,5.326253175735473633e-01,5.106388926506042480e-01,-8.325777649879455566e-01,-7.319265604019165039e-01,5.437988638877868652e-01,5.692530274391174316e-01,5.679650902748107910e-01,5.624656677246093750e-01,6.057329773902893066e-01,6.148306131362915039e-01,5.490478873252868652e-01,5.416229367256164551e-01,1.690167039632797241e-01
5.520800352096557617e-01,2.932749390602111816e-01,1.920975893735885620e-01,5.995973944664001465e-01,-4.839848577976226807e-01,-1.222811698913574219e+00,-6.045925617218017578e-01,4.146558344364166260e-01,4.293153584003448486e-01,-2.944195568561553955e-01,6.094337701797485352e-01,4.468539357185363770e-01,3.008764982223510742e-01,5.272736549377441406e-01,4.496850073337554932e-01,4.081871807575225830e-01,-2.116574287414550781e+00,9.477169513702392578e-01,4.799367487430572510e-01,-5.471052527427673340e-01,5.302627086639404297e-01,5.613011717796325684e-01,5.396363735198974609e-01,7.096481919288635254e-01,1.242612972855567932e-01,-3.662951946258544922e+00,-3.662951946258544922e+00,5.332575440406799316e-01,4.933622777462005615e-01,3.684243261814117432e-01,7.840240001678466797e-01,8.430538177490234375e-01,5.249718427658081055e-01,4.827534854412078857e-01,-3.320544660091400146e-01,4.464648067951202393e-01,-8.247014880180358887e-01,-4.462616741657257080e-01,-3.416032075881958008e+00,-1.020625472068786621e+00,4.354010820388793945e-01,4.659942984580993652e-01,4.910546839237213135e-01,-2.828939259052276611e-01,7.801424860954284668e-01,1.754603534936904907e-01,4.688970148563385010e-01,4.613655209541320801e-01,5.298418402671813965e-01,-3.751478791236877441e-01,-2.696193754673004150e-01,8.063470125198364258e-01,5.255642533302307129e-01,2.492495775222778320e-01,5.070492029190063477e-01,-2.422876358032226562e+00,1.812313199043273926e-01,3.028201460838317871e-01,2.571337819099426270e-01,5.154839754104614258e-01,4.667609333992004395e-01,3.308657109737396240e-01,2.587587833404541016e-01,4.929092824459075928e-01,3.919417858123779297e-01,7.912836670875549316e-01,8.553023338317871094e-01,4.504237473011016846e-01,2.370088100433349609e-01,2.274105548858642578e-01,5.469251275062561035e-01,4.508651494979858398e-01,7.817550897598266602e-01,8.590793013572692871e-01,3.822235167026519775e-01,4.147545695304870605e-01,1.218104287981987000e-01,3.820337951183319092e-01,5.163202881813049316e-01,8.427789211273193359e-01,4.577279388904571533e-01,1.964173763990402222e-01,4.745548963546752930e-01,4.434912502765655518e-01,5.113043189048767090e-01,-5.313817858695983887e-01,-2.931058704853057861e-01,-1.769124120473861694e-01,-4.301335811614990234e-01,3.888617455959320068e-01,5.129730701446533203e-01,4.786160588264465332e-01,-2.435484886169433594e+00,7.846183180809020996e-01,9.338442087173461914e-01,-7.993870973587036133e-02,-9.040831923484802246e-01,4.381345808506011963e-01,-1.864766359329223633e+00,1.734586209058761597e-01,-2.974636316299438477e+00,-3.365477323532104492e-01,2.153711169958114624e-01,4.997507929801940918e-01,5.287751555442810059e-01,-9.232901334762573242e-01,-4.181677103042602539e-01,-1.303607463836669922e+00,-3.662951946258544922e+00,-2.496915340423583984e+00,3.606652021408081055e-01,5.377624034881591797e-01,5.223603248596191406e-01,3.044463098049163818e-01,-4.301064908504486084e-01,9.232896566390991211e-01,3.496668934822082520e-01,3.753064870834350586e-01,2.895823717117309570e-01
2.980435490608215332e-01,4.319599568843841553e-01,5.619163513183593750e-01,5.958349704742431641e-01,-6.214715838432312012e-01,1.637706011533737183e-01,2.134652733802795410e-01,3.084233403205871582e-01,3.174128532409667969e-01,5.807758569717407227e-01,5.971982479095458984e-01,-1.037737652659416199e-01,4.125618338584899902e-01,3.013859093189239502e-01,2.492696493864059448e-01,4.290284812450408936e-01,1.643078476190567017e-01,6.077973842620849609e-01,4.304419159889221191e-01,-5.952079892158508301e-01,1.758017838001251221e-01,9.958842396736145020e-02,3.941248655319213867e-01,4.314686655998229980e-01,4.220573604106903076e-01,-3.803797960281372070e+00,-3.803797960281372070e+00,1.008446663618087769e-01,3.651017546653747559e-01,4.176429510116577148e-01,5.646499395370483398e-01,6.141716241836547852e-01,3.980185091495513916e-01,3.424507379531860352e-01,3.736287653446197510e-01,4.445118606090545654e-01,3.811890482902526855e-01,5.750911235809326172e-01,-3.563039302825927734e+00,-1.116468906402587891e+00,2.689954936504364014e-01,3.652087748050689697e-01,2.239513993263244629e-01,1.449186541140079498e-02,5.634357929229736328e-01,6.157506704330444336e-01,3.712584078311920166e-01,3.761465251445770264e-01,3.139764368534088135e-01,-5.319010019302368164e-01,-3.279822468757629395e-01,5.441043376922607422e-01,5.651903152465820312e-01,3.428332209587097168e-01,4.045646786689758301e-01,-2.523222923278808594e+00,1.472871303558349609e-01,3.628401458263397217e-01,5.695668458938598633e-01,5.903012156486511230e-01,3.791169524192810059e-01,3.035264611244201660e-01,-1.683165319263935089e-03,4.160200059413909912e-01,2.798981666564941406e-01,5.475924015045166016e-01,6.277621984481811523e-01,3.302953541278839111e-01,2.190141528844833374e-01,3.447228670120239258e-01,3.445210754871368408e-01,4.451961219310760498e-01,5.508452653884887695e-01,6.241636872291564941e-01,1.361072510480880737e-01,2.065903097391128540e-01,2.416002452373504639e-01,2.751170694828033447e-01,4.165060222148895264e-01,-2.251758098602294922e+00,-3.803797960281372070e+00,-3.803797960281372070e+00,-3.675065934658050537e-01,2.647565603256225586e-01,3.401242196559906006e-01,4.002081751823425293e-01,5.593793392181396484e-01,6.282745003700256348e-01,5.748051404953002930e-01,1.639288663864135742e-01,1.267468184232711792e-01,5.894047766923904419e-02,-2.343616724014282227e+00,5.663799047470092773e-01,6.220266222953796387e-01,-3.621184229850769043e-01,-9.033171534538269043e-01,2.420125603675842285e-01,-3.036258518695831299e-01,3.284337818622589111e-01,-2.973716497421264648e+00,-6.887069940567016602e-01,4.415853023529052734e-01,3.316130042076110840e-01,3.342139124870300293e-01,4.104511439800262451e-01,4.370779097080230713e-01,4.370038807392120361e-01,-1.088087558746337891e+00,-1.030849575996398926e+00,4.263454377651214600e-01,3.347150087356567383e-01,4.148778319358825684e-01,4.382288753986358643e-01,5.756087303161621094e-01,6.074956059455871582e-01,2.925606071949005127e-01,2.454461753368377686e-01,2.175701707601547241e-01
4.687740802764892578e-01,3.087694346904754639e-01,4.418714046478271484e-01,5.961264371871948242e-01,-5.425044298171997070e-01,2.356378287076950073e-01,3.117035031318664551e-01,3.226538598537445068e-01,2.107115089893341064e-01,5.503154993057250977e-01,5.957070589065551758e-01,4.282459318637847900e-01,4.616568088531494141e-01,2.783819735050201416e-01,3.678273260593414307e-01,4.600783586502075195e-01,-8.110097050666809082e-01,6.204579472541809082e-01,2.837282121181488037e-01,-6.703838109970092773e-01,4.666204750537872314e-01,2.528359889984130859e-01,3.149763941764831543e-01,3.285147249698638916e-01,3.933014273643493652e-01,-3.988137245178222656e+00,-3.988137245178222656e+00,4.771732985973358154e-01,4.214295148849487305e-01,1.283812522888183594e-01,4.975458979606628418e-01,5.835039019584655762e-01,4.637848734855651855e-01,4.370882511138916016e-01,4.672204256057739258e-01,4.824706912040710449e-01,4.561989605426788330e-01,5.562401413917541504e-01,-3.918709516525268555e+00,-1.221211314201354980e+00,4.248541295528411865e-01,3.877979815006256104e-01,4.761010706424713135e-01,-2.135141193866729736e-02,5.645409226417541504e-01,5.943685770034790039e-01,4.786346852779388428e-01,4.165424406528472900e-01,4.360160231590270996e-01,-5.204778909683227539e-01,-4.745958149433135986e-01,5.218573212623596191e-01,6.052787899971008301e-01,3.961443305015563965e-01,4.643027782440185547e-01,-2.655082225799560547e+00,2.743063569068908691e-01,4.589816927909851074e-01,4.757359921932220459e-01,5.777214765548706055e-01,4.314152300357818604e-01,4.415121674537658691e-01,2.055078595876693726e-01,4.942161142826080322e-01,3.709484934806823730e-01,4.988715946674346924e-01,6.104320883750915527e-01,-1.279682964086532593e-01,4.781945049762725830e-01,4.702675640583038330e-01,-1.356216967105865479e-01,2.471100836992263794e-01,3.675566911697387695e-01,5.954006910324096680e-01,4.028458297252655029e-01,-1.472544312477111816e+00,4.672623574733734131e-01,3.517393171787261963e-01,1.886747628450393677e-01,-1.866228222846984863e+00,4.222337007522583008e-01,4.871170818805694580e-01,3.231279850006103516e-01,4.279359281063079834e-01,4.240499436855316162e-01,-1.190402507781982422e-01,5.316479206085205078e-01,6.308375000953674316e-01,-3.649857640266418457e-01,4.729554653167724609e-01,4.649471938610076904e-01,-4.115498661994934082e-01,-2.900736808776855469e+00,-4.552972912788391113e-01,5.958711504936218262e-01,-8.111062645912170410e-02,-7.252365946769714355e-01,4.776784181594848633e-01,-6.175411865115165710e-02,-4.567560553550720215e-02,-3.117714405059814453e+00,-6.547578573226928711e-01,4.823940992355346680e-01,-1.297867417335510254e+00,3.764581382274627686e-01,3.853369355201721191e-01,2.812157571315765381e-01,4.134380519390106201e-01,-1.235285401344299316e+00,-1.047085165977478027e+00,4.310377538204193115e-01,4.944349229335784912e-01,4.774906039237976074e-01,3.567722737789154053e-01,-3.734884023666381836e+00,5.939673781394958496e-01,4.737961292266845703e-01,4.204612374305725098e-01,3.766652643680572510e-01
2.517030239105224609e-01,5.411632061004638672e-01,1.081688046455383301e+00,1.154494285583496094e+00,-3.259061276912689209e-01,2.245356142520904541e-01,-8.966096043586730957e-01,3.243909478187561035e-01,-1.753257215023040771e-02,-3.015970468521118164e+00,-3.015970468521118164e+00,-3.015970468521118164e+00,-2.533400535583496094e+00,2.673899829387664795e-01,3.014357984066009521e-01,3.147912025451660156e-01,7.432811856269836426e-01,1.142783641815185547e+00,2.282298952341079712e-01,-4.413672387599945068e-01,5.526641607284545898e-01,5.309956669807434082e-01,6.813357025384902954e-02,5.309462547302246094e-01,8.447825908660888672e-01,-3.015970468521118164e+00,-3.015970468521118164e+00,4.375491738319396973e-01,2.837531268596649170e-02,2.668273150920867920e-01,7.371888160705566406e-01,8.624883890151977539e-01,5.427353382110595703e-01,4.717927575111389160e-01,4.552695527672767639e-02,-1.848940104246139526e-01,9.409173578023910522e-02,9.568591117858886719e-01,-2.785384178161621094e+00,-9.267728924751281738e-01,3.681258559226989746e-01,5.287347435951232910e-01,5.970599651336669922e-01,3.876382857561111450e-02,1.061850905418395996e+00,1.170251131057739258e+00,7.287682592868804932e-02,3.004758358001708984e-01,2.373000234365463257e-01,-3.844167590141296387e-01,-5.566391348838806152e-01,1.055475473403930664e+00,1.000293254852294922e+00,9.488289803266525269e-02,4.682359099388122559e-01,-1.925092697143554688e+00,1.936391294002532959e-01,-4.600330293178558350e-01,8.423190712928771973e-01,1.175417661666870117e+00,2.806352376937866211e-01,5.582278966903686523e-01,1.043206527829170227e-01,3.595252931118011475e-01,3.112793862819671631e-01,1.140555143356323242e+00,1.251366376876831055e+00,2.106287777423858643e-01,5.879785418510437012e-01,-1.980420649051666260e-01,2.939180135726928711e-01,-3.393031358718872070e-01,2.901071012020111084e-01,8.666505813598632812e-01,3.554978370666503906e-01,3.230855166912078857e-01,4.497185051441192627e-01,3.505905568599700928e-01,-2.435615211725234985e-01,2.977698445320129395e-01,8.723824620246887207e-01,-1.981215178966522217e-01,4.084276854991912842e-01,2.989992201328277588e-01,-4.959783256053924561e-01,-9.993250966072082520e-01,1.108584403991699219e+00,1.228850483894348145e+00,1.001333355903625488e+00,5.063203722238540649e-02,-1.937947392463684082e+00,-2.669613361358642578e-01,-2.366943120956420898e+00,7.780055999755859375e-01,1.183395862579345703e+00,-4.684596359729766846e-01,-5.838246345520019531e-01,4.085555672645568848e-01,-4.715182781219482422e-01,-2.095770984888076782e-01,-2.474661350250244141e+00,6.865157932043075562e-02,1.141634583473205566e-02,1.728010475635528564e-01,5.183049440383911133e-01,-2.439537048339843750e-01,-9.319564104080200195e-01,4.277096986770629883e-01,-5.155546069145202637e-01,-1.286718726158142090e+00,3.804827332496643066e-01,-9.082169830799102783e-02,-8.907397091388702393e-02,-5.131142735481262207e-01,4.765892326831817627e-01,9.469149112701416016e-01,-1.798844039440155029e-01,3.019047081470489502e-01,1.948599815368652344e-01
3.945563435554504395e-01,2.428793311119079590e-01,1.367867141962051392e-01,8.659602999687194824e-01,-7.453956604003906250e-01,4.600159823894500732e-01,-1.142016202211380005e-01,4.017677903175354004e-01,6.093169748783111572e-02,-4.972306787967681885e-01,8.941063880920410156e-01,6.023666262626647949e-01,4.315995275974273682e-01,6.484698057174682617e-01,-8.896154165267944336e-02,4.817668199539184570e-01,-2.441218588501214981e-03,9.375917911529541016e-01,6.799433827400207520e-01,-6.845475435256958008e-01,2.909795008599758148e-02,5.465712547302246094e-01,2.587969899177551270e-01,6.709707975387573242e-01,5.741071701049804688e-01,-3.912928342819213867e+00,-3.912928342819213867e+00,6.400398612022399902e-01,4.893706440925598145e-01,1.736970734782516956e-03,7.869642376899719238e-01,8.886501193046569824e-01,8.932589739561080933e-02,2.703396975994110107e-01,5.922252535820007324e-01,4.580163359642028809e-01,-7.114314436912536621e-01,2.333287149667739868e-03,-3.650662422180175781e+00,-1.135994791984558105e+00,6.050838232040405273e-01,4.566706418991088867e-01,5.378153920173645020e-01,2.081737220287322998e-01,7.807546257972717285e-01,7.732251286506652832e-01,5.784928798675537109e-01,4.792412221431732178e-01,6.231283545494079590e-01,-5.215086936950683594e-01,-5.939989089965820312e-01,-8.523390293121337891e-01,2.144191414117813110e-01,6.247463822364807129e-01,6.369490027427673340e-01,-2.600293159484863281e+00,5.396858453750610352e-01,-6.667256355285644531e-01,-4.713326692581176758e-01,8.765289783477783203e-01,5.808733701705932617e-01,6.813089251518249512e-01,4.373460114002227783e-01,5.141634941101074219e-01,2.553992904722690582e-02,6.004583835601806641e-01,9.197937250137329102e-01,5.860852003097534180e-01,5.192759037017822266e-01,5.853457450866699219e-01,5.964093804359436035e-01,3.376320004463195801e-01,-1.454868912696838379e+00,1.677613556385040283e-01,3.751541972160339355e-01,6.511273980140686035e-01,5.642063617706298828e-01,4.699386656284332275e-01,1.539586335420608521e-01,-8.353002667427062988e-01,-2.925093472003936768e-01,5.971373319625854492e-01,5.940579175949096680e-01,-7.622197270393371582e-01,1.432646960020065308e-01,-2.352470755577087402e-01,8.080022931098937988e-01,9.114134907722473145e-01,6.691003441810607910e-01,5.809985995292663574e-01,5.908676385879516602e-01,-7.407213449478149414e-01,-3.255211353302001953e+00,-1.076494336128234863e+00,8.912500143051147461e-01,-5.406126976013183594e-01,-5.803746581077575684e-01,3.995057642459869385e-01,-1.511664688587188721e-01,-2.157057821750640869e-01,-3.288511753082275391e+00,-4.264678061008453369e-01,6.583626866340637207e-01,6.285747289657592773e-01,2.114944010972976685e-01,2.908287048339843750e-01,-5.621556043624877930e-01,-1.023485779762268066e+00,-2.076457023620605469e+00,-2.100369453430175781e+00,4.865699410438537598e-01,2.497429251670837402e-01,5.669474005699157715e-01,8.819220587611198425e-03,-3.401629626750946045e-01,4.804596900939941406e-01,6.161614060401916504e-01,6.143585443496704102e-01,-1.155365779995918274e-01
2.446008324623107910e-01,4.641487002372741699e-01,6.208846569061279297e-01,6.424732208251953125e-01,-4.175317585468292236e-01,2.972647845745086670e-01,4.178171157836914062e-01,3.859214186668395996e-01,3.686590492725372314e-01,6.352503299713134766e-01,6.360580325126647949e-01,1.835927665233612061e-01,4.614747464656829834e-01,4.831172227859497070e-01,4.183871746063232422e-01,5.139313936233520508e-01,4.532341659069061279e-01,6.576946973800659180e-01,4.657285809516906738e-01,-3.537444770336151123e-01,-1.426206827163696289e+00,-1.736377596855163574e+00,4.188280999660491943e-01,4.971201121807098389e-01,3.261771500110626221e-01,-3.041560649871826172e+00,-3.041560649871826172e+00,4.451451897621154785e-01,3.002962470054626465e-01,5.208268165588378906e-01,6.162123680114746094e-01,6.340474486351013184e-01,4.698130190372467041e-01,-3.347540795803070068e-01,1.975702792406082153e-01,-1.790027141571044922e+00,-2.990122556686401367e+00,-3.041560649871826172e+00,-3.041560649871826172e+00,-1.194087862968444824e+00,4.566123187541961670e-01,3.100925385951995850e-01,4.877099096775054932e-01,1.742394268512725830e-01,6.256581544876098633e-01,6.456793546676635742e-01,4.669013917446136475e-01,4.855083525180816650e-01,4.943933784961700439e-01,-2.892179489135742188e-01,-2.113201767206192017e-01,6.182107329368591309e-01,6.394566297531127930e-01,4.357440471649169922e-01,4.473278224468231201e-01,-1.966293334960937500e+00,4.219193160533905029e-01,4.112643003463745117e-01,2.347444891929626465e-01,5.854349732398986816e-01,4.212603271007537842e-01,4.921145141124725342e-01,2.759477496147155762e-01,3.056193888187408447e-01,3.906978070735931396e-01,6.030854582786560059e-01,6.502385139465332031e-01,4.094213843345642090e-01,4.503108859062194824e-01,3.682126104831695557e-01,4.881706535816192627e-01,5.010753870010375977e-01,6.184411048889160156e-01,6.531369686126708984e-01,3.802687823772430420e-01,4.666433334350585938e-01,4.195209145545959473e-01,3.739498257637023926e-01,5.005562901496887207e-01,6.009392738342285156e-01,6.276833415031433105e-01,1.953765749931335449e-01,4.421913027763366699e-01,5.897322669625282288e-02,4.464296996593475342e-01,4.160392284393310547e-01,-6.829117536544799805e-01,-3.041560649871826172e+00,-3.041560649871826172e+00,-3.041560649871826172e+00,-1.338685452938079834e-01,1.054853107780218124e-02,-1.822546601295471191e+00,6.194266676902770996e-01,6.394785046577453613e-01,-7.508945465087890625e-02,-4.621289372444152832e-01,4.604570567607879639e-01,2.182321064174175262e-02,3.807236552238464355e-01,-2.337203025817871094e+00,-3.755590021610260010e-01,4.706470072269439697e-01,3.530334234237670898e-01,5.005399584770202637e-01,4.720790386199951172e-01,4.867534637451171875e-01,5.209510326385498047e-01,-7.725580334663391113e-01,-7.300049662590026855e-01,3.699782490730285645e-01,4.548408687114715576e-01,4.517120122909545898e-01,4.915386140346527100e-01,5.650070309638977051e-01,6.422020196914672852e-01,3.951621949672698975e-01,4.675006270408630371e-01,3.445974588394165039e-01
3.656833767890930176e-01,3.497111201286315918e-01,-5.217483043670654297e-01,2.221642285585403442e-01,-6.834748387336730957e-01,9.554420411586761475e-02,2.300955206155776978e-01,2.387019395828247070e-01,1.620160043239593506e-01,5.194973349571228027e-01,5.832105875015258789e-01,3.073266744613647461e-01,3.665640652179718018e-01,3.738118410110473633e-01,2.871937155723571777e-01,3.546863794326782227e-01,2.227736115455627441e-01,6.062434315681457520e-01,3.756889402866363525e-01,-7.623847723007202148e-01,3.843874335289001465e-01,1.720734983682632446e-01,3.480075001716613770e-01,3.957099318504333496e-01,3.054679334163665771e-01,-4.191724777221679688e+00,-4.191724777221679688e+00,3.617557585239410400e-01,3.115580379962921143e-01,3.471894860267639160e-01,4.837493300437927246e-01,5.730667710304260254e-01,3.883991241455078125e-01,3.365719020366668701e-01,3.566093444824218750e-01,3.697642385959625244e-01,4.045585691928863525e-01,4.992306530475616455e-01,-3.928129673004150391e+00,-1.392158985137939453e+00,3.461330831050872803e-01,2.848707735538482666e-01,3.706578910350799561e-01,7.131512463092803955e-02,5.126564502716064453e-01,5.773783922195434570e-01,-1.325967907905578613e-01,3.546665310859680176e-01,3.582617640495300293e-01,-6.316819787025451660e-01,-4.155474007129669189e-01,4.850330948829650879e-01,5.834379196166992188e-01,3.347800076007843018e-01,3.181486725807189941e-01,-2.807221651077270508e+00,3.392482697963714600e-01,3.693684041500091553e-01,5.091903209686279297e-01,-4.191724777221679688e+00,-5.846458673477172852e-01,3.410497009754180908e-01,1.841926276683807373e-01,3.727000355720520020e-01,3.544086217880249023e-01,4.909455478191375732e-01,5.786869525909423828e-01,3.603765070438385010e-01,3.493615388870239258e-01,3.577650785446166992e-01,-1.474136020988225937e-02,3.578300178050994873e-01,5.061995387077331543e-01,5.192126631736755371e-01,3.076762557029724121e-01,3.367361724376678467e-01,3.612017631530761719e-01,2.859328985214233398e-01,3.369959890842437744e-01,4.917306900024414062e-01,5.848382115364074707e-01,3.527535200119018555e-01,3.220858573913574219e-01,3.505937159061431885e-01,3.336338102817535400e-01,-2.917771413922309875e-02,4.947872161865234375e-01,5.842421650886535645e-01,5.276085734367370605e-01,3.248845040798187256e-01,3.249972164630889893e-01,1.509536653757095337e-01,-2.883151292800903320e+00,4.958703815937042236e-01,5.697274804115295410e-01,-2.133429497480392456e-01,-8.369868993759155273e-01,3.459153175354003906e-01,-9.351643919944763184e-02,-2.639150619506835938e-01,-3.293295145034790039e+00,-7.191864848136901855e-01,3.282581567764282227e-01,3.380122780799865723e-01,3.572389781475067139e-01,3.442980349063873291e-01,3.009748160839080811e-01,3.753989338874816895e-01,-1.543105483055114746e+00,-1.189578175544738770e+00,3.484617769718170166e-01,3.710265755653381348e-01,3.354448080062866211e-01,1.920841932296752930e-01,4.904297590255737305e-01,5.803623199462890625e-01,3.406065106391906738e-01,3.282848894596099854e-01,3.138256072998046875e-01
2.471148818731307983e-01,4.530773460865020752e-01,6.332649588584899902e-01,7.124047875404357910e-01,-8.038621544837951660e-01,2.569794841110706329e-02,2.726251184940338135e-01,2.981265783309936523e-01,-9.748132526874542236e-02,6.494613885879516602e-01,6.636772751808166504e-01,2.932588458061218262e-01,3.638503253459930420e-01,4.186745584011077881e-01,3.451054990291595459e-01,3.566728830337524414e-01,3.777249157428741455e-01,6.479079127311706543e-01,3.166637122631072998e-01,-8.376808166503906250e-01,1.977676302194595337e-01,3.618508875370025635e-01,3.975241184234619141e-01,4.342952668666839600e-01,3.911535739898681641e-01,-4.543987751007080078e+00,-4.543987751007080078e+00,9.806190431118011475e-02,3.807056322693824768e-02,2.680094838142395020e-01,3.186024427413940430e-01,5.213114023208618164e-01,2.485071569681167603e-01,4.203871488571166992e-01,3.253377079963684082e-01,2.556799948215484619e-01,2.033384144306182861e-01,6.178096532821655273e-01,-4.259392261505126953e+00,-1.494212746620178223e+00,3.243055343627929688e-01,2.627020776271820068e-01,3.426961302757263184e-01,5.621619522571563721e-02,6.057858467102050781e-01,6.271096467971801758e-01,2.837922275066375732e-01,3.399450778961181641e-01,3.129872679710388184e-01,-7.884905934333801270e-01,-5.245998501777648926e-01,5.640469193458557129e-01,6.598584651947021484e-01,2.770498394966125488e-01,2.936210632324218750e-01,-3.070280551910400391e+00,1.619432568550109863e-01,-4.750298559665679932e-01,4.240669608116149902e-01,6.826289296150207520e-01,1.858924776315689087e-01,2.581463158130645752e-01,1.535142362117767334e-01,3.244960606098175049e-01,2.286740392446517944e-01,5.200238227844238281e-01,6.664701700210571289e-01,3.458617329597473145e-01,3.683537542819976807e-01,2.751802206039428711e-01,3.069910705089569092e-01,3.565330207347869873e-01,5.759157538414001465e-01,6.075717210769653320e-01,1.715614646673202515e-01,2.049886286258697510e-01,3.034946918487548828e-01,2.041993141174316406e-01,2.883199453353881836e-01,5.617857575416564941e-01,6.512660980224609375e-01,3.089519739151000977e-01,2.693870961666107178e-01,-5.505769848823547363e-01,2.805504202842712402e-01,-6.822805851697921753e-02,5.718646049499511719e-01,6.528196334838867188e-01,3.488807678222656250e-01,2.470709085464477539e-01,2.999564111232757568e-01,-2.696933746337890625e-01,-3.326097011566162109e+00,4.992234110832214355e-01,6.078481078147888184e-01,-3.068430423736572266e-01,-1.007400989532470703e+00,3.171075880527496338e-01,-1.840222030878067017e-01,-1.769992709159851074e-01,-3.558089733123779297e+00,-7.688270807266235352e-01,3.100771009922027588e-01,3.609045743942260742e-01,2.422739565372467041e-01,3.020965456962585449e-01,-5.952575206756591797e-01,5.375894904136657715e-01,-1.348335862159729004e+00,-1.398868083953857422e+00,2.482789456844329834e-01,3.460857272148132324e-01,2.752660512924194336e-01,5.255021899938583374e-02,3.283383250236511230e-01,5.886493325233459473e-01,2.865696549415588379e-01,3.720344007015228271e-01,3.928577899932861328e-01
4.818071424961090088e-02,4.788406193256378174e-01,3.406905531883239746e-01,7.557865381240844727e-01,-5.309744477272033691e-01,3.252032399177551270e-01,1.352722048759460449e-01,3.318937420845031738e-01,6.251358240842819214e-02,6.247707828879356384e-02,7.621886134147644043e-01,5.031011104583740234e-01,4.533907473087310791e-01,5.149024128913879395e-01,3.582661747932434082e-01,5.885058045387268066e-01,4.162619411945343018e-01,7.689837813377380371e-01,5.873277187347412109e-01,-6.570042371749877930e-01,-5.732114985585212708e-02,4.929805397987365723e-01,2.710652053356170654e-01,5.684134960174560547e-01,1.044937074184417725e-01,-4.267610073089599609e+00,-4.267610073089599609e+00,5.515238046646118164e-01,4.908244311809539795e-01,5.100547075271606445e-01,6.934324502944946289e-01,7.232386469841003418e-01,4.503421485424041748e-01,5.459620952606201172e-01,5.732350945472717285e-01,1.913669705390930176e-01,-6.323967576026916504e-01,7.132424116134643555e-01,-3.994890213012695312e+00,-1.241897583007812500e+00,4.609380662441253662e-01,1.560392379760742188e-01,5.486276149749755859e-01,3.047289093956351280e-03,7.103983759880065918e-01,7.485059499740600586e-01,5.570743083953857422e-01,5.649296641349792480e-01,5.615200400352478027e-01,-5.186456441879272461e-01,-8.446235656738281250e-01,-4.411427974700927734e-01,6.932559609413146973e-01,5.624125599861145020e-01,5.737345218658447266e-01,-2.832983732223510742e+00,3.393447697162628174e-01,-1.283916234970092773e+00,-2.321318984031677246e-01,7.390151619911193848e-01,2.780117653310298920e-02,5.752287507057189941e-01,2.971817255020141602e-01,3.274150788784027100e-01,-2.278706729412078857e-01,6.899947524070739746e-01,7.470839619636535645e-01,5.036907792091369629e-01,1.965094953775405884e-01,4.883674979209899902e-01,4.982012808322906494e-01,3.089449405670166016e-01,-6.986017227172851562e-01,4.818069934844970703e-01,3.359712362289428711e-01,4.182735979557037354e-01,5.248264670372009277e-01,3.940091133117675781e-01,1.244259774684906006e-01,-3.967414498329162598e-01,4.918172359466552734e-01,4.942139983177185059e-01,4.731405079364776611e-01,-6.319755911827087402e-01,2.389031797647476196e-01,-2.009105533361434937e-01,6.889477968215942383e-01,7.481268644332885742e-01,7.268769145011901855e-01,5.024432539939880371e-01,4.830244183540344238e-01,-9.710898399353027344e-01,-3.463465690612792969e+00,-6.681116223335266113e-01,7.359966635704040527e-01,-3.540910184383392334e-01,-7.104969024658203125e-01,4.836722612380981445e-01,-3.849224746227264404e-01,-1.464628279209136963e-01,-3.391285896301269531e+00,-6.382713317871093750e-01,5.042202472686767578e-01,5.110375285148620605e-01,4.340501427650451660e-01,-2.675009667873382568e-01,-4.384792745113372803e-01,-6.582842469215393066e-01,-1.381593942642211914e+00,-1.373904347419738770e+00,4.334023296833038330e-01,5.042483210563659668e-01,3.817705512046813965e-01,-7.542225718498229980e-02,1.760438829660415649e-02,7.174161672592163086e-01,5.143749117851257324e-01,1.741283088922500610e-01,9.067669510841369629e-02
3.345923125743865967e-01,2.327280938625335693e-01,-2.139159711077809334e-03,5.445131063461303711e-01,-8.276489973068237305e-01,3.567232936620712280e-02,1.795597672462463379e-01,1.818607449531555176e-01,1.341171562671661377e-01,4.951630532741546631e-01,5.287874341011047363e-01,2.297202944755554199e-01,2.992141842842102051e-01,3.097712993621826172e-01,1.955025345087051392e-01,2.972409129142761230e-01,1.550064384937286377e-01,5.535694360733032227e-01,2.799548208713531494e-01,-9.270399808883666992e-01,3.316153287887573242e-01,1.784499883651733398e-01,2.928149700164794922e-01,3.457291722297668457e-01,2.510770857334136963e-01,-4.673637390136718750e+00,-4.673637390136718750e+00,3.623224198818206787e-01,2.864387631416320801e-01,3.451637923717498779e-01,4.692009985446929932e-01,5.353334546089172363e-01,3.438788354396820068e-01,2.847672998905181885e-01,1.876892447471618652e-01,3.639383614063262939e-01,3.854760825634002686e-01,4.779818058013916016e-01,-4.386241436004638672e+00,-1.537388443946838379e+00,2.863482832908630371e-01,2.864181995391845703e-01,3.255216181278228760e-01,-8.630608767271041870e-02,4.965076148509979248e-01,5.493280887603759766e-01,3.533717989921569824e-01,3.242428302764892578e-01,3.334204256534576416e-01,-7.779679298400878906e-01,-5.146612524986267090e-01,4.597725868225097656e-01,5.417068004608154297e-01,2.982520163059234619e-01,3.076063990592956543e-01,-3.153305530548095703e+00,2.659248709678649902e-01,2.199218124151229858e-01,4.871470332145690918e-01,5.458227396011352539e-01,-3.766829371452331543e-01,3.249253928661346436e-01,1.131974384188652039e-01,3.395737707614898682e-01,3.137926459312438965e-01,4.651056230068206787e-01,5.361208915710449219e-01,2.970513701438903809e-01,2.870719730854034424e-01,3.029826581478118896e-01,3.005546331405639648e-01,3.149336874485015869e-01,4.739275276660919189e-01,5.403087735176086426e-01,2.280817329883575439e-01,2.706925272941589355e-01,3.137535750865936279e-01,2.306783497333526611e-01,3.005793094635009766e-01,4.735944867134094238e-01,5.561392903327941895e-01,3.140825331211090088e-01,2.933877408504486084e-01,3.015332520008087158e-01,3.068354427814483643e-01,2.935295999050140381e-01,4.900643825531005859e-01,5.416080951690673828e-01,4.924328029155731201e-01,2.162067890167236328e-01,2.767081260681152344e-01,2.248004972934722900e-01,-2.975796222686767578e+00,4.666290581226348877e-01,5.329918265342712402e-01,-3.136322498321533203e-01,-9.910227656364440918e-01,2.903676033020019531e-01,-1.961780786514282227e-01,3.043498396873474121e-01,-3.682826042175292969e+00,-8.875705599784851074e-01,3.231902122497558594e-01,3.010151684284210205e-01,3.353118598461151123e-01,2.653541564941406250e-01,2.297141253948211670e-01,3.368110358715057373e-01,-1.457179188728332520e+00,-1.372736692428588867e+00,3.019423782825469971e-01,3.408278822898864746e-01,3.503035604953765869e-01,2.935768663883209229e-01,4.795011281967163086e-01,5.432178974151611328e-01,2.956697940826416016e-01,2.821768522262573242e-01,2.962269484996795654e-01
3.437941670417785645e-01,2.259138971567153931e-01,5.266442298889160156e-01,5.831146240234375000e-01,-8.445649743080139160e-01,1.173994839191436768e-01,1.773381978273391724e-02,2.230456769466400146e-01,-1.063074469566345215e-01,5.386333465576171875e-01,5.731161236763000488e-01,2.842964828014373779e-01,3.544988930225372314e-01,2.497332096099853516e-01,2.426954060792922974e-01,-3.208001330494880676e-02,2.669838666915893555e-01,5.619281530380249023e-01,3.368104696273803711e-01,-9.282928705215454102e-01,2.876561880111694336e-01,2.519571781158447266e-01,3.155736029148101807e-01,3.858524262905120850e-01,2.224076092243194580e-01,-4.621850013732910156e+00,-4.621850013732910156e+00,3.900760710239410400e-01,3.123758137226104736e-01,2.974833250045776367e-01,5.092593431472778320e-01,5.587646365165710449e-01,3.476762771606445312e-01,3.431511223316192627e-01,3.884736597537994385e-01,3.729534447193145752e-01,3.284415900707244873e-01,7.516776770353317261e-02,-4.337540149688720703e+00,-1.492441773414611816e+00,2.669694125652313232e-01,3.746735453605651855e-01,3.402197062969207764e-01,-2.109013348817825317e-01,5.389328002929687500e-01,5.894850492477416992e-01,8.650108426809310913e-02,3.113990724086761475e-01,1.914352774620056152e-01,-7.363570332527160645e-01,-6.425128579139709473e-01,5.295062661170959473e-01,5.648087859153747559e-01,3.067137002944946289e-01,3.627938330173492432e-01,-3.130206108093261719e+00,2.477776855230331421e-01,1.704759448766708374e-01,4.579983651638031006e-01,5.349535942077636719e-01,2.333333045244216919e-01,3.728584647178649902e-01,1.599591076374053955e-01,3.353236913681030273e-01,2.192234396934509277e-01,5.241889953613281250e-01,5.863029360771179199e-01,2.910034656524658203e-01,3.329076766967773438e-01,3.828487396240234375e-01,3.036637306213378906e-01,1.599756330251693726e-01,5.260164737701416016e-01,2.986582815647125244e-01,2.513438761234283447e-01,3.109220862388610840e-01,3.589344322681427002e-01,2.591783404350280762e-01,1.628004908561706543e-01,5.371156334877014160e-01,5.924648046493530273e-01,3.377673625946044922e-01,3.364305198192596436e-01,3.261428773403167725e-01,2.770732641220092773e-01,7.982011884450912476e-02,5.191071033477783203e-01,5.888572931289672852e-01,5.465586781501770020e-01,3.058484792709350586e-01,3.493571579456329346e-01,-7.652428746223449707e-01,-3.101123332977294922e+00,5.227497220039367676e-01,5.739255547523498535e-01,-3.038843870162963867e-01,-9.283193349838256836e-01,3.258434534072875977e-01,-1.270912587642669678e-01,2.410562485456466675e-01,-3.629998445510864258e+00,-8.422873616218566895e-01,3.639481663703918457e-01,3.699448108673095703e-01,2.298740893602371216e-01,8.045571297407150269e-02,1.348554044961929321e-01,3.981277644634246826e-01,-1.422067999839782715e+00,-1.362760305404663086e+00,3.770441114902496338e-01,3.893905282020568848e-01,3.591884374618530273e-01,3.465694487094879150e-01,5.327523350715637207e-01,5.799779891967773438e-01,3.343676030635833740e-01,5.725837498903274536e-02,3.961078226566314697e-01
-3.383009433746337891e+00,-2.061036974191665649e-02,6.732231378555297852e-01,1.235014915466308594e+00,-5.915156602859497070e-01,-1.118631720542907715e+00,-3.462952375411987305e-01,3.563493788242340088e-01,2.674117982387542725e-01,6.491531133651733398e-01,1.223654150962829590e+00,7.734167575836181641e-01,4.378787279129028320e-01,5.540944933891296387e-01,4.544200897216796875e-01,-1.411360204219818115e-01,-8.167080879211425781e-01,1.274003386497497559e+00,1.705401688814163208e-01,-1.541055440902709961e-01,7.573180831968784332e-03,-3.172103464603424072e-01,4.378131628036499023e-01,-6.385263204574584961e-01,1.124582648277282715e+00,-3.383009433746337891e+00,-3.383009433746337891e+00,4.862141311168670654e-01,-7.166103124618530273e-01,-3.614388704299926758e-01,-5.760094523429870605e-01,1.152840614318847656e+00,8.275375366210937500e-01,7.419547438621520996e-01,8.271782398223876953e-01,6.283165812492370605e-01,5.740152597427368164e-01,2.143390327692031860e-01,-3.129500150680541992e+00,-8.443819880485534668e-01,-6.108100414276123047e-01,6.265072822570800781e-01,3.487086296081542969e-01,-4.799540340900421143e-01,8.654592633247375488e-01,1.276310205459594727e+00,8.710478544235229492e-01,3.975194692611694336e-02,4.892008006572723389e-01,-8.673908114433288574e-01,-2.696856260299682617e-01,-5.080535411834716797e-01,8.752943873405456543e-01,6.498312205076217651e-02,8.006356358528137207e-01,-2.094342470169067383e+00,-2.195611894130706787e-01,6.972876787185668945e-01,7.044073939323425293e-01,1.153443098068237305e+00,8.758618831634521484e-01,4.614678919315338135e-01,1.907185465097427368e-01,4.057220816612243652e-01,-4.689526259899139404e-01,1.655909121036529541e-01,1.272761583328247070e+00,7.599464654922485352e-01,4.880897700786590576e-01,4.389436841011047363e-01,4.359607398509979248e-01,-9.530454277992248535e-01,-6.535922288894653320e-01,4.221071898937225342e-01,7.706162333488464355e-01,5.850498676300048828e-01,6.425350159406661987e-02,3.830265104770660400e-01,2.297918349504470825e-01,3.084119558334350586e-01,1.216245651245117188e+00,-7.102371007204055786e-02,2.309102267026901245e-01,2.657237350940704346e-01,4.446683079004287720e-02,-8.317002654075622559e-01,-1.941424608230590820e-01,1.248052239418029785e+00,1.148079633712768555e+00,2.988292574882507324e-01,3.064515590667724609e-01,4.501131176948547363e-01,-2.474376201629638672e+00,4.337589740753173828e-01,1.236181139945983887e+00,-3.170353174209594727e-01,-1.243504881858825684e+00,-1.648858487606048584e-01,-1.260146021842956543e+00,-9.290232509374618530e-02,-2.502042770385742188e+00,-2.926519699394702911e-02,2.692151963710784912e-01,-1.165043860673904419e-01,-1.417227864265441895e+00,-8.874840736389160156e-01,-3.482688963413238525e-01,1.275265514850616455e-01,-2.011213779449462891e+00,-1.105272293090820312e+00,7.648898661136627197e-02,8.851350545883178711e-01,5.521562099456787109e-01,3.468735516071319580e-01,-1.452425599098205566e+00,1.194900631904602051e+00,6.655916571617126465e-01,5.285799503326416016e-01,-1.216456145048141479e-01
2.722634375095367432e-01,3.505092859268188477e-01,6.531125903129577637e-01,7.355803251266479492e-01,-7.806921005249023438e-01,-2.691816166043281555e-02,1.250043660402297974e-01,1.476737260818481445e-01,2.388731092214584351e-01,6.471270322799682617e-01,7.383815646171569824e-01,2.192457765340805054e-01,2.160951495170593262e-01,2.984850108623504639e-01,2.171794623136520386e-01,3.917220830917358398e-01,7.029078155755996704e-02,7.246560454368591309e-01,3.132805228233337402e-01,-9.079021215438842773e-01,2.403699308633804321e-01,2.693632841110229492e-01,3.553385734558105469e-01,5.197550058364868164e-01,3.630002439022064209e-01,-4.345469951629638672e+00,-4.345469951629638672e+00,2.517580687999725342e-01,2.165644913911819458e-01,3.332639634609222412e-01,5.773691534996032715e-01,7.615576982498168945e-01,4.461477398872375488e-01,3.065772950649261475e-01,2.725602090358734131e-01,3.333313167095184326e-01,3.882704973220825195e-01,7.099480628967285156e-01,-4.064213752746582031e+00,-1.356699109077453613e+00,2.930803298950195312e-01,1.777067482471466064e-01,3.121734857559204102e-01,-3.041918575763702393e-01,6.670136451721191406e-01,7.519437670707702637e-01,3.125939965248107910e-01,2.305981367826461792e-01,2.444907873868942261e-01,-1.640750169754028320e+00,-3.967491686344146729e-01,6.542427539825439453e-01,7.293800711631774902e-01,2.630514800548553467e-01,2.773629724979400635e-01,-2.945358037948608398e+00,1.575507372617721558e-01,3.742873668670654297e-01,6.250221133232116699e-01,7.047980427742004395e-01,3.276530206203460693e-01,9.361215680837631226e-02,3.656179644167423248e-03,2.820015549659729004e-01,3.180517256259918213e-01,6.255714297294616699e-01,7.440249323844909668e-01,2.821951806545257568e-01,2.411149591207504272e-01,2.266477495431900024e-01,2.963024973869323730e-01,3.264028728008270264e-01,6.585909128189086914e-01,7.709149122238159180e-01,3.035803139209747314e-01,1.064564660191535950e-02,-1.025115132331848145e+00,2.045786380767822266e-01,2.896308302879333496e-01,1.968630701303482056e-01,7.327116727828979492e-01,3.135835826396942139e-01,2.451768964529037476e-01,2.855268120765686035e-01,3.038749396800994873e-01,3.532347679138183594e-01,6.178348064422607422e-01,7.583587169647216797e-01,6.964089870452880859e-01,3.586100041866302490e-01,2.667219638824462891e-01,1.865272521972656250e-01,-2.792269706726074219e+00,6.089112162590026855e-01,-7.497414350509643555e-01,-2.348591238260269165e-01,-9.121193289756774902e-01,3.015030324459075928e-01,-1.196707710623741150e-01,3.753502070903778076e-01,-3.381737947463989258e+00,-6.405807733535766602e-01,3.722774386405944824e-01,2.721182405948638916e-01,2.904617488384246826e-01,3.433388173580169678e-01,-4.704384803771972656e-01,-2.548884153366088867e+00,-1.182326555252075195e+00,-1.261652112007141113e+00,2.936717271804809570e-01,2.855099737644195557e-01,-1.957631558179855347e-01,3.465631008148193359e-01,6.455864310264587402e-01,7.449795603752136230e-01,3.781093657016754150e-01,2.938590347766876221e-01,2.767715454101562500e-01
-1.989781409502029419e-01,5.121672153472900391e-01,6.591199040412902832e-01,6.488643884658813477e-01,-7.259200215339660645e-01,6.815164536237716675e-02,-7.951243966817855835e-02,2.113709002733230591e-01,3.016296327114105225e-01,6.402748227119445801e-01,5.244444608688354492e-01,3.306559026241302490e-01,3.510382473468780518e-01,7.704973220825195312e-03,4.075660929083824158e-02,4.018397331237792969e-01,3.553391396999359131e-01,6.541423797607421875e-01,4.393222928047180176e-01,-7.087838053703308105e-01,-1.265064924955368042e-01,-2.066437453031539917e-01,4.742819368839263916e-01,4.579928517341613770e-01,3.907971680164337158e-01,-4.474249839782714844e+00,-4.474249839782714844e+00,-2.838926017284393311e-01,4.131848216056823730e-01,5.213046073913574219e-01,5.781139135360717773e-01,6.523190140724182129e-01,5.038740634918212891e-01,4.631686508655548096e-01,5.260716080665588379e-01,5.369649529457092285e-01,4.780910313129425049e-01,6.564727425575256348e-01,-4.191286563873291016e+00,-1.351588726043701172e+00,1.275582462549209595e-01,-2.079969793558120728e-01,4.650758802890777588e-01,1.190075203776359558e-01,6.583390831947326660e-01,6.707103252410888672e-01,3.384347558021545410e-01,-6.635363101959228516e-01,2.222192734479904175e-01,-1.050718903541564941e+00,-4.430530667304992676e-01,6.123556494712829590e-01,6.600459218025207520e-01,2.237748801708221436e-01,5.043237805366516113e-01,-2.981815576553344727e+00,-7.869423031806945801e-01,5.072448849678039551e-01,6.447433233261108398e-01,6.539277434349060059e-01,-1.294010132551193237e-01,1.024661660194396973e-01,-7.026370167732238770e-01,3.333092331886291504e-01,5.002374649047851562e-01,6.681060791015625000e-01,6.389971971511840820e-01,4.457258284091949463e-01,-2.249342203140258789e-02,4.617990851402282715e-01,4.164452552795410156e-01,5.201619267463684082e-01,5.966483354568481445e-01,6.687847375869750977e-01,-5.615448951721191406e-01,1.615219861268997192e-01,3.657418787479400635e-01,3.630211055278778076e-01,4.886164367198944092e-01,6.112558841705322266e-01,6.591178774833679199e-01,4.529531598091125488e-01,-1.393295079469680786e-01,-2.506095767021179199e-01,-6.296400427818298340e-01,5.054031014442443848e-01,5.858612656593322754e-01,6.244857311248779297e-01,6.258287429809570312e-01,3.638040125370025635e-01,2.768535614013671875e-01,2.034330219030380249e-01,-2.759977102279663086e+00,6.279608011245727539e-01,6.491260528564453125e-01,-1.479701846837997437e-01,-1.287579178810119629e+00,-1.530499160289764404e-01,-7.684046626091003418e-01,-2.052080631256103516e-02,-3.492467641830444336e+00,-7.476576566696166992e-01,3.478575050830841064e-01,2.947379350662231445e-01,4.799790382385253906e-01,3.331550955772399902e-01,5.224595665931701660e-01,5.046164989471435547e-01,-1.309871554374694824e+00,-1.187728762626647949e+00,4.828600585460662842e-01,2.624136209487915039e-01,4.302106499671936035e-01,4.996691942214965820e-01,6.070080995559692383e-01,6.393120288848876953e-01,4.159199297428131104e-01,-4.179875552654266357e-01,-2.605400979518890381e-01
3.530720770359039307e-01,3.372854292392730713e-01,4.159459769725799561e-01,4.165559411048889160e-01,-8.584535717964172363e-01,7.564450800418853760e-02,1.758407950401306152e-01,2.095057666301727295e-01,1.760225743055343628e-01,4.046089053153991699e-01,4.345300197601318359e-01,2.715414464473724365e-01,3.126137554645538330e-01,3.723569810390472412e-01,2.637890875339508057e-01,3.379257023334503174e-01,2.383664697408676147e-01,4.394502043724060059e-01,2.424585521221160889e-01,-8.978373408317565918e-01,3.324399888515472412e-01,3.221108019351959229e-01,3.239144682884216309e-01,2.172496169805526733e-01,3.237205743789672852e-01,-4.696796417236328125e+00,-4.696796417236328125e+00,3.515855073928833008e-01,2.636723518371582031e-01,2.883743345737457275e-01,4.104198515415191650e-01,4.192685186862945557e-01,3.451363444328308105e-01,2.984187304973602295e-01,3.139084577560424805e-01,3.313048481941223145e-01,3.292103409767150879e-01,3.806179165840148926e-01,-4.414280891418457031e+00,-1.532995104789733887e+00,3.326177299022674561e-01,3.434579074382781982e-01,3.259201049804687500e-01,1.360199153423309326e-01,4.368184208869934082e-01,4.328879415988922119e-01,3.115844726562500000e-01,3.147224187850952148e-01,3.312240540981292725e-01,-7.754181623458862305e-01,-4.985682666301727295e-01,4.100118279457092285e-01,4.325223565101623535e-01,3.035914003849029541e-01,3.448495268821716309e-01,-3.172753572463989258e+00,2.961040437221527100e-01,3.245062530040740967e-01,3.871652483940124512e-01,4.039827883243560791e-01,3.330479264259338379e-01,3.429267108440399170e-01,1.402150094509124756e-01,3.341305255889892578e-01,3.173562288284301758e-01,4.037908911705017090e-01,4.404782652854919434e-01,3.137488961219787598e-01,3.128258585929870605e-01,3.322521448135375977e-01,3.286670148372650146e-01,3.205212354660034180e-01,4.177536666393280029e-01,4.140130281448364258e-01,2.513476312160491943e-01,3.138579428195953369e-01,3.453686237335205078e-01,2.537047266960144043e-01,3.345566987991333008e-01,4.238776564598083496e-01,4.296966791152954102e-01,3.342739343643188477e-01,3.257403373718261719e-01,3.138862252235412598e-01,3.319915831089019775e-01,2.582936584949493408e-01,3.724135458469390869e-01,4.234090745449066162e-01,3.885092139244079590e-01,3.300101757049560547e-01,3.123309910297393799e-01,2.528782188892364502e-01,-2.978494644165039062e+00,4.123103618621826172e-01,4.355055689811706543e-01,-3.003667593002319336e-01,-1.000624179840087891e+00,3.093901872634887695e-01,-1.504793167114257812e-01,3.086610436439514160e-01,-3.716223239898681641e+00,-9.805516004562377930e-01,3.174794316291809082e-01,2.956960499286651611e-01,3.221802711486816406e-01,3.241067528724670410e-01,2.882309257984161377e-01,2.781861424446105957e-01,-1.546753883361816406e+00,-1.371091127395629883e+00,3.247991204261779785e-01,3.420056700706481934e-01,3.484225273132324219e-01,3.286387324333190918e-01,3.444556891918182373e-01,4.361539185047149658e-01,2.682088017463684082e-01,2.731370627880096436e-01,2.861889302730560303e-01
-2.573706150054931641e+00,5.982085466384887695e-01,1.030950307846069336e+00,1.170374751091003418e+00,-4.635092616081237793e-01,2.268420308828353882e-01,3.718055486679077148e-01,4.332007169723510742e-01,4.584265947341918945e-01,1.031150460243225098e+00,9.971610307693481445e-01,5.042070150375366211e-01,-9.532252699136734009e-02,5.135088562965393066e-01,5.304876565933227539e-01,-2.774692475795745850e-01,-9.351819753646850586e-01,1.174814820289611816e+00,2.158384025096893311e-01,-4.084813892841339111e-01,-2.070649117231369019e-01,4.659854173660278320e-01,2.711091637611389160e-01,6.507025361061096191e-01,1.029333710670471191e+00,-3.571739435195922852e+00,-3.571739435195922852e+00,5.084411501884460449e-01,1.910139247775077820e-02,-2.066401958465576172e+00,9.278588294982910156e-01,3.532131612300872803e-01,4.697376191616058350e-01,-1.707956314086914062e+00,1.342345625162124634e-01,1.384589523077011108e-01,-1.028411984443664551e+00,8.980653434991836548e-02,-3.311369895935058594e+00,-1.044786930084228516e+00,-6.707959771156311035e-01,5.999942421913146973e-01,4.645572006702423096e-01,-1.327049732208251953e+00,9.629442095756530762e-01,1.130264401435852051e+00,4.228581488132476807e-01,5.024251937866210938e-01,1.814684718847274780e-01,-4.356581866741180420e-01,-1.617526292800903320e+00,9.985717535018920898e-01,1.206066370010375977e+00,1.466415226459503174e-01,5.251619219779968262e-01,-2.312421560287475586e+00,-2.977455556392669678e-01,4.710686802864074707e-01,3.253380060195922852e-01,1.121448397636413574e+00,4.790530502796173096e-01,4.772595465183258057e-01,9.545914083719253540e-02,-6.968030333518981934e-01,-3.363635838031768799e-01,-5.339338630437850952e-02,9.360452890396118164e-01,-3.576001822948455811e-01,-3.833002150058746338e-01,5.083906054496765137e-01,2.957233488559722900e-01,-2.074263244867324829e-01,2.990130782127380371e-01,1.149726867675781250e+00,3.983504474163055420e-01,4.307290315628051758e-01,3.088512122631072998e-01,4.521813392639160156e-01,2.117601335048675537e-01,9.816664457321166992e-01,1.072485089302062988e+00,4.070362746715545654e-01,3.505024909973144531e-01,7.862180471420288086e-02,5.648163333535194397e-02,-8.154066205024719238e-01,5.677050948143005371e-01,1.183203339576721191e+00,1.079231619834899902e+00,4.361154139041900635e-01,3.033832013607025146e-01,4.181561172008514404e-01,-2.170836210250854492e+00,9.645842313766479492e-01,1.099074959754943848e+00,-1.540112793445587158e-01,-6.060866117477416992e-01,4.029809534549713135e-01,7.356341928243637085e-02,-2.512986063957214355e-01,-2.677368879318237305e+00,-1.219027787446975708e-01,5.066922903060913086e-01,-9.550564289093017578e-01,-6.600087881088256836e-01,-1.538459420204162598e+00,-2.613660395145416260e-01,-2.649562247097492218e-02,-1.637997388839721680e+00,-9.099521636962890625e-01,2.188506573438644409e-01,4.909431338310241699e-01,4.799371957778930664e-01,-3.353201150894165039e-01,9.410469532012939453e-01,1.079822301864624023e+00,2.568138539791107178e-01,3.173038959503173828e-01,-1.017212942242622375e-01
-2.268539667129516602e+00,4.362735748291015625e-01,6.716952323913574219e-01,1.251169919967651367e+00,-5.993041992187500000e-01,5.176647305488586426e-01,5.124874711036682129e-01,4.096753597259521484e-01,3.442213535308837891e-01,5.445602536201477051e-01,1.088272452354431152e+00,4.023274183273315430e-01,2.795511670410633087e-02,-5.558490157127380371e-01,2.626517117023468018e-01,-7.861485332250595093e-02,-1.536917448043823242e+00,1.190730571746826172e+00,2.229599505662918091e-01,-2.105329036712646484e-01,-2.672715187072753906e-01,-4.642386138439178467e-01,4.014615118503570557e-01,-4.516392648220062256e-01,9.721916913986206055e-01,-3.059911489486694336e+00,-3.059911489486694336e+00,6.030395030975341797e-01,-5.907927751541137695e-01,-5.498803257942199707e-01,-6.389369368553161621e-01,1.261499404907226562e+00,8.315324783325195312e-01,7.691931724548339844e-01,7.624685168266296387e-01,5.842796564102172852e-01,7.466515302658081055e-01,5.399633646011352539e-01,-2.829490423202514648e+00,-6.217463016510009766e-01,-2.117849141359329224e-01,7.379261851310729980e-01,7.287048697471618652e-01,-4.409925937652587891e-01,9.422762989997863770e-01,1.216506481170654297e+00,7.499764561653137207e-01,1.528571248054504395e-01,6.228448152542114258e-01,-8.338075876235961914e-01,-1.221953749656677246e+00,-3.744244202971458435e-02,1.138773202896118164e+00,1.748972535133361816e-01,6.823990345001220703e-01,-1.897866249084472656e+00,-4.499447047710418701e-01,6.915521621704101562e-01,9.439498186111450195e-01,1.057088494300842285e+00,4.669044315814971924e-01,2.507866024971008301e-01,-1.135124862194061279e-01,1.331753581762313843e-01,4.798928499221801758e-01,7.492385506629943848e-01,1.288842558860778809e+00,6.636207699775695801e-01,4.794263541698455811e-01,4.915038943290710449e-01,6.252529025077819824e-01,-4.393220245838165283e-01,-7.461062073707580566e-01,7.304702401161193848e-01,4.707950651645660400e-01,2.164624184370040894e-01,-1.827338933944702148e+00,-2.077548503875732422e+00,-2.068917274475097656e+00,8.543112277984619141e-01,1.105599641799926758e+00,-1.042987227439880371e+00,-1.778090238571166992e+00,-1.785052776336669922e+00,-4.358077794313430786e-02,-5.285648703575134277e-01,-3.584009408950805664e-02,1.053031921386718750e+00,8.847964406013488770e-01,5.286160111427307129e-01,3.854831308126449585e-02,3.157445490360260010e-01,-2.013589382171630859e+00,1.055329442024230957e+00,1.246995329856872559e+00,2.420502007007598877e-01,-8.555349707603454590e-01,-1.924848258495330811e-01,-1.232556939125061035e+00,3.523632884025573730e-01,-2.276999473571777344e+00,5.771011114120483398e-02,3.473644852638244629e-01,-1.620789319276809692e-01,-6.626443266868591309e-01,-7.965154647827148438e-01,-1.563425660133361816e-01,3.029600679874420166e-01,-1.988515973091125488e+00,-4.930956363677978516e-01,6.239474415779113770e-01,8.096390962600708008e-01,8.845290541648864746e-01,5.274046063423156738e-01,1.058801189064979553e-01,1.308623909950256348e+00,8.695123195648193359e-01,8.349134325981140137e-01,-3.963315188884735107e-01
1.869057305157184601e-02,5.254497528076171875e-01,5.995810031890869141e-01,8.420252799987792969e-01,-7.671779394149780273e-01,2.080109203234314919e-03,7.486523687839508057e-02,2.328298240900039673e-01,2.207671999931335449e-01,5.464496016502380371e-01,4.089597165584564209e-01,-1.483858525753021240e-01,-3.780080378055572510e-01,-1.640869230031967163e-01,-4.234082996845245361e-01,-4.430586006492376328e-03,1.695699244737625122e-01,2.564622461795806885e-01,3.255487680435180664e-01,-1.027186036109924316e+00,2.862574756145477295e-01,2.318647801876068115e-01,4.484152793884277344e-02,2.946533858776092529e-01,4.417107105255126953e-01,-4.481517314910888672e+00,-4.481517314910888672e+00,-2.955105006694793701e-01,-6.827042438089847565e-03,2.436428368091583252e-01,5.033322572708129883e-01,5.927269458770751953e-01,-2.736263871192932129e-01,-1.123573258519172668e-02,1.414130181074142456e-01,-2.721420302987098694e-02,3.008970022201538086e-01,4.703478813171386719e-01,-4.198830604553222656e+00,-1.693334937095642090e+00,3.293838202953338623e-01,-4.840805232524871826e-01,-8.209166675806045532e-02,-9.293609112501144409e-02,3.520511686801910400e-01,5.635668635368347168e-01,-3.751218616962432861e-01,1.375662982463836670e-01,3.102534711360931396e-01,-7.894480228424072266e-01,-3.186334669589996338e-01,8.671972751617431641e-01,7.948929071426391602e-01,-1.411435157060623169e-01,-9.567412734031677246e-02,-2.979371070861816406e+00,8.881352096796035767e-02,3.253508210182189941e-01,8.484839200973510742e-01,8.643447756767272949e-01,3.731183707714080811e-01,-2.736802697181701660e-01,-2.983697354793548584e-01,1.235619112849235535e-01,5.065932273864746094e-01,8.335800170898437500e-01,7.517216801643371582e-01,3.508841395378112793e-01,3.520264923572540283e-01,4.358620643615722656e-01,4.481495618820190430e-01,6.123151183128356934e-01,9.045288562774658203e-01,9.311731457710266113e-01,3.811394572257995605e-01,2.754669189453125000e-01,3.743078410625457764e-01,2.849019169807434082e-01,3.722812533378601074e-01,8.248048424720764160e-01,7.971955537796020508e-01,3.943682312965393066e-01,3.788839578628540039e-01,3.587616086006164551e-01,4.798592031002044678e-01,1.065052822232246399e-01,6.107553839683532715e-01,8.812263607978820801e-01,7.720751762390136719e-01,4.474246799945831299e-01,3.648683428764343262e-01,3.937178254127502441e-01,-2.730804443359375000e+00,6.503245234489440918e-01,8.425325155258178711e-01,-2.038445770740509033e-01,-1.513938307762145996e+00,4.235947728157043457e-01,-1.482166443020105362e-02,4.814750850200653076e-01,-3.456173658370971680e+00,-8.332948088645935059e-01,1.773127466440200806e-01,2.978492379188537598e-01,3.616177141666412354e-01,4.019068181514739990e-01,5.079016685485839844e-01,7.140364050865173340e-01,-1.336160182952880859e+00,-1.276921987533569336e+00,4.049895703792572021e-01,3.400419652462005615e-01,2.938970625400543213e-01,4.296094775199890137e-01,4.413560926914215088e-01,5.259502530097961426e-01,-3.817982226610183716e-02,1.667645573616027832e-01,-1.231038793921470642e-01
3.629307150840759277e-01,-3.926350176334381104e-01,-2.083186507225036621e-01,-2.899126410484313965e-01,4.281228184700012207e-01,1.145137786865234375e+00,6.219162046909332275e-02,-1.591336727142333984e+00,-1.368003726005554199e+00,-7.387759685516357422e-01,2.747988998889923096e-01,1.086253881454467773e+00,3.306885361671447754e-01,1.093724489212036133e+00,-1.517335176467895508e+00,8.412429690361022949e-01,-6.740078330039978027e-02,8.236967325210571289e-01,9.780414700508117676e-01,1.411017030477523804e-01,1.819302737712860107e-01,-1.674583196640014648e+00,6.320041418075561523e-01,-7.493178844451904297e-01,3.675478994846343994e-01,-2.742545843124389648e+00,-2.742545843124389648e+00,9.927296638488769531e-01,-1.638728976249694824e+00,-1.007788658142089844e+00,-8.549215793609619141e-01,1.113635301589965820e+00,1.184830307960510254e+00,1.003070324659347534e-01,3.980647921562194824e-01,3.736424446105957031e-01,8.425672352313995361e-02,-6.027760505676269531e-01,-2.689605236053466797e+00,-7.136597633361816406e-01,-5.370502471923828125e-01,1.399098038673400879e+00,8.795179426670074463e-02,-9.577811956405639648e-01,-8.486296534538269043e-01,-2.912420779466629028e-02,9.296602606773376465e-01,-1.777792692184448242e+00,4.372458755970001221e-01,-8.041840791702270508e-01,-1.419681310653686523e+00,-7.639054656028747559e-01,-5.539026856422424316e-01,1.103693246841430664e+00,8.670589923858642578e-01,-1.499166846275329590e+00,5.635678768157958984e-01,-3.887691497802734375e-01,5.472471565008163452e-02,-7.781643420457839966e-02,4.613402783870697021e-01,1.348026633262634277e+00,1.193046212196350098e+00,5.656613111495971680e-01,7.612224668264389038e-02,-8.337945342063903809e-01,7.643465995788574219e-01,1.359447479248046875e+00,1.274666786193847656e+00,2.872873842716217041e-01,6.164084076881408691e-01,-5.613011717796325684e-01,-4.719830453395843506e-01,3.641465604305267334e-01,1.348832368850708008e+00,1.260444760322570801e+00,8.640836477279663086e-01,4.122825264930725098e-01,-2.048435211181640625e+00,-6.007376685738563538e-02,3.621255755424499512e-01,1.220032215118408203e+00,1.179955303668975830e-01,1.410784423351287842e-01,-1.880668550729751587e-01,-3.428356051445007324e-01,8.088715672492980957e-01,1.140763521194458008e+00,1.455594062805175781e+00,1.129655122756958008e+00,8.845291733741760254e-01,5.718684792518615723e-01,-1.694174408912658691e+00,-8.934359997510910034e-02,7.820374369621276855e-01,1.755585968494415283e-01,-1.648193359375000000e+00,-1.410791158676147461e+00,-1.779118895530700684e+00,-2.232786454260349274e-02,-1.945466637611389160e+00,3.248701095581054688e-01,4.560419023036956787e-01,9.563870429992675781e-01,-4.850856065750122070e-01,1.027362704277038574e+00,5.328941345214843750e-01,-8.134137094020843506e-02,-1.654326796531677246e+00,-5.748187303543090820e-01,-3.067431747913360596e-01,3.162887096405029297e-01,1.111918449401855469e+00,-5.177979171276092529e-02,-5.296438336372375488e-01,9.098629951477050781e-01,1.232535600662231445e+00,7.674880623817443848e-01,9.658573269844055176e-01
4.719958007335662842e-01,1.325157433748245239e-01,4.807866513729095459e-01,5.841790437698364258e-01,-6.985059976577758789e-01,2.301997542381286621e-01,3.463222980499267578e-01,3.342891931533813477e-01,2.406512498855590820e-01,2.813002467155456543e-01,2.505175173282623291e-01,2.174624800682067871e-01,1.996222138404846191e-01,1.842077374458312988e-01,2.062479406595230103e-01,2.321214675903320312e-01,-2.008493989706039429e-01,5.310639739036560059e-01,4.103715121746063232e-01,-9.940107464790344238e-01,4.471850693225860596e-01,2.919093668460845947e-01,2.311612516641616821e-01,9.861776232719421387e-02,5.639979243278503418e-02,-4.587105751037597656e+00,-4.587105751037597656e+00,4.711318314075469971e-01,3.616371452808380127e-01,2.322799712419509888e-01,3.974332809448242188e-01,4.545864462852478027e-01,4.639133214950561523e-01,3.751450479030609131e-01,4.089252948760986328e-01,4.436830282211303711e-01,3.445893526077270508e-01,-1.865469217300415039e-01,-4.312651157379150391e+00,-1.414571881294250488e+00,2.678196728229522705e-01,3.693832457065582275e-01,3.087637722492218018e-01,-6.958565860986709595e-02,3.551543354988098145e-01,4.782191812992095947e-01,-1.032566055655479431e-01,-1.596691012382507324e+00,4.466868638992309570e-01,-6.959667205810546875e-01,-4.508758783340454102e-01,4.339210093021392822e-01,4.165961742401123047e-01,4.701270461082458496e-01,4.831199347972869873e-01,-3.065877914428710938e+00,3.163186013698577881e-01,4.113027453422546387e-01,4.739540815353393555e-01,5.596647262573242188e-01,4.572981297969818115e-01,4.707345664501190186e-01,2.539396882057189941e-01,1.595672667026519775e-01,4.252667725086212158e-01,4.758656919002532959e-01,5.942080020904541016e-01,4.613908529281616211e-01,4.380641877651214600e-01,4.359789192676544189e-01,4.235599040985107422e-01,3.247836530208587646e-01,3.922054171562194824e-01,5.647348761558532715e-01,4.272805750370025635e-01,5.038568377494812012e-01,3.023608624935150146e-01,3.221960067749023438e-01,3.822185099124908447e-01,4.384782910346984863e-01,4.454508423805236816e-01,4.548605680465698242e-01,4.196101129055023193e-01,3.300535380840301514e-01,4.107540845870971680e-01,2.836734652519226074e-01,4.779068231582641602e-01,3.744765818119049072e-01,5.490219593048095703e-01,4.540146887302398682e-01,4.016374051570892334e-01,-6.799241304397583008e-01,-2.945622682571411133e+00,3.962371945381164551e-01,5.825836062431335449e-01,-2.174116075038909912e-01,-8.905203938484191895e-01,-2.365753427147865295e-02,-7.643840461969375610e-02,3.357669711112976074e-01,-3.645279884338378906e+00,-8.341757059097290039e-01,4.345011711120605469e-01,3.307114839553833008e-01,1.553517878055572510e-01,2.636920213699340820e-01,1.629326790571212769e-01,1.770623773336410522e-01,-1.483910679817199707e+00,-1.320523142814636230e+00,4.253046214580535889e-01,3.314997553825378418e-01,2.717988789081573486e-01,3.279136419296264648e-01,3.711679279804229736e-01,4.537834525108337402e-01,3.386026620864868164e-01,3.176429271697998047e-01,3.455794155597686768e-01
5.890351533889770508e-01,2.628062069416046143e-01,3.925864994525909424e-01,8.006930351257324219e-01,-4.217162728309631348e-01,-1.232385039329528809e+00,-4.347680211067199707e-01,2.974592447280883789e-01,3.741887509822845459e-01,-6.617478281259536743e-02,9.046442508697509766e-01,-2.136615276336669922e+00,-3.776627302169799805e+00,-5.098845362663269043e-01,4.755854308605194092e-01,4.021043777465820312e-01,-1.611181735992431641e+00,1.078471183776855469e+00,5.777067542076110840e-01,-4.971040487289428711e-01,1.917002797126770020e-01,5.089968442916870117e-01,1.127111688256263733e-01,6.030280590057373047e-01,7.495887875556945801e-01,-3.776627302169799805e+00,-3.776627302169799805e+00,4.615594148635864258e-01,4.619044065475463867e-01,-1.560517072677612305e+00,8.671129941940307617e-01,3.939132690429687500e-01,6.299059391021728516e-01,1.678706333041191101e-02,-3.025834262371063232e-01,3.159508407115936279e-01,-8.607853651046752930e-01,-2.096877694129943848e-01,-3.590400218963623047e+00,-1.053096055984497070e+00,4.646209776401519775e-01,5.012729763984680176e-01,4.416286945343017578e-01,-1.673423796892166138e-01,7.826213240623474121e-01,7.579238414764404297e-01,4.934650957584381104e-01,5.472969412803649902e-01,4.865762889385223389e-01,-4.721285700798034668e-01,-3.790515363216400146e-01,8.667069077491760254e-01,8.514266610145568848e-01,3.507576286792755127e-01,5.230627059936523438e-01,-2.488145112991333008e+00,-9.551295638084411621e-02,3.524372577667236328e-01,6.766460090875625610e-02,6.336219906806945801e-01,4.696381390094757080e-01,4.214811325073242188e-01,2.433387786149978638e-01,2.491188794374465942e-01,3.086507916450500488e-01,3.188290596008300781e-01,9.698418974876403809e-01,-9.391219168901443481e-02,1.743564940989017487e-02,4.409623742103576660e-01,4.978388249874114990e-01,8.970469981431961060e-02,6.785479187965393066e-01,8.763725757598876953e-01,4.634815156459808350e-01,4.256919920444488525e-01,4.461234509944915771e-01,3.662349879741668701e-01,3.357849717140197754e-01,7.599661946296691895e-01,5.224437117576599121e-01,3.797003626823425293e-01,3.902701437473297119e-01,3.729377090930938721e-01,3.530641496181488037e-01,-3.350344300270080566e-01,4.849104881286621094e-01,4.550991654396057129e-01,3.849572539329528809e-01,3.964346647262573242e-01,4.273972511291503906e-01,3.893814384937286377e-01,-2.331853628158569336e+00,4.591622054576873779e-01,1.066317677497863770e+00,-3.005701676011085510e-02,-9.321026802062988281e-01,5.161431431770324707e-01,-4.182572476565837860e-03,3.693064153194427490e-01,-2.862982511520385742e+00,-2.945086359977722168e-01,5.343962311744689941e-01,3.516526520252227783e-01,4.418404102325439453e-01,-1.117441296577453613e+00,8.384574204683303833e-02,3.251051604747772217e-01,-1.397727966308593750e+00,-1.031992435455322266e+00,3.738011717796325684e-01,5.360442996025085449e-01,5.123443007469177246e-01,3.604055941104888916e-01,-4.998876452445983887e-01,1.013945817947387695e+00,3.435049057006835938e-01,3.916402459144592285e-01,1.460252255201339722e-01
7.085939049720764160e-01,-2.303671091794967651e-01,-1.436709165573120117e+00,1.135486841201782227e+00,-2.505504488945007324e-01,7.021121382713317871e-01,1.752498745918273926e-01,4.823651611804962158e-01,-1.220962882041931152e+00,1.250615268945693970e-01,1.115307450294494629e+00,8.787282109260559082e-01,7.952382564544677734e-01,6.108034849166870117e-01,4.809606969356536865e-01,-5.626547336578369141e-01,5.450860857963562012e-01,1.255909442901611328e+00,9.560150504112243652e-01,-2.054462432861328125e-01,6.414912939071655273e-01,3.842719644308090210e-02,-3.623519241809844971e-01,-2.755792737007141113e-01,7.295608520507812500e-01,-3.650152206420898438e+00,-3.650152206420898438e+00,6.950989961624145508e-01,7.101711034774780273e-01,-7.672820687294006348e-01,5.037689954042434692e-02,1.161841034889221191e+00,8.979721069335937500e-01,-6.796322464942932129e-01,-5.099837183952331543e-01,-1.228488922119140625e+00,-9.700111746788024902e-01,-2.548761963844299316e-01,-3.396058320999145508e+00,-7.702065110206604004e-01,-4.504051208496093750e-01,3.322962820529937744e-01,-5.130749568343162537e-02,2.769734561443328857e-01,-1.359848529100418091e-01,8.356469273567199707e-01,9.002453088760375977e-01,-3.428737819194793701e-01,6.005048751831054688e-01,-3.082460463047027588e-01,-8.326804041862487793e-01,6.687428951263427734e-01,1.136627435684204102e+00,9.891040325164794922e-01,4.401873946189880371e-01,-2.289445638656616211e+00,-5.250857472419738770e-01,-9.818781614303588867e-01,-2.029523551464080811e-01,9.483035206794738770e-01,-7.136492431163787842e-02,9.114629626274108887e-01,-1.403745412826538086e-01,4.305045008659362793e-01,1.900512725114822388e-01,-1.368164271116256714e-01,8.787361979484558105e-01,7.659956216812133789e-01,7.845458984375000000e-01,5.199613571166992188e-01,2.051613032817840576e-01,-4.318648874759674072e-01,9.335193634033203125e-01,6.250639557838439941e-01,-2.234787344932556152e-01,7.820112109184265137e-01,7.697896361351013184e-01,6.961524486541748047e-01,-8.272293955087661743e-02,-1.318950206041336060e-01,1.059183120727539062e+00,8.660393357276916504e-01,4.783273041248321533e-01,-5.550368502736091614e-02,-7.068879008293151855e-01,-4.049010872840881348e-01,9.901754856109619141e-01,1.139524698257446289e+00,1.062373399734497070e+00,7.676247954368591309e-01,3.958627581596374512e-01,6.736115813255310059e-01,-2.964899539947509766e+00,5.163712501525878906e-01,1.118219971656799316e+00,3.210442066192626953e-01,-7.985703945159912109e-01,-1.799148082733154297e+00,-1.046861886978149414e+00,-1.035866498947143555e+00,-2.871670722961425781e+00,-1.844313144683837891e-01,8.815447092056274414e-01,4.768924415111541748e-01,5.562242269515991211e-01,-4.038024842739105225e-01,-5.355262160301208496e-01,-3.304835259914398193e-01,-9.368846416473388672e-01,-6.648240685462951660e-01,3.697145581245422363e-01,-5.726486444473266602e-01,-2.732214145362377167e-02,2.806785888969898224e-02,9.359540343284606934e-01,1.093271136283874512e+00,3.130804002285003662e-01,-3.052676320075988770e-01,-1.150209784507751465e+00
6.334297657012939453e-01,4.145369231700897217e-01,7.935510277748107910e-01,6.444204449653625488e-01,-2.444545030593872070e-01,5.456812381744384766e-01,5.452812314033508301e-01,6.017580032348632812e-01,3.358551561832427979e-01,3.018939793109893799e-01,1.004024982452392578e+00,6.614942550659179688e-01,7.196809649467468262e-01,6.660201549530029297e-01,-6.424966454505920410e-01,6.033781170845031738e-01,4.673347175121307373e-01,9.354440569877624512e-01,5.382917523384094238e-01,-2.992717027664184570e-01,6.399712562561035156e-01,6.284953951835632324e-01,4.310526549816131592e-01,-9.142126888036727905e-02,-6.669633984565734863e-01,-3.568893194198608398e+00,-3.568893194198608398e+00,5.855817198753356934e-01,6.117898225784301758e-01,1.956900805234909058e-01,2.135784178972244263e-02,8.624694943428039551e-01,6.405811309814453125e-01,2.730006575584411621e-01,6.921745538711547852e-01,5.067868232727050781e-01,-2.499968260526657104e-01,-8.013963103294372559e-01,-3.330611944198608398e+00,-9.360401630401611328e-01,6.317459940910339355e-01,6.085890531539916992e-01,5.655776262283325195e-01,-8.884471654891967773e-01,5.100662112236022949e-01,9.276579618453979492e-01,6.108593344688415527e-01,6.486893892288208008e-01,5.682317614555358887e-01,-4.082003235816955566e-01,-7.144954204559326172e-01,-1.214387297630310059e+00,3.400377929210662842e-01,6.564390659332275391e-01,5.193711519241333008e-01,-2.283177137374877930e+00,6.507740020751953125e-01,-1.020480155944824219e+00,-8.227378726005554199e-01,4.842397570610046387e-01,6.091471314430236816e-01,6.780751943588256836e-01,5.510851144790649414e-01,5.556896328926086426e-01,3.755930066108703613e-01,-2.023808211088180542e-01,9.662528038024902344e-01,2.528526782989501953e-01,6.230892539024353027e-01,6.362507939338684082e-01,5.682777762413024902e-01,1.016950160264968872e-01,-1.935473799705505371e+00,-7.041563987731933594e-01,4.656528234481811523e-01,5.737529993057250977e-01,6.871500015258789062e-01,4.545010626316070557e-01,-3.045129179954528809e-01,-1.156185269355773926e+00,-7.261031866073608398e-01,5.924335122108459473e-01,5.071626901626586914e-01,-6.666877120733261108e-02,5.155701637268066406e-01,-2.869251668453216553e-01,-9.205715060234069824e-01,9.133782982826232910e-01,4.098748564720153809e-01,6.850443482398986816e-01,5.678865909576416016e-01,1.752149462699890137e-01,-2.786873817443847656e+00,-7.224633097648620605e-01,9.321588873863220215e-01,1.885771155357360840e-01,-5.077542066574096680e-01,5.949668288230895996e-01,1.231561508029699326e-02,-4.755692481994628906e-01,-3.185907602310180664e+00,-2.853200137615203857e-01,6.924718022346496582e-01,6.560788750648498535e-01,6.650593876838684082e-01,4.700924456119537354e-01,1.775826066732406616e-01,-1.118202567100524902e+00,-2.603622436523437500e+00,-2.447975397109985352e+00,6.945065259933471680e-01,6.344116926193237305e-01,6.295271515846252441e-01,-5.084288716316223145e-01,-1.112913370132446289e+00,-4.611515402793884277e-01,6.781684160232543945e-01,6.084893345832824707e-01,-5.181957408785820007e-02
2.978869676589965820e-01,2.214941680431365967e-01,4.969682097434997559e-01,4.827936291694641113e-01,-6.920704841613769531e-01,1.470957547426223755e-01,2.909942567348480225e-01,3.056764900684356689e-01,3.115100860595703125e-01,4.820816218852996826e-01,4.701303243637084961e-01,3.623106777667999268e-01,1.207270994782447815e-01,3.925039470195770264e-01,3.617706000804901123e-01,4.287362396717071533e-01,-3.970532119274139404e-01,4.917864799499511719e-01,3.866657316684722900e-01,-6.702345609664916992e-01,-1.354518532752990723e-01,4.041793346405029297e-01,4.032960832118988037e-01,3.097777366638183594e-01,3.839240968227386475e-01,-3.975969076156616211e+00,-3.975969076156616211e+00,4.156108498573303223e-01,3.169228732585906982e-01,3.616894483566284180e-01,4.342212975025177002e-01,4.980380237102508545e-01,4.058134257793426514e-01,4.093005359172821045e-01,4.268020391464233398e-01,4.157657027244567871e-01,4.188185036182403564e-01,4.688487052917480469e-01,-3.728107452392578125e+00,-1.194878697395324707e+00,1.053759157657623291e-01,3.810386359691619873e-01,4.363573789596557617e-01,1.971092224121093750e-01,5.082929134368896484e-01,4.855206906795501709e-01,3.834068179130554199e-01,-1.995159313082695007e-03,4.128517508506774902e-01,-5.513518452644348145e-01,-3.051312267780303955e-01,4.899797141551971436e-01,4.881533682346343994e-01,3.989797830581665039e-01,4.454552233219146729e-01,-2.656958103179931641e+00,-1.380909681320190430e-01,4.281050264835357666e-01,4.831314980983734131e-01,5.102082490921020508e-01,4.070327579975128174e-01,3.926054239273071289e-01,2.325807064771652222e-01,4.021393954753875732e-01,3.886216580867767334e-01,5.015215873718261719e-01,-5.968379378318786621e-01,4.158796370029449463e-01,6.313701719045639038e-02,4.183973371982574463e-01,4.297676086425781250e-01,-5.872369930148124695e-02,-4.357615411281585693e-01,4.884061515331268311e-01,3.707798123359680176e-01,3.115720152854919434e-01,3.456767797470092773e-01,3.123071789741516113e-01,3.395064175128936768e-01,4.826476573944091797e-01,4.955263733863830566e-01,3.797078728675842285e-01,3.712430000305175781e-01,3.862470686435699463e-01,3.540761470794677734e-01,3.635674118995666504e-01,4.512119293212890625e-01,5.099875330924987793e-01,4.830232560634613037e-01,3.032360374927520752e-01,4.383688271045684814e-01,3.833744227886199951e-01,-2.478865385055541992e+00,4.948374927043914795e-01,5.033692717552185059e-01,-1.115094199776649475e-01,-1.089565753936767578e+00,-2.129841968417167664e-02,-6.010676622390747070e-01,4.305917620658874512e-01,-3.115580081939697266e+00,-7.409774661064147949e-01,3.815548419952392578e-01,4.254331886768341064e-01,3.792898952960968018e-01,4.211503565311431885e-01,3.796697556972503662e-01,3.797737360000610352e-01,-1.206662654876708984e+00,-3.975969076156616211e+00,3.748618364334106445e-01,4.455264210700988770e-01,4.281086027622222900e-01,4.179889857769012451e-01,-3.553031921386718750e+00,4.970233738422393799e-01,4.091990888118743896e-01,4.245378077030181885e-01,1.159405335783958435e-01
5.408886075019836426e-01,5.733542442321777344e-01,5.022256374359130859e-01,1.181956887245178223e+00,-2.544163763523101807e-01,4.537280797958374023e-01,6.063441038131713867e-01,3.513757586479187012e-01,2.915746867656707764e-01,4.743827581405639648e-01,1.174816250801086426e+00,6.415655016899108887e-01,1.987815052270889282e-01,3.296710550785064697e-01,5.155650973320007324e-01,-1.148449480533599854e-01,4.597437083721160889e-01,1.228461623191833496e+00,2.171405553817749023e-01,-2.586602866649627686e-01,6.871709972620010376e-02,4.114533960819244385e-01,2.671737670898437500e-01,3.921601176261901855e-01,7.016431093215942383e-01,-3.358408689498901367e+00,-3.358408689498901367e+00,1.771386414766311646e-01,4.160963594913482666e-01,-1.285507321357727051e+00,9.645595550537109375e-01,4.137636423110961914e-01,7.104194164276123047e-01,-1.128903031349182129e+00,-1.796562373638153076e-01,4.067279696464538574e-01,-5.747966766357421875e-01,-4.140463173389434814e-01,-3.192756652832031250e+00,-9.040414094924926758e-01,1.204223856329917908e-01,5.818831920623779297e-01,1.896154582500457764e-01,-7.645103931427001953e-01,8.422739505767822266e-01,7.716324925422668457e-01,5.782557725906372070e-01,6.018813252449035645e-01,4.101335704326629639e-01,-4.547707140445709229e-01,-4.140837788581848145e-01,8.907459974288940430e-01,8.246782422065734863e-01,2.553651034832000732e-01,5.787260532379150391e-01,-2.101938486099243164e+00,5.860598012804985046e-02,3.039585649967193604e-01,3.407658636569976807e-01,8.621300458908081055e-01,5.017009973526000977e-01,3.573715388774871826e-01,3.034545481204986572e-01,-3.740578889846801758e-01,-1.483643054962158203e-01,-1.947397291660308838e-01,6.922522187232971191e-01,1.252847630530595779e-02,-7.810962200164794922e-01,5.711114406585693359e-01,2.025251090526580811e-01,-2.920154929161071777e-01,1.346477270126342773e-01,1.010927557945251465e+00,-3.358408689498901367e+00,-3.358408689498901367e+00,-3.358408689498901367e+00,3.322398960590362549e-01,3.496875762939453125e-01,9.055874347686767578e-01,7.707630991935729980e-01,5.325214862823486328e-01,3.803405761718750000e-01,2.768633067607879639e-01,1.517015844583511353e-01,-4.170284569263458252e-01,2.041214853525161743e-01,1.188241958618164062e+00,1.016368627548217773e+00,1.619431078433990479e-01,3.341828882694244385e-01,3.637360334396362305e-01,-2.143886327743530273e+00,5.203178524971008301e-01,1.176334023475646973e+00,6.159842945635318756e-03,-5.220724940299987793e-01,6.171551942825317383e-01,-3.311191797256469727e-01,-1.184772625565528870e-01,-2.509053230285644531e+00,-6.307820230722427368e-02,6.757844686508178711e-01,-4.159668385982513428e-01,2.983544170856475830e-01,-5.296744108200073242e-01,-3.186461031436920166e-01,3.582654520869255066e-02,-1.196140408515930176e+00,-7.871706485748291016e-01,3.304999768733978271e-01,5.019033551216125488e-01,4.285244643688201904e-01,-1.790165603160858154e-01,4.927991628646850586e-01,1.115578055381774902e+00,3.602176606655120850e-01,1.643549054861068726e-01,-2.045521885156631470e-01
6.494153738021850586e-01,4.024651348590850830e-01,3.712677657604217529e-01,1.209660649299621582e+00,-1.164856925606727600e-01,-9.164541959762573242e-01,-9.788145124912261963e-02,7.128562331199645996e-01,3.497759103775024414e-01,8.340074419975280762e-01,1.216496109962463379e+00,8.863249421119689941e-01,-5.729318261146545410e-01,3.858203291893005371e-01,8.382422924041748047e-01,-1.573496758937835693e-01,-7.577911019325256348e-01,1.238456726074218750e+00,3.977265059947967529e-01,-1.263591498136520386e-01,-5.270894616842269897e-02,7.058929204940795898e-01,3.056136369705200195e-01,-4.732812643051147461e-01,7.658244371414184570e-01,-3.560866832733154297e+00,-3.560866832733154297e+00,3.954609930515289307e-01,3.615278899669647217e-01,-1.894439220428466797e+00,1.173886060714721680e+00,1.640796959400177002e-01,9.487601518630981445e-01,-1.892777085304260254e+00,-2.475198805332183838e-01,2.889844775199890137e-01,-8.836061358451843262e-01,-5.794638991355895996e-01,-3.436437129974365234e+00,-7.254742980003356934e-01,-6.041265726089477539e-01,8.496572971343994141e-01,4.429673776030540466e-02,-1.496460914611816406e+00,3.500934541225433350e-01,5.362331271171569824e-01,7.990595102310180664e-01,9.797010421752929688e-01,5.155625939369201660e-01,-2.274218499660491943e-01,-1.046380758285522461e+00,1.090259432792663574e+00,7.535504102706909180e-01,1.553454846143722534e-01,8.148558735847473145e-01,-2.184603214263916016e+00,-8.477192372083663940e-02,4.156773388385772705e-01,8.523552864789962769e-02,1.106081008911132812e+00,8.234164714813232422e-01,5.195089578628540039e-01,3.387582302093505859e-01,-6.559555530548095703e-01,-4.170880615711212158e-01,-5.108172297477722168e-01,8.659902811050415039e-01,-3.616104423999786377e-01,-9.757685661315917969e-01,9.141515493392944336e-01,4.614647030830383301e-01,-3.747737705707550049e-01,-5.362775325775146484e-01,6.652846336364746094e-01,8.805523514747619629e-01,4.764771461486816406e-01,-6.038787961006164551e-02,5.990481376647949219e-01,3.151794970035552979e-01,1.092394709587097168e+00,6.739196181297302246e-01,4.398575723171234131e-01,5.312315225601196289e-01,2.785480916500091553e-01,6.245024129748344421e-02,-1.078794956207275391e+00,1.815996468067169189e-01,1.240981340408325195e+00,1.183618307113647461e+00,2.127103954553604126e-01,2.409281879663467407e-01,3.852623403072357178e-01,-2.420138835906982422e+00,6.076735854148864746e-01,1.242278933525085449e+00,2.855912409722805023e-02,-5.998768210411071777e-01,8.516819477081298828e-01,-1.261404603719711304e-01,-5.069682002067565918e-01,-2.646942138671875000e+00,-9.798678755760192871e-02,8.763369917869567871e-01,-1.446496367454528809e+00,7.942671328783035278e-02,-1.519556522369384766e+00,-9.954849481582641602e-01,-4.122089445590972900e-01,-1.734351396560668945e+00,-6.856140494346618652e-01,5.878865718841552734e-01,7.480698227882385254e-01,5.972467064857482910e-01,-5.015963912010192871e-01,3.193109333515167236e-01,1.225318193435668945e+00,5.556823611259460449e-01,4.238352477550506592e-01,-2.634998559951782227e-01
2.975592017173767090e-01,3.670468628406524658e-01,5.292489528656005859e-01,6.023494005203247070e-01,-8.531299233436584473e-01,5.117883905768394470e-02,2.348819226026535034e-01,2.007086873054504395e-01,1.798834204673767090e-01,5.050106048583984375e-01,6.247529387474060059e-01,1.941290795803070068e-01,2.636824250221252441e-01,2.819893062114715576e-01,2.311373502016067505e-01,2.743254303932189941e-01,1.376462914049625397e-02,5.906352996826171875e-01,3.111620247364044189e-01,-9.060054421424865723e-01,2.803755998611450195e-01,2.648188173770904541e-01,2.874382138252258301e-01,3.331744670867919922e-01,2.287152707576751709e-01,-4.662190914154052734e+00,-4.662190914154052734e+00,2.465973496437072754e-01,2.446727305650711060e-01,3.291325569152832031e-01,4.908705055713653564e-01,5.431197881698608398e-01,3.019076585769653320e-01,2.910299599170684814e-01,2.953587174415588379e-01,3.298332095146179199e-01,3.061751127243041992e-01,5.142527222633361816e-01,-4.377524852752685547e+00,-1.562363505363464355e+00,2.587099671363830566e-01,3.152070045471191406e-01,2.905110418796539307e-01,-1.614894121885299683e-01,5.461195111274719238e-01,6.149174571037292480e-01,3.077726066112518311e-01,2.702839374542236328e-01,2.566671073436737061e-01,-8.054020404815673828e-01,-4.881466925144195557e-01,4.847222268581390381e-01,5.912023782730102539e-01,2.244084179401397705e-01,3.052642345428466797e-01,-3.164126873016357422e+00,1.118697524070739746e-01,2.676520943641662598e-01,5.020271539688110352e-01,5.795517563819885254e-01,2.878682315349578857e-01,2.860684394836425781e-01,5.125197023153305054e-02,3.051854074001312256e-01,3.109154701232910156e-01,4.671817123889923096e-01,6.054235696792602539e-01,2.783458828926086426e-01,2.398798018693923950e-01,2.459185868501663208e-01,3.101622760295867920e-01,3.091835379600524902e-01,4.640703499317169189e-01,5.718336105346679688e-01,1.597136855125427246e-01,2.474666088819503784e-01,2.401929050683975220e-01,1.697724908590316772e-01,2.528638541698455811e-01,4.985886812210083008e-01,5.645949244499206543e-01,3.085871040821075439e-01,3.057590723037719727e-01,-2.115885764360427856e-01,3.070947229862213135e-01,2.337096482515335083e-01,4.736299514770507812e-01,6.140438318252563477e-01,5.215702056884765625e-01,2.482745498418807983e-01,2.219013869762420654e-01,1.782438755035400391e-01,-2.947052240371704102e+00,4.301870167255401611e-01,5.923015475273132324e-01,-3.665279448032379150e-01,-1.015368342399597168e+00,2.823702692985534668e-01,-1.968156695365905762e-01,2.690380811691284180e-01,-3.659123420715332031e+00,-8.669065833091735840e-01,3.068976402282714844e-01,3.093784153461456299e-01,2.911683320999145508e-01,3.443495333194732666e-01,2.947587668895721436e-01,3.882426321506500244e-01,-1.447333097457885742e+00,-1.399670839309692383e+00,2.933880984783172607e-01,3.338817059993743896e-01,2.815667092800140381e-01,2.160027176141738892e-01,4.736211895942687988e-01,5.985373854637145996e-01,2.579589486122131348e-01,2.587406039237976074e-01,2.834650576114654541e-01
3.615404367446899414e-01,1.290607154369354248e-01,5.628332495689392090e-01,5.879773497581481934e-01,-8.224456310272216797e-01,5.157751590013504028e-02,4.779752716422080994e-02,-2.106762379407882690e-01,1.460318863391876221e-01,4.896878600120544434e-01,6.421464681625366211e-01,3.408706784248352051e-01,3.068986833095550537e-01,2.510487735271453857e-01,2.730674147605895996e-01,1.446872502565383911e-01,1.126088425517082214e-01,5.793868303298950195e-01,3.597905337810516357e-01,-8.536877036094665527e-01,3.010275363922119141e-01,1.388593614101409912e-01,3.282237946987152100e-01,3.843170106410980225e-01,3.492237925529479980e-01,-4.497657299041748047e+00,-4.497657299041748047e+00,3.430198729038238525e-01,2.601797580718994141e-01,-1.425213336944580078e+00,3.511165380477905273e-01,6.977738142013549805e-01,4.104551970958709717e-01,3.773119449615478516e-01,2.730813920497894287e-01,3.640457391738891602e-01,3.289461433887481689e-01,5.086556673049926758e-01,-4.206515312194824219e+00,-1.481370568275451660e+00,9.569914638996124268e-02,4.334945976734161377e-01,3.733102381229400635e-01,-5.348642468452453613e-01,5.702452659606933594e-01,6.390603780746459961e-01,3.551428020000457764e-01,4.268392622470855713e-01,2.402772605419158936e-01,-8.267928361892700195e-01,-5.122742056846618652e-01,-1.909306272864341736e-02,6.666822433471679688e-01,2.568944692611694336e-01,3.303068876266479492e-01,-2.999871015548706055e+00,1.399848312139511108e-01,3.198045492172241211e-01,5.102792382240295410e-01,4.842936396598815918e-01,2.469856142997741699e-01,3.706396222114562988e-01,1.660742610692977905e-01,3.720703125000000000e-01,2.877846658229827881e-01,5.438506007194519043e-01,5.684881806373596191e-01,3.765065073966979980e-01,3.552623689174652100e-01,3.127104640007019043e-01,3.626341223716735840e-01,6.283143162727355957e-02,5.467374324798583984e-01,4.804805815219879150e-01,4.499846398830413818e-01,3.684374094009399414e-01,3.621487319469451904e-01,1.957563161849975586e-01,2.960847616195678711e-01,5.273097157478332520e-01,6.637636423110961914e-01,3.435116112232208252e-01,3.560232818126678467e-01,3.055888116359710693e-01,1.764324605464935303e-01,3.030093014240264893e-01,5.093466043472290039e-01,6.902006864547729492e-01,8.183481097221374512e-01,3.225663304328918457e-01,2.645057439804077148e-01,2.618075609207153320e-01,-2.822274923324584961e+00,5.528841018676757812e-01,7.212752699851989746e-01,-5.115429162979125977e-01,-9.536181092262268066e-01,1.717949062585830688e-01,-5.295068621635437012e-01,2.004320174455642700e-01,-3.536545276641845703e+00,-6.849277615547180176e-01,4.219727814197540283e-01,3.458812534809112549e-01,3.620771169662475586e-01,3.249300420284271240e-01,2.586367428302764893e-01,4.003449976444244385e-01,-2.023148536682128906e+00,-1.675327658653259277e+00,-5.448091402649879456e-02,3.560910820960998535e-01,3.671593368053436279e-01,2.544358074665069580e-01,5.198913216590881348e-01,6.788738369941711426e-01,3.123268187046051025e-01,2.995269000530242920e-01,2.175112813711166382e-01
2.864071130752563477e-01,1.244112290441989899e-02,4.463156461715698242e-01,1.151912450790405273e+00,-6.493654847145080566e-01,5.400545001029968262e-01,1.062769964337348938e-01,4.125087261199951172e-01,-5.409416183829307556e-02,-4.876880347728729248e-01,1.158454537391662598e+00,7.415485978126525879e-01,2.529909312725067139e-01,7.589709758758544922e-01,-2.220989912748336792e-01,4.684246182441711426e-01,5.148749351501464844e-01,1.169198274612426758e+00,7.082294821739196777e-01,-6.176720261573791504e-01,-2.064089775085449219e-01,4.137209057807922363e-01,1.822488903999328613e-01,8.904465436935424805e-01,4.337987601757049561e-01,-3.747729301452636719e+00,-3.747729301452636719e+00,7.113130688667297363e-01,5.676374435424804688e-01,-1.621250808238983154e-01,9.143185615539550781e-01,1.124088764190673828e+00,7.236976027488708496e-01,2.278941422700881958e-01,6.835524439811706543e-01,5.453267693519592285e-01,-5.651128888130187988e-01,9.486389905214309692e-02,-3.479300975799560547e+00,-9.402063488960266113e-01,7.661390900611877441e-01,5.450809597969055176e-01,5.780979990959167480e-01,7.467680424451828003e-02,9.219908714294433594e-01,7.351451516151428223e-01,6.396244168281555176e-01,4.965071380138397217e-01,5.752828717231750488e-01,-8.399485945701599121e-01,-6.853803992271423340e-01,-6.718593239784240723e-01,2.665729522705078125e-01,7.227522730827331543e-01,7.052920460700988770e-01,-2.504135370254516602e+00,5.371922850608825684e-01,-7.940491437911987305e-01,-4.137304127216339111e-01,1.127189636230468750e+00,1.861249655485153198e-01,7.477502822875976562e-01,4.922256171703338623e-01,6.595900654792785645e-01,-2.416423857212066650e-01,5.335851311683654785e-01,1.169326424598693848e+00,4.279311001300811768e-01,3.404137492179870605e-01,1.073513776063919067e-01,6.634556651115417480e-01,2.655939459800720215e-01,-1.455773830413818359e+00,1.426120996475219727e-01,4.832696616649627686e-01,6.589976549148559570e-01,2.825634740293025970e-02,2.010137140750885010e-01,-2.351255416870117188e-01,-8.629319667816162109e-01,-3.536388874053955078e-01,6.176978349685668945e-01,5.257258415222167969e-01,-8.003580570220947266e-01,-4.882741570472717285e-01,-3.487270772457122803e-01,-2.945619449019432068e-02,1.150969147682189941e+00,7.838786840438842773e-01,6.084952354431152344e-01,-2.390016168355941772e-01,-1.197806239128112793e+00,-3.103582382202148438e+00,-2.276885211467742920e-01,1.154185533523559570e+00,4.273962974548339844e-02,-5.232336521148681641e-01,-8.708167821168899536e-03,-2.636530101299285889e-01,-2.474818378686904907e-02,-3.236652612686157227e+00,-1.845600903034210205e-01,7.533238530158996582e-01,5.889236927032470703e-01,4.726696759462356567e-02,4.117486476898193359e-01,-5.124108791351318359e-01,-8.805871009826660156e-01,-2.259701013565063477e+00,-2.296501636505126953e+00,4.997760653495788574e-01,1.029290780425071716e-01,4.731687605381011963e-01,1.688652858138084412e-02,-3.940109610557556152e-01,4.336559176445007324e-01,3.639664053916931152e-01,7.306598424911499023e-01,-3.891474902629852295e-01
3.850257396697998047e-01,3.951113820075988770e-01,1.784027367830276489e-01,4.493865072727203369e-01,-3.861849308013916016e-01,2.720857560634613037e-01,3.532243669033050537e-01,3.345619142055511475e-01,2.008803784847259521e-01,2.229964882135391235e-01,4.885874688625335693e-01,5.009545683860778809e-01,3.358530998229980469e-01,4.299080073833465576e-01,3.971455991268157959e-01,1.460025757551193237e-01,1.386906206607818604e-01,4.544159770011901855e-01,4.578867256641387939e-01,-5.480930805206298828e-01,4.228428900241851807e-01,4.465013444423675537e-01,2.985078990459442139e-01,8.501213043928146362e-02,6.824071705341339111e-02,-3.633324146270751953e+00,-3.633324146270751953e+00,4.858572483062744141e-01,-1.022132635116577148e+00,-6.222081556916236877e-02,4.420524537563323975e-01,2.095252126455307007e-01,5.426203608512878418e-01,1.978473812341690063e-01,4.739710390567779541e-01,3.551178872585296631e-01,7.553201168775558472e-02,1.491164267063140869e-01,-3.429392099380493164e+00,-9.461082220077514648e-01,3.687921762466430664e-01,5.022261738777160645e-01,4.935172200202941895e-01,-1.655456870794296265e-01,3.925841748714447021e-01,4.893354773521423340e-01,4.869703650474548340e-01,4.954157173633575439e-01,4.747920632362365723e-01,-3.951895236968994141e-01,-2.852732837200164795e-01,3.668776452541351318e-01,5.014567971229553223e-01,5.800047516822814941e-01,3.136194646358489990e-01,-2.415921211242675781e+00,4.758339226245880127e-01,3.931523263454437256e-01,3.480591773986816406e-01,4.478815793991088867e-01,5.416265726089477539e-01,5.213769674301147461e-01,3.564108610153198242e-01,4.653457999229431152e-01,2.346689701080322266e-01,1.383219510316848755e-01,5.896878838539123535e-01,5.755434036254882812e-01,4.228090643882751465e-01,4.585923552513122559e-01,3.835617899894714355e-01,3.708545565605163574e-01,-1.311123669147491455e-01,3.300916552543640137e-01,4.876880943775177002e-01,5.165469646453857422e-01,4.509038925170898438e-01,4.016813933849334717e-01,4.121606349945068359e-01,4.548541009426116943e-01,5.629377365112304688e-01,5.339142680168151855e-01,3.564411401748657227e-01,4.709718823432922363e-01,5.140589475631713867e-01,3.039060235023498535e-01,4.721686840057373047e-01,5.631104707717895508e-01,6.839227080345153809e-01,4.933693706989288330e-01,4.932625293731689453e-01,2.171762734651565552e-01,-2.336691141128540039e+00,-2.620814740657806396e-01,5.691069960594177246e-01,6.807508319616317749e-02,-5.276753306388854980e-01,5.341269373893737793e-01,7.533361017704010010e-02,3.129800856113433838e-01,-2.861019849777221680e+00,-6.035276055335998535e-01,3.344382941722869873e-01,5.007568597793579102e-01,4.699998199939727783e-01,3.819624781608581543e-01,4.313470423221588135e-01,8.187013864517211914e-02,-1.284528493881225586e+00,-9.843279123306274414e-01,4.818411469459533691e-01,2.987643778324127197e-01,4.478548765182495117e-01,4.051596224308013916e-01,-3.633324146270751953e+00,4.428075850009918213e-01,-4.313539564609527588e-01,-3.570491313934326172e+00,-3.589932441711425781e+00
-1.461805462837219238e+00,-1.983418911695480347e-01,2.437550425529479980e-01,1.488125324249267578e+00,-4.068934321403503418e-01,-9.775591492652893066e-01,6.405112892389297485e-02,3.050887882709503174e-01,3.114664256572723389e-01,4.890138506889343262e-01,1.501358151435852051e+00,1.097363233566284180e+00,5.817328095436096191e-01,9.624765515327453613e-01,5.507240891456604004e-01,-3.944986462593078613e-01,-8.924933075904846191e-01,1.534155130386352539e+00,3.999307155609130859e-01,-2.104331366717815399e-02,1.510530617088079453e-02,-3.793056309223175049e-01,3.573518693447113037e-01,-8.372510075569152832e-01,1.096324801445007324e+00,-3.181261777877807617e+00,-3.181261777877807617e+00,-2.117724418640136719e-01,-6.725415587425231934e-01,-4.201738238334655762e-01,-6.654383540153503418e-01,9.957842826843261719e-01,1.058750867843627930e+00,7.473376393318176270e-02,8.503400087356567383e-01,6.766334176063537598e-01,4.083806276321411133e-01,-6.034721806645393372e-02,-2.927514553070068359e+00,-7.466622591018676758e-01,-8.266571760177612305e-01,8.041939139366149902e-01,1.363990455865859985e-01,-5.179305672645568848e-01,5.420383214950561523e-01,1.500388264656066895e+00,9.649379253387451172e-01,7.986872643232345581e-02,5.094127058982849121e-01,-7.313069105148315430e-01,-7.049480676651000977e-01,-9.964196085929870605e-01,8.391707539558410645e-01,7.208149135112762451e-02,8.098566532135009766e-01,-1.860981702804565430e+00,-2.822119295597076416e-01,3.178185522556304932e-01,3.128314316272735596e-01,1.065610289573669434e+00,9.303596615791320801e-01,4.582040607929229736e-01,3.437544107437133789e-01,3.316610455513000488e-01,-9.496619105339050293e-01,-3.123891353607177734e-01,1.530689358711242676e+00,9.589020609855651855e-01,4.669230282306671143e-01,3.348887264728546143e-01,3.365578353404998779e-01,-9.235945940017700195e-01,-1.180062651634216309e+00,3.194019198417663574e-01,5.874603390693664551e-01,6.353578567504882812e-01,3.191161155700683594e-01,8.244518041610717773e-01,5.443323850631713867e-01,-5.194645747542381287e-02,1.493235468864440918e+00,5.813993811607360840e-01,9.345057606697082520e-01,9.423177838325500488e-01,1.843205541372299194e-01,-1.281790256500244141e+00,-4.550229907035827637e-01,1.418446063995361328e+00,1.497154831886291504e+00,4.643469750881195068e-01,3.343190252780914307e-01,4.378463625907897949e-01,-2.477562189102172852e+00,1.099182665348052979e-01,1.511372685432434082e+00,-1.886412799358367920e-01,-1.125736117362976074e+00,-9.037961065769195557e-02,-1.444091677665710449e+00,-6.459217071533203125e-01,-2.382922649383544922e+00,2.096222937107086182e-01,2.164873331785202026e-01,-3.369817137718200684e-01,-1.630302786827087402e+00,-8.404737710952758789e-01,-5.129080414772033691e-01,-2.218091487884521484e-01,-2.059263706207275391e+00,-1.302642583847045898e+00,-1.846209615468978882e-01,1.066867828369140625e+00,6.219589114189147949e-01,1.832291632890701294e-01,-1.604650855064392090e+00,1.208846211433410645e+00,7.859022170305252075e-02,4.299131929874420166e-01,-1.040144190192222595e-01
4.206181168556213379e-01,6.165277957916259766e-01,6.837157607078552246e-01,8.215651512145996094e-01,-2.839571833610534668e-01,1.322751771658658981e-02,-1.267001777887344360e-01,-2.782701730728149414e+00,-1.180172204971313477e+00,-3.149266719818115234e+00,-3.149266719818115234e+00,-3.149266719818115234e+00,-2.134286403656005859e+00,6.437778472900390625e-01,5.442734956741333008e-01,5.085718631744384766e-01,6.197214126586914062e-01,8.215770721435546875e-01,4.715296924114227295e-01,-1.951007992029190063e-01,1.392329037189483643e-01,5.460749864578247070e-01,5.537749528884887695e-01,6.431893110275268555e-01,5.959103256464004517e-02,-3.149266719818115234e+00,-3.149266719818115234e+00,6.531941294670104980e-01,5.916488170623779297e-01,7.335686683654785156e-01,8.003818392753601074e-01,8.287291526794433594e-01,5.303935408592224121e-01,6.212139129638671875e-01,5.837419629096984863e-01,6.253216862678527832e-01,-3.376996889710426331e-02,6.815889477729797363e-01,-2.953031539916992188e+00,-7.968804240226745605e-01,6.246297359466552734e-01,3.507609367370605469e-01,5.633099675178527832e-01,3.851800262928009033e-01,7.370591163635253906e-01,8.639352321624755859e-01,5.528475642204284668e-01,5.838640928268432617e-01,4.380010068416595459e-01,-3.192056119441986084e-01,-3.035258948802947998e-01,3.341460600495338440e-02,7.224647998809814453e-01,5.971660017967224121e-01,5.403356552124023438e-01,-2.020914077758789062e+00,4.452006220817565918e-01,-7.622184753417968750e-01,4.307104647159576416e-01,8.193416595458984375e-01,3.993180990219116211e-01,5.365247130393981934e-01,4.284320175647735596e-01,6.021608114242553711e-01,2.256140857934951782e-01,7.337060570716857910e-01,8.089653849601745605e-01,4.850995540618896484e-01,4.953655898571014404e-01,5.734793543815612793e-01,5.327917337417602539e-01,6.846350431442260742e-01,-1.498865187168121338e-01,8.116518855094909668e-01,4.638026058673858643e-01,5.685405135154724121e-01,5.625671148300170898e-01,3.943504393100738525e-01,1.729735881090164185e-01,2.541995346546173096e-01,4.065634906291961670e-01,2.409817576408386230e-01,2.013294100761413574e-01,-5.937002301216125488e-01,1.745186597108840942e-01,-4.148545563220977783e-01,4.692909419536590576e-01,5.753415822982788086e-01,4.242767691612243652e-01,2.314440011978149414e-01,2.181030809879302979e-01,-6.336259841918945312e-01,-2.835461616516113281e+00,-3.651074320077896118e-02,5.473402142524719238e-01,-1.442387551069259644e-01,-5.569620132446289062e-01,3.226324021816253662e-01,-7.404001057147979736e-02,-2.884431481361389160e-01,-2.454890966415405273e+00,-5.316070914268493652e-01,4.022606909275054932e-01,3.513799905776977539e-01,3.954487740993499756e-01,-7.615563273429870605e-02,-6.109470725059509277e-01,-1.823280602693557739e-01,-9.532249569892883301e-01,-8.919273018836975098e-01,4.500817656517028809e-01,2.706526517868041992e-01,3.604248762130737305e-01,-1.820725947618484497e-02,3.667781949043273926e-01,5.579149127006530762e-01,4.009700119495391846e-01,1.998504698276519775e-01,3.390736579895019531e-01
1.320481952279806137e-02,-2.372527271509170532e-01,5.595927834510803223e-01,1.521085262298583984e+00,-1.267077624797821045e-01,4.982546269893646240e-01,4.375672936439514160e-01,-7.767271995544433594e-01,-5.022799968719482422e-01,3.012096285820007324e-01,5.148255825042724609e-01,8.981975913047790527e-01,7.216490507125854492e-01,2.353935539722442627e-01,5.999060720205307007e-02,-6.335597038269042969e-01,-1.193930804729461670e-01,1.560685038566589355e+00,1.058784008026123047e+00,-1.123304143548011780e-01,-6.345847249031066895e-01,-4.853816032409667969e-01,-2.149046212434768677e-01,1.801140159368515015e-01,1.069082617759704590e+00,-3.529070615768432617e+00,-3.529070615768432617e+00,1.003177687525749207e-01,1.827330291271209717e-01,-2.869696319103240967e-01,1.998947262763977051e-01,1.541954755783081055e+00,9.665822386741638184e-01,-5.246567130088806152e-01,-6.578070521354675293e-01,-1.040045976638793945e+00,1.336875110864639282e-01,-1.079311147332191467e-01,-3.247977256774902344e+00,-9.033632874488830566e-01,-7.955421805381774902e-01,5.663308501243591309e-01,-6.976568102836608887e-01,-9.314566850662231445e-01,3.610719442367553711e-01,5.548043251037597656e-01,9.806241393089294434e-01,-8.551645278930664062e-01,5.848393440246582031e-01,-9.280211329460144043e-01,-1.398026227951049805e+00,5.370519161224365234e-01,1.401278018951416016e+00,7.097475528717041016e-01,8.432486653327941895e-01,-2.071721553802490234e+00,-8.858447074890136719e-01,-9.779517054557800293e-01,1.052441000938415527e-01,1.148534178733825684e+00,-2.683139443397521973e-01,8.203731179237365723e-01,1.990801841020584106e-01,2.435026168823242188e-01,-4.159585833549499512e-01,2.704306840896606445e-01,1.467366337776184082e+00,1.050277829170227051e+00,6.984367966651916504e-01,3.069033026695251465e-01,1.303709000349044800e-01,-9.735223650932312012e-02,1.027537345886230469e+00,3.758061528205871582e-01,5.138516053557395935e-02,4.343739151954650879e-02,8.239111304283142090e-01,5.956318974494934082e-01,2.713660150766372681e-02,1.838197559118270874e-01,1.560707211494445801e+00,1.108719944953918457e+00,-1.489522457122802734e-01,-6.552404761314392090e-01,-6.505488157272338867e-01,-8.246356248855590820e-01,3.412307500839233398e-01,1.564364552497863770e+00,1.551644444465637207e+00,8.763341307640075684e-01,2.210524827241897583e-01,6.321908831596374512e-01,-2.575640678405761719e+00,8.671786785125732422e-01,1.529893994331359863e+00,2.422606498003005981e-01,-6.783958673477172852e-01,-9.499793052673339844e-01,-8.930851817131042480e-01,-7.177157402038574219e-01,-2.952911853790283203e+00,1.488451361656188965e-01,6.373285055160522461e-01,3.772719204425811768e-01,3.712435364723205566e-01,-4.730611443519592285e-01,-4.051176011562347412e-01,-3.691733628511428833e-02,-1.269980788230895996e+00,-9.079746603965759277e-01,-9.123112261295318604e-02,-2.624932527542114258e-01,-5.799826383590698242e-01,5.169161781668663025e-02,9.011835455894470215e-01,1.521676063537597656e+00,4.704717099666595459e-01,-3.150832056999206543e-01,-4.563063085079193115e-01
4.519547820091247559e-01,2.990607321262359619e-01,3.580035865306854248e-01,7.028886675834655762e-01,-5.697012543678283691e-01,2.166794985532760620e-01,3.140787482261657715e-01,2.954964339733123779e-01,1.841252110898494720e-02,6.301878094673156738e-01,7.340868711471557617e-01,4.191651344299316406e-01,4.860484004020690918e-01,3.995192050933837891e-01,3.324336707592010498e-01,4.360507130622863770e-01,-4.639601707458496094e-01,7.983661293983459473e-01,2.644604444503784180e-01,-7.134655714035034180e-01,4.433886706829071045e-01,2.119698971509933472e-01,2.786658406257629395e-01,4.663710892200469971e-01,2.670997977256774902e-01,-4.012008666992187500e+00,-4.012008666992187500e+00,4.370495080947875977e-01,3.691293299198150635e-01,2.198152989149093628e-01,6.042459607124328613e-01,7.156290411949157715e-01,4.631406068801879883e-01,3.424804806709289551e-01,4.002477824687957764e-01,4.348009526729583740e-01,2.792773842811584473e-01,5.994012355804443359e-01,-3.749929189682006836e+00,-1.278809785842895508e+00,4.371712505817413330e-01,3.454989567399024963e-02,4.153219461441040039e-01,-2.981855273246765137e-01,6.437361240386962891e-01,7.282170653343200684e-01,4.260384440422058105e-01,4.114100635051727295e-01,4.309047460556030273e-01,-5.514712333679199219e-01,-5.052864551544189453e-01,6.013787984848022461e-01,7.339140176773071289e-01,4.860916137695312500e-01,4.386107325553894043e-01,-2.667532444000244141e+00,2.264313697814941406e-01,3.650406897068023682e-01,3.926616013050079346e-01,6.995494365692138672e-01,4.449970126152038574e-01,4.517191350460052490e-01,2.052929699420928955e-01,4.524044990539550781e-01,4.092204272747039795e-01,5.881427526473999023e-01,7.284212708473205566e-01,-1.539106220006942749e-01,3.947903811931610107e-01,3.459976613521575928e-01,-2.676207385957241058e-02,2.574477195739746094e-01,4.396044015884399414e-01,6.834148168563842773e-01,3.909452259540557861e-01,-1.507041335105895996e+00,4.137528836727142334e-01,3.444953560829162598e-01,1.427163034677505493e-01,-1.855575561523437500e+00,5.374215841293334961e-01,4.258043467998504639e-01,2.999660670757293701e-01,4.013494849205017090e-01,4.010882973670959473e-01,-8.472968637943267822e-02,5.763913393020629883e-01,7.550131678581237793e-01,-2.709027528762817383e-01,4.424617588520050049e-01,4.253338277339935303e-01,-4.785492718219757080e-01,-2.854186296463012695e+00,-3.919827640056610107e-01,7.196725010871887207e-01,-7.122459262609481812e-02,-7.443672418594360352e-01,3.884531855583190918e-01,-1.290221363306045532e-01,-8.289941400289535522e-02,-3.125478267669677734e+00,-5.696659088134765625e-01,3.479064702987670898e-01,-1.324815869331359863e+00,3.873251676559448242e-01,4.173325002193450928e-01,2.127672135829925537e-01,4.700771868228912354e-01,-1.144899845123291016e+00,-1.068757295608520508e+00,3.489198088645935059e-01,4.081913828849792480e-01,4.636492431163787842e-01,2.714025080204010010e-01,-3.760720252990722656e+00,7.272901535034179688e-01,4.133365452289581299e-01,3.999021649360656738e-01,3.727977275848388672e-01
6.366381049156188965e-02,4.647239446640014648e-01,5.689662694931030273e-01,-9.224653244018554688e-01,-1.694706082344055176e+00,2.465326786041259766e-01,-2.014383792877197266e+00,2.101198285818099976e-01,2.521255612373352051e-01,6.354706883430480957e-01,8.702284693717956543e-01,4.618061482906341553e-01,4.499191045761108398e-01,3.828522861003875732e-01,4.087611734867095947e-01,5.175271034240722656e-01,3.688249588012695312e-01,8.119852542877197266e-01,3.469196557998657227e-01,-6.190861463546752930e-01,3.357868194580078125e-01,4.320249855518341064e-01,4.629326164722442627e-01,6.409991979598999023e-01,4.803312420845031738e-01,-4.181557655334472656e+00,-4.181557655334472656e+00,3.258552402257919312e-02,1.447456628084182739e-01,5.305219888687133789e-01,7.517008781433105469e-01,4.439611732959747314e-01,4.713217318058013916e-01,4.751910567283630371e-01,4.145903587341308594e-01,-1.714687347412109375e-01,-4.522819519042968750e-01,-2.381510138511657715e-01,-3.907013893127441406e+00,-1.358575940132141113e+00,4.151281714439392090e-01,2.527557015419006348e-01,3.161357045173645020e-01,-5.103550478816032410e-02,-2.426648885011672974e-01,5.778051614761352539e-01,-5.793447494506835938e-01,1.903865486383438110e-01,4.171799421310424805e-01,-5.840728878974914551e-01,-4.940475821495056152e-01,6.964813470840454102e-01,7.596356272697448730e-01,4.421461522579193115e-01,4.464317560195922852e-01,-3.730901718139648438e+00,3.284902870655059814e-01,3.379794582724571228e-02,3.706150054931640625e-01,6.826151907444000244e-02,3.297886550426483154e-01,3.981572389602661133e-01,2.157436311244964600e-01,-2.731644175946712494e-02,2.877626121044158936e-01,7.227582335472106934e-01,7.141446471214294434e-01,3.212809562683105469e-01,3.219161927700042725e-01,-2.917592525482177734e-01,3.895627558231353760e-01,4.366430342197418213e-01,7.198976278305053711e-01,8.207872509956359863e-01,3.719015419483184814e-01,4.263279139995574951e-01,2.420395612716674805e-01,3.318848907947540283e-01,4.160132408142089844e-01,7.136534452438354492e-01,2.640850245952606201e-01,2.191962450742721558e-01,3.737957775592803955e-01,-1.998968869447708130e-01,2.613798379898071289e-01,3.323888182640075684e-01,7.299806475639343262e-01,6.474086046218872070e-01,7.912834882736206055e-01,1.699392795562744141e-01,6.080744415521621704e-02,-5.341112613677978516e-01,-2.738658428192138672e+00,4.340704083442687988e-01,8.337182402610778809e-01,-2.660908997058868408e-01,-8.005761504173278809e-01,2.261993288993835449e-01,-2.487396895885467529e-01,1.649862676858901978e-01,-3.321259737014770508e+00,-5.575190782546997070e-01,4.682146608829498291e-01,3.090868890285491943e-01,4.705844521522521973e-01,4.139221012592315674e-01,2.432147115468978882e-01,5.601308345794677734e-01,-1.655295014381408691e+00,-1.132732391357421875e+00,2.632681429386138916e-01,4.253018498420715332e-01,3.707734048366546631e-01,3.651957511901855469e-01,5.990091562271118164e-01,8.199509382247924805e-01,3.375340998172760010e-01,2.441861778497695923e-01,-3.749766945838928223e-01
-6.535118818283081055e-01,-4.191270172595977783e-01,-1.283092647790908813e-01,1.367414355278015137e+00,-6.137527525424957275e-02,1.065521717071533203e+00,4.773853719234466553e-02,-4.760923087596893311e-01,-5.876258015632629395e-01,-3.789954483509063721e-01,2.033988952636718750e+00,8.734520077705383301e-01,-5.576364398002624512e-01,-5.249931216239929199e-01,-4.734452664852142334e-01,-5.117892026901245117e-01,1.213370919227600098e+00,2.757184267044067383e+00,1.067693948745727539e+00,-1.110997557640075684e+00,-7.501202225685119629e-01,3.699940815567970276e-02,-1.979416757822036743e-01,1.138927042484283447e-01,1.352221727371215820e+00,-2.854485273361206055e+00,-2.854485273361206055e+00,-3.413662016391754150e-01,-5.042758584022521973e-01,1.830972880125045776e-01,3.842093348503112793e-01,8.334456682205200195e-01,4.479331672191619873e-01,-1.261044442653656006e-01,-4.566153287887573242e-01,-6.017016172409057617e-01,-2.619423568248748779e-01,4.586568847298622131e-02,-2.733031988143920898e+00,-1.366422176361083984e+00,8.953892975114285946e-04,6.265553832054138184e-01,-3.247266709804534912e-01,-3.987618088722229004e-01,-1.505517065525054932e-01,2.063785314559936523e+00,8.304390907287597656e-01,-3.509089648723602295e-01,-4.244636893272399902e-01,-9.135184288024902344e-01,-9.219525456428527832e-01,3.896934539079666138e-02,1.638501405715942383e+00,5.340403914451599121e-01,1.180292248725891113e+00,-1.216105699539184570e+00,1.778420358896255493e-01,-4.618423879146575928e-01,-1.693215370178222656e-01,1.064554572105407715e+00,4.764424562454223633e-01,1.882983326911926270e+00,9.502951502799987793e-01,-2.986665070056915283e-01,-1.724151819944381714e-01,-4.317293688654899597e-02,2.185025691986083984e+00,6.440780758857727051e-01,4.879144430160522461e-01,-3.033298254013061523e-01,-4.195059835910797119e-01,-4.041066467761993408e-01,9.151872992515563965e-02,2.569304227828979492e+00,1.323180079460144043e+00,-5.351873040199279785e-01,-2.265524119138717651e-01,-3.725720047950744629e-01,-4.147580862045288086e-01,-5.903867073357105255e-03,9.710249304771423340e-01,-2.249902486801147461e-01,-4.186823070049285889e-01,-1.948799639940261841e-01,1.681147329509258270e-02,-5.882346630096435547e-01,3.436486721038818359e-01,8.990235924720764160e-01,3.016266822814941406e+00,2.860851883888244629e-01,-4.387919306755065918e-01,-5.562508702278137207e-01,-2.080460071563720703e+00,-1.617919206619262695e-01,1.628993153572082520e+00,-2.734550535678863525e-01,-8.979612588882446289e-01,-1.643005460500717163e-01,-5.217009186744689941e-01,-6.409437656402587891e-01,-2.388136386871337891e+00,7.180399894714355469e-01,4.281398653984069824e-01,-2.323494702577590942e-01,-4.903660714626312256e-01,3.509872555732727051e-01,-5.893213748931884766e-01,-3.312496840953826904e-01,-4.389326274394989014e-02,-1.344874978065490723e+00,1.294987350702285767e-01,-2.204515635967254639e-01,-5.600323081016540527e-01,-5.898851156234741211e-01,-5.579997301101684570e-01,9.821304678916931152e-01,-4.975298643112182617e-01,-4.021680355072021484e-01,5.101192593574523926e-01
4.038152694702148438e-01,3.930357694625854492e-01,-2.729387395083904266e-02,3.136935234069824219e-01,-7.684817314147949219e-01,1.130491271615028381e-01,2.477949112653732300e-01,2.439997494220733643e-01,2.940304577350616455e-02,4.682429432868957520e-01,4.931510984897613525e-01,2.899881899356842041e-01,3.808300495147705078e-01,2.982982099056243896e-01,3.144622743129730225e-01,3.833793103694915771e-01,1.378433406352996826e-02,4.963905513286590576e-01,1.887083202600479126e-01,-8.550847768783569336e-01,3.842908740043640137e-01,1.527888774871826172e-01,3.178975880146026611e-01,3.315143883228302002e-01,3.599133193492889404e-01,-4.604395389556884766e+00,-4.604395389556884766e+00,3.987047970294952393e-01,3.205932676792144775e-01,2.812851965427398682e-01,4.550957083702087402e-01,4.838576912879943848e-01,3.884698450565338135e-01,3.307504355907440186e-01,3.805148601531982422e-01,3.840515315532684326e-01,-6.194077730178833008e-01,4.580060243606567383e-01,-4.324156284332275391e+00,-1.667690634727478027e+00,3.746004998683929443e-01,3.881217166781425476e-02,4.136911630630493164e-01,-4.243305325508117676e-02,4.941923618316650391e-01,5.008726716041564941e-01,3.987829685211181641e-01,3.928702175617218018e-01,3.936102390289306641e-01,-7.118095159530639648e-01,-5.394252538681030273e-01,4.582912623882293701e-01,4.946671128273010254e-01,3.776624202728271484e-01,3.615011274814605713e-01,-3.098857402801513672e+00,3.012404441833496094e-01,3.829005658626556396e-01,1.241848841309547424e-01,4.766926169395446777e-01,3.572423756122589111e-01,3.814623653888702393e-01,1.500720530748367310e-01,3.935045301914215088e-01,3.870775103569030762e-01,4.647422134876251221e-01,4.901709854602813721e-01,3.585309982299804688e-01,3.462873399257659912e-01,3.701502680778503418e-01,-6.905069202184677124e-02,2.594748437404632568e-01,3.863414525985717773e-01,4.635393917560577393e-01,3.052019476890563965e-01,3.882464170455932617e-01,3.855395913124084473e-01,3.018588125705718994e-01,1.680305749177932739e-01,4.643811583518981934e-01,4.802193045616149902e-01,3.587368428707122803e-01,3.625044822692871094e-01,3.814743459224700928e-01,3.805806934833526611e-01,-1.819422543048858643e-01,4.593963325023651123e-01,4.849846959114074707e-01,4.534959495067596436e-01,3.432174623012542725e-01,3.663523197174072266e-01,2.684782445430755615e-01,-3.262979507446289062e+00,4.676804542541503906e-01,4.827326536178588867e-01,-2.309886068105697632e-01,-9.352612495422363281e-01,3.668888807296752930e-01,-1.477618068456649780e-01,-9.932864457368850708e-02,-3.635476827621459961e+00,-9.091398715972900391e-01,3.155785202980041504e-01,3.791863918304443359e-01,3.871321678161621094e-01,4.063118696212768555e-01,1.761850267648696899e-01,3.118795156478881836e-01,-1.520186543464660645e+00,-1.326855659484863281e+00,2.573843598365783691e-01,3.835268914699554443e-01,4.065021574497222900e-01,2.443967014551162720e-01,4.426206946372985840e-01,4.894369244575500488e-01,3.506438434123992920e-01,3.523353636264801025e-01,3.163504898548126221e-01
6.818517446517944336e-01,6.209861040115356445e-01,9.096312522888183594e-01,8.282752037048339844e-01,-2.764926664531230927e-02,6.610075235366821289e-01,6.913145780563354492e-01,7.222874760627746582e-01,4.459802210330963135e-01,4.416553676128387451e-01,1.026821017265319824e+00,7.225205302238464355e-01,8.265991210937500000e-01,7.403074502944946289e-01,-4.135294854640960693e-01,7.121461629867553711e-01,4.345308840274810791e-01,9.717948436737060547e-01,6.784973144531250000e-01,-5.782878026366233826e-02,8.172330856323242188e-01,7.348402738571166992e-01,4.953518211841583252e-01,2.053934931755065918e-01,-4.328594505786895752e-01,-2.918104410171508789e+00,-2.918104410171508789e+00,6.898453235626220703e-01,7.581154108047485352e-01,2.667850852012634277e-01,7.386570423841476440e-02,9.196366071701049805e-01,7.806379795074462891e-01,3.969129025936126709e-01,7.774447202682495117e-01,5.957186818122863770e-01,-7.458312809467315674e-02,-5.914139747619628906e-01,-2.719570636749267578e+00,-2.918104410171508789e+00,-2.164246797561645508e+00,7.190019488334655762e-01,6.514877080917358398e-01,-7.266771793365478516e-01,5.672547221183776855e-01,9.836468696594238281e-01,6.664568781852722168e-01,7.820120453834533691e-01,6.038708686828613281e-01,-1.601853519678115845e-01,-1.741933703422546387e+00,-1.543153882026672363e+00,3.882897198200225830e-01,7.564499974250793457e-01,5.943737030029296875e-01,-1.810865402221679688e+00,7.260957360267639160e-01,-7.557237744331359863e-01,-4.940817654132843018e-01,2.095076292753219604e-01,6.479400396347045898e-01,7.144362926483154297e-01,5.886847972869873047e-01,6.059473752975463867e-01,4.337637424468994141e-01,-1.580505967140197754e-01,1.009929180145263672e+00,2.168111056089401245e-01,-1.671622395515441895e+00,-2.054027080535888672e+00,6.300463080406188965e-01,1.257520765066146851e-01,-1.478685498237609863e+00,-3.995627760887145996e-01,4.298988282680511475e-01,7.165467739105224609e-01,-1.903765201568603516e-01,5.174542069435119629e-01,-2.381095737218856812e-01,-9.536490440368652344e-01,-1.234530448913574219e+00,-9.880220293998718262e-01,7.914880290627479553e-03,-9.089401364326477051e-02,6.310999393463134766e-01,-2.758716046810150146e-01,-7.473789453506469727e-01,9.571121335029602051e-01,6.814956665039062500e-01,7.689380645751953125e-01,7.085661292076110840e-01,-8.813574314117431641e-01,-2.263694763183593750e+00,-5.847378373146057129e-01,1.017354607582092285e+00,3.487215042114257812e-01,-2.768155038356781006e-01,6.742514371871948242e-01,1.621481031179428101e-01,-3.194633424282073975e-01,-2.590085268020629883e+00,-6.621243059635162354e-02,8.025552034378051758e-01,7.873135209083557129e-01,7.670069336891174316e-01,5.178902149200439453e-01,7.665108144283294678e-02,-8.454051613807678223e-01,-2.235402107238769531e+00,-1.946638703346252441e+00,7.972239851951599121e-01,7.768265008926391602e-01,7.366966605186462402e-01,-2.914719879627227783e-01,-8.570170402526855469e-01,-4.656074643135070801e-01,7.825979590415954590e-01,6.960926055908203125e-01,-3.879790008068084717e-02
-3.936227083206176758e+00,1.891160160303115845e-01,4.661714732646942139e-01,7.928389310836791992e-01,-5.155820846557617188e-01,-1.341108441352844238e+00,-6.703259348869323730e-01,1.678883582353591919e-01,3.522160351276397705e-01,-3.016804903745651245e-02,8.602131605148315430e-01,4.053345322608947754e-01,4.261639714241027832e-01,-2.735350513830780983e-03,4.410846233367919922e-01,4.067399799823760986e-01,-2.010168313980102539e+00,1.010307312011718750e+00,4.902239739894866943e-01,-5.843557715415954590e-01,6.290361285209655762e-02,4.565894305706024170e-01,5.025482177734375000e-02,5.724796652793884277e-01,6.738958954811096191e-01,-3.936227083206176758e+00,-3.936227083206176758e+00,4.669211804866790771e-01,4.081713855266571045e-01,2.268020957708358765e-01,8.524323701858520508e-01,5.160789489746093750e-01,5.177082419395446777e-01,1.024173349142074585e-01,-3.428972363471984863e-01,2.380874454975128174e-01,-8.023799657821655273e-01,-1.228158846497535706e-01,-3.709772348403930664e+00,-1.148467421531677246e+00,4.352262318134307861e-01,4.410138428211212158e-01,3.497834205627441406e-01,-8.970552682876586914e-02,6.833196282386779785e-01,7.744464874267578125e-01,4.214027225971221924e-01,4.807215034961700439e-01,4.562835693359375000e-01,-5.259857773780822754e-01,-3.643463850021362305e-01,8.620703816413879395e-01,7.749882936477661133e-01,2.714277207851409912e-01,4.275553822517395020e-01,-2.672115802764892578e+00,-4.178526252508163452e-02,3.083265125751495361e-01,1.365584731101989746e-01,6.925902366638183594e-01,4.444724321365356445e-01,4.474831819534301758e-01,2.126219272613525391e-01,2.661318778991699219e-01,2.997316420078277588e-01,4.080834090709686279e-01,8.328844308853149414e-01,-1.584991812705993652e-01,-2.506215311586856842e-02,3.451113700866699219e-01,4.075796306133270264e-01,7.728368788957595825e-02,7.408843040466308594e-01,7.982106804847717285e-01,3.984933793544769287e-01,3.332562446594238281e-01,4.126995205879211426e-01,2.556762099266052246e-01,3.233942985534667969e-01,7.462860941886901855e-01,5.149313807487487793e-01,3.591887652873992920e-01,3.492596447467803955e-01,3.234063088893890381e-01,3.435559868812561035e-01,-3.091471195220947266e-01,4.809513986110687256e-01,5.412925481796264648e-01,2.341190725564956665e-01,3.881516158580780029e-01,4.416955709457397461e-01,3.944234549999237061e-01,-2.474972963333129883e+00,5.392153859138488770e-01,1.002996325492858887e+00,-8.548126369714736938e-02,-1.005539894104003906e+00,4.184251427650451660e-01,1.830472901929169893e-04,4.091030061244964600e-01,-2.998277425765991211e+00,-3.493045866489410400e-01,4.796879291534423828e-01,4.174635410308837891e-01,4.448790550231933594e-01,-1.056340932846069336e+00,4.653309879358857870e-04,3.098754584789276123e-01,-1.404377937316894531e+00,-1.124603152275085449e+00,3.319507837295532227e-01,5.132220983505249023e-01,4.854095578193664551e-01,4.159761667251586914e-01,-5.839878916740417480e-01,9.703478217124938965e-01,3.275186121463775635e-01,3.647652566432952881e-01,1.374908834695816040e-01
3.790036737918853760e-01,2.312628179788589478e-01,-3.631751835346221924e-01,1.334765911102294922e+00,-2.746863961219787598e-01,4.290193319320678711e-01,5.577690601348876953e-01,2.221799939870834351e-01,-6.965227723121643066e-01,6.586875319480895996e-01,7.516494989395141602e-01,7.141688466072082520e-01,-2.062220275402069092e-01,5.036410689353942871e-01,2.912761270999908447e-01,-5.062885880470275879e-01,7.049565911293029785e-01,1.520938396453857422e+00,6.753562688827514648e-01,3.747465834021568298e-02,1.230653151869773865e-01,-2.720206081867218018e-01,-3.042916655540466309e-01,2.496838718652725220e-01,7.979645729064941406e-01,-2.956039905548095703e+00,-2.956039905548095703e+00,8.701536059379577637e-01,5.030930042266845703e-01,-5.605659633874893188e-02,3.377948701381683350e-01,1.373479604721069336e+00,1.191548228263854980e+00,-1.307961046695709229e-01,-3.120432049036026001e-02,-7.455214112997055054e-02,-2.221848070621490479e-01,3.673756718635559082e-01,-2.729096889495849609e+00,-2.956039905548095703e+00,-2.407177448272705078e+00,7.186561822891235352e-01,2.817176282405853271e-01,1.667572259902954102e-01,6.153574585914611816e-01,8.712975978851318359e-01,3.997606039047241211e-01,9.372749924659729004e-02,5.003633499145507812e-01,-7.933153510093688965e-01,-1.987868785858154297e+00,-6.807930469512939453e-01,1.369306206703186035e+00,6.287006139755249023e-01,2.960504293441772461e-01,-1.736542224884033203e+00,6.042913720011711121e-02,-5.151816606521606445e-01,5.974773764610290527e-01,6.409937143325805664e-01,-1.608934067189693451e-02,6.719561815261840820e-01,1.414154171943664551e-01,2.731899619102478027e-01,1.648700684309005737e-01,5.160955786705017090e-01,7.814608812332153320e-01,6.210618615150451660e-01,-2.288990020751953125e+00,-2.560788869857788086e+00,4.057466685771942139e-01,1.531675755977630615e-01,1.180221796035766602e+00,4.441123008728027344e-01,3.461150228977203369e-01,1.000718176364898682e-01,-1.002794981002807617e+00,-8.055201917886734009e-02,-1.646230220794677734e-01,8.158854842185974121e-01,-6.675676703453063965e-01,-1.786198616027832031e+00,-5.457982420921325684e-01,1.459435224533081055e-01,-4.031371176242828369e-01,6.989315152168273926e-01,1.332595348358154297e+00,1.454473018646240234e+00,1.414650440216064453e+00,3.005075752735137939e-01,1.209582239389419556e-01,-1.699328780174255371e+00,-2.070357322692871094e+00,8.620480895042419434e-01,1.467903017997741699e+00,2.428585290908813477e-02,-7.222923636436462402e-01,-5.335760712623596191e-01,-8.104402422904968262e-01,5.086033418774604797e-02,-2.216234207153320312e+00,2.514575123786926270e-01,6.223261356353759766e-01,7.820287942886352539e-01,5.709071755409240723e-01,-1.429072469472885132e-01,7.322242110967636108e-02,1.561607718467712402e-01,-1.330243349075317383e+00,-2.428885400295257568e-01,5.526769757270812988e-01,-6.056711077690124512e-01,-6.462377496063709259e-04,5.625401735305786133e-01,9.022139906883239746e-01,1.222379446029663086e+00,8.074057102203369141e-01,1.533367782831192017e-01,-4.648655354976654053e-01
6.180980801582336426e-01,3.333248794078826904e-01,4.191386103630065918e-01,7.114214301109313965e-01,-5.323056578636169434e-01,1.308675706386566162e-01,2.302544116973876953e-01,4.944063723087310791e-01,3.236736059188842773e-01,7.081065177917480469e-01,7.128803730010986328e-01,3.756288588047027588e-01,4.515486955642700195e-01,7.348125427961349487e-02,2.016287297010421753e-02,1.814232468605041504e-01,5.795170664787292480e-01,7.120061516761779785e-01,2.740541398525238037e-01,-8.678396344184875488e-01,1.215536296367645264e-01,3.221851587295532227e-01,6.951387226581573486e-02,5.494449138641357422e-01,5.319237112998962402e-01,-3.934266090393066406e+00,-3.934266090393066406e+00,2.962665557861328125e-01,3.692484498023986816e-01,-3.121395409107208252e-01,6.896429061889648438e-01,6.900053620338439941e-01,4.517945945262908936e-01,4.568704664707183838e-01,4.297027587890625000e-01,4.183918237686157227e-01,1.865293830633163452e-01,6.893314123153686523e-01,-3.748803138732910156e+00,-1.105172514915466309e+00,3.989592492580413818e-01,3.336381614208221436e-01,2.563209235668182373e-01,-1.614109128713607788e-01,6.923108696937561035e-01,7.083123326301574707e-01,1.592461764812469482e-01,1.528854519128799438e-01,8.950052410364151001e-02,-4.946881532669067383e-01,-5.769169926643371582e-01,6.809584498405456543e-01,6.932128667831420898e-01,4.618724286556243896e-01,5.793057680130004883e-01,-2.787004232406616211e+00,2.384751439094543457e-01,7.136541418731212616e-03,6.391753554344177246e-01,6.944113373756408691e-01,3.854753673076629639e-01,2.699781954288482666e-01,1.570072919130325317e-01,4.416821300983428955e-01,2.161647528409957886e-01,-1.406445741653442383e+00,-3.934266090393066406e+00,-2.035850763320922852e+00,3.874825537204742432e-01,3.366926610469818115e-01,4.632413983345031738e-01,1.486251801252365112e-01,-8.794838786125183105e-01,5.869046449661254883e-01,3.172163665294647217e-01,4.296772480010986328e-01,3.152364790439605713e-01,3.873496055603027344e-01,1.136232241988182068e-01,6.819219589233398438e-01,6.980268359184265137e-01,4.015889763832092285e-01,4.166432619094848633e-01,2.110465914011001587e-01,3.383646905422210693e-01,-3.433821201324462891e-01,6.748039126396179199e-01,7.053634524345397949e-01,6.845210790634155273e-01,2.422527521848678589e-01,3.292485773563385010e-01,9.293205291032791138e-02,-2.931937217712402344e+00,3.723339140415191650e-01,6.982964277267456055e-01,-1.855463683605194092e-01,-6.924003362655639648e-01,3.464353382587432861e-01,-5.075694918632507324e-01,1.702853441238403320e-01,-3.125239372253417969e+00,-5.743874311447143555e-01,4.382196366786956787e-01,1.106306537985801697e-01,2.741284370422363281e-01,3.411609232425689697e-01,2.961997874081134796e-02,-1.333233714103698730e-01,-1.091446399688720703e+00,-1.136546134948730469e+00,4.105961918830871582e-01,5.398941636085510254e-01,5.263574719429016113e-01,1.039952710270881653e-01,4.769773483276367188e-01,6.818982958793640137e-01,3.451020717620849609e-01,3.659262061119079590e-01,3.595877289772033691e-01
5.920862555503845215e-01,5.551087260246276855e-01,-1.015223503112792969e+00,1.372528076171875000e+00,2.021482586860656738e-01,1.066675662994384766e+00,7.509973049163818359e-01,1.444983929395675659e-01,-7.637467980384826660e-01,4.319009184837341309e-01,7.544767856597900391e-01,1.062499761581420898e+00,-6.124140694737434387e-02,4.605905413627624512e-01,-1.104989573359489441e-01,-7.641670759767293930e-03,7.365937232971191406e-01,1.500836730003356934e+00,1.160080313682556152e+00,4.903627187013626099e-02,-3.817192912101745605e-01,-2.192475497722625732e-01,-3.001242503523826599e-02,1.629396378993988037e-01,5.548598766326904297e-01,-2.697598934173583984e+00,-2.697598934173583984e+00,6.503254175186157227e-01,9.555367231369018555e-01,2.197513431310653687e-01,3.465848565101623535e-01,1.274383187294006348e+00,1.181404471397399902e+00,4.243142604827880859e-01,2.776016891002655029e-01,1.405129581689834595e-02,-1.374586820602416992e-01,1.962258368730545044e-01,-2.468527317047119141e+00,-2.697598934173583984e+00,-2.133365869522094727e+00,7.940984368324279785e-01,4.861272871494293213e-01,-1.862188577651977539e-01,5.365931391716003418e-01,8.688208460807800293e-01,4.631395637989044189e-01,6.582166068255901337e-03,7.215241193771362305e-01,-7.047375440597534180e-01,-2.117853164672851562e+00,-8.512980937957763672e-01,1.366639614105224609e+00,1.104323148727416992e+00,2.790274024009704590e-01,-1.496089696884155273e+00,5.485673248767852783e-02,-5.221990942955017090e-01,4.218737483024597168e-01,2.880771160125732422e-01,-2.002639323472976685e-02,1.271377921104431152e+00,2.692736387252807617e-01,4.418983459472656250e-01,3.462478518486022949e-01,3.029352128505706787e-01,-1.387876421213150024e-01,1.069766998291015625e+00,-2.037492990493774414e+00,-2.223582267761230469e+00,7.828601598739624023e-01,1.989355981349945068e-01,2.743440866470336914e-01,1.985972225666046143e-01,-9.721935987472534180e-01,-6.356022953987121582e-01,-1.262198686599731445e+00,-7.314292597584426403e-04,-5.515547394752502441e-01,-9.946006350219249725e-03,-5.502102375030517578e-01,-1.714898586273193359e+00,-4.102633893489837646e-01,8.757701516151428223e-01,-2.292691916227340698e-01,4.310523867607116699e-01,1.293669462203979492e+00,1.467030405998229980e+00,-8.718355894088745117e-01,4.537777602672576904e-01,1.904762238264083862e-01,-1.775237441062927246e+00,-1.884972453117370605e+00,5.552590489387512207e-01,1.354039549827575684e+00,4.745191931724548340e-01,-5.694536566734313965e-01,-1.192472726106643677e-01,-1.938194394111633301e+00,3.691667914390563965e-01,-2.096843719482421875e+00,2.818253040313720703e-01,7.720159292221069336e-01,1.073670625686645508e+00,1.052214384078979492e+00,1.853926628828048706e-01,-3.017072379589080811e-02,1.113262623548507690e-01,-1.371304035186767578e+00,-3.036546111106872559e-01,1.003368854522705078e+00,-2.259096354246139526e-01,1.458791941404342651e-01,3.417408168315887451e-01,7.626475691795349121e-01,1.231942892074584961e+00,9.258298873901367188e-01,-2.897287011146545410e-01,-1.465386033058166504e+00
3.020558059215545654e-01,5.572745203971862793e-01,8.335997462272644043e-01,8.665632009506225586e-01,-7.832088470458984375e-01,-5.686812400817871094e-01,1.916330009698867798e-01,1.782869547605514526e-01,1.668680012226104736e-01,3.909561336040496826e-01,8.696508407592773438e-01,4.657802283763885498e-01,-1.188329339027404785e+00,1.563636809587478638e-01,2.125837355852127075e-01,4.060475230216979980e-01,4.524893760681152344e-01,9.762580990791320801e-01,5.377689003944396973e-01,-8.059175014495849609e-01,-6.686098128557205200e-02,-1.767555773258209229e-01,3.345601558685302734e-01,6.199634075164794922e-01,2.994887530803680420e-01,-4.200090885162353516e+00,-4.200090885162353516e+00,5.153039097785949707e-01,2.684909999370574951e-01,5.192285776138305664e-01,8.090039491653442383e-01,9.569467306137084961e-01,5.598079562187194824e-01,4.913364350795745850e-01,3.721968233585357666e-01,5.103089213371276855e-01,5.972570180892944336e-01,8.499401211738586426e-01,-3.926465034484863281e+00,-1.205890417098999023e+00,-5.339343547821044922e-01,5.167894363403320312e-01,-3.137905895709991455e-01,1.732066720724105835e-01,8.194898366928100586e-01,8.259052634239196777e-01,-1.868802309036254883e-01,-5.200802683830261230e-01,2.759745419025421143e-01,-1.641858339309692383e+00,-4.118551611900329590e-01,2.761787176132202148e-01,9.144981503486633301e-01,1.172428727149963379e-01,-6.202159523963928223e-01,-2.775048971176147461e+00,9.010918438434600830e-02,5.406514406204223633e-01,7.695281505584716797e-01,9.237678647041320801e-01,-6.879088282585144043e-01,4.738577641546726227e-03,1.474687159061431885e-01,9.798540174961090088e-02,1.578446775674819946e-01,6.656926274299621582e-01,8.693995475769042969e-01,5.555703118443489075e-02,-8.224576115608215332e-01,4.962405934929847717e-02,4.093407094478607178e-01,4.938114881515502930e-01,1.225901767611503601e-01,9.074836373329162598e-01,3.855056166648864746e-01,-7.893685102462768555e-01,-6.885124444961547852e-01,-1.315963417291641235e-01,6.323353946208953857e-02,7.576020359992980957e-01,8.425844907760620117e-01,-1.482670009136199951e-01,-6.578714847564697266e-01,3.646526932716369629e-01,-3.574957847595214844e-01,3.953901529312133789e-01,7.506840229034423828e-01,9.417597651481628418e-01,9.558831453323364258e-01,-3.368941843509674072e-01,-1.738698780536651611e-01,-7.699256539344787598e-01,-2.600095987319946289e+00,7.089849114418029785e-01,8.515759110450744629e-01,-3.803457915782928467e-01,-1.138085842132568359e+00,7.330325432121753693e-03,-9.703972339630126953e-01,4.608256220817565918e-01,-3.240793943405151367e+00,-4.948943257331848145e-01,5.727442502975463867e-01,4.853675663471221924e-01,3.140025436878204346e-01,1.956334859132766724e-01,5.709625482559204102e-01,6.454671025276184082e-01,-1.017267227172851562e+00,-1.069905519485473633e+00,5.500558018684387207e-01,3.655008971691131592e-01,5.862864255905151367e-01,5.637527704238891602e-01,7.485904097557067871e-01,9.291376471519470215e-01,5.832077264785766602e-01,4.760552346706390381e-01,3.623897209763526917e-02
6.360547989606857300e-02,3.741713464260101318e-01,5.120164155960083008e-01,5.487555265426635742e-01,-6.733434796333312988e-01,8.818139135837554932e-02,2.035148739814758301e-01,2.253729999065399170e-01,2.675594389438629150e-01,4.906005561351776123e-01,4.967772066593170166e-01,7.480123639106750488e-02,3.661919832229614258e-01,3.166185915470123291e-01,2.739101052284240723e-01,3.579736948013305664e-01,1.614089906215667725e-01,5.442134737968444824e-01,3.143329024314880371e-01,-7.276172637939453125e-01,3.965452611446380615e-01,1.361745446920394897e-01,3.845458924770355225e-01,3.894868195056915283e-01,3.259353637695312500e-01,-4.086693763732910156e+00,-4.086693763732910156e+00,2.912160158157348633e-01,2.833617627620697021e-01,4.044034183025360107e-01,4.824608564376831055e-01,4.797078669071197510e-01,3.287313580513000488e-01,3.188690841197967529e-01,3.510055541992187500e-01,3.576514422893524170e-01,3.370529115200042725e-01,4.990570247173309326e-01,-3.830368518829345703e+00,-1.288695573806762695e+00,3.639786541461944580e-01,2.565572559833526611e-01,2.935779392719268799e-01,-1.123336851596832275e-01,4.610802233219146729e-01,5.414468050003051758e-01,2.920192182064056396e-01,3.539593145251274109e-02,-4.086693763732910156e+00,-2.908968925476074219e+00,-4.163005948066711426e-01,5.107865333557128906e-01,5.429347753524780273e-01,1.752658337354660034e-01,3.134276270866394043e-01,-2.755765676498413086e+00,3.115812316536903381e-02,3.717194795608520508e-01,4.962340295314788818e-01,5.511213541030883789e-01,3.147767484188079834e-01,2.933706939220428467e-01,-5.271423235535621643e-02,3.174104690551757812e-01,3.560755252838134766e-01,1.996693015098571777e-01,5.246805548667907715e-01,3.400405347347259521e-01,3.388732373714447021e-01,3.221069872379302979e-01,3.581715524196624756e-01,3.777885735034942627e-01,5.030085444450378418e-01,5.579589009284973145e-01,2.917712926864624023e-01,3.047111332416534424e-01,3.061228394508361816e-01,3.097126483917236328e-01,4.080597162246704102e-01,5.280728936195373535e-01,5.602425932884216309e-01,3.051682710647583008e-01,3.552523553371429443e-01,3.543118834495544434e-01,3.415050208568572998e-01,3.417298495769500732e-01,4.751599729061126709e-01,5.498113632202148438e-01,4.771210849285125732e-01,3.098241090774536133e-01,1.955593675374984741e-01,1.641150563955307007e-01,-2.568497896194458008e+00,5.040917992591857910e-01,5.578669905662536621e-01,-2.177998125553131104e-01,-8.824268579483032227e-01,3.255873322486877441e-01,-1.890314519405364990e-01,2.575290203094482422e-01,-3.213636159896850586e+00,-7.317448258399963379e-01,3.759936392307281494e-01,3.081445395946502686e-01,1.946376562118530273e-01,3.627233803272247314e-01,4.029819369316101074e-01,3.719114661216735840e-01,-1.231132984161376953e+00,-1.187208294868469238e+00,3.650227487087249756e-01,3.691698312759399414e-01,3.838811218738555908e-01,3.910314738750457764e-01,4.958758354187011719e-01,5.713171362876892090e-01,3.500768244266510010e-01,2.399571985006332397e-01,3.547694087028503418e-01
3.303097188472747803e-01,3.131903707981109619e-01,5.299113988876342773e-01,6.094468235969543457e-01,-6.723577380180358887e-01,8.603212982416152954e-02,2.081485986709594727e-01,2.170373797416687012e-01,2.007410973310470581e-01,4.910270273685455322e-01,5.971601009368896484e-01,3.037616610527038574e-01,3.768160343170166016e-01,3.589964807033538818e-01,2.703578472137451172e-01,3.184438943862915039e-01,4.172101616859436035e-02,6.416288018226623535e-01,3.617041409015655518e-01,-7.512234449386596680e-01,3.390420377254486084e-01,2.674891650676727295e-01,3.353678584098815918e-01,3.628580272197723389e-01,3.089606165885925293e-01,-4.038986682891845703e+00,-4.038986682891845703e+00,3.424514234066009521e-01,9.903924912214279175e-02,2.923831045627593994e-01,4.603083729743957520e-01,6.140962839126586914e-01,3.714548945426940918e-01,3.262745738029479980e-01,3.500771820545196533e-01,3.637661635875701904e-01,2.815654575824737549e-01,5.066220164299011230e-01,-3.779550313949584961e+00,-1.270586609840393066e+00,3.605017960071563721e-01,3.637871742248535156e-01,3.180134594440460205e-01,-1.843504905700683594e-01,5.107659101486206055e-01,5.963416099548339844e-01,3.027554452419281006e-01,3.126695156097412109e-01,-4.038986682891845703e+00,-2.911609649658203125e+00,-4.447389245033264160e-01,4.688480198383331299e-01,5.816453099250793457e-01,2.430016249418258667e-01,3.030920028686523438e-01,-2.718158483505249023e+00,1.795667558908462524e-01,3.031530380249023438e-01,4.736470878124237061e-01,5.524090528488159180e-01,-3.372646272182464600e-01,2.747944295406341553e-01,1.447862237691879272e-01,-6.733873486518859863e-02,3.425658941268920898e-01,4.644331932067871094e-01,5.661342740058898926e-01,3.270510733127593994e-01,3.065395355224609375e-01,2.937186062335968018e-01,3.252958357334136963e-01,3.238821029663085938e-01,4.798850715160369873e-01,6.100802421569824219e-01,2.763417065143585205e-01,3.269194364547729492e-01,3.268736302852630615e-01,1.861470043659210205e-01,3.090521991252899170e-01,5.047732591629028320e-01,5.858769416809082031e-01,3.165718913078308105e-01,3.227507174015045166e-01,3.455230891704559326e-01,3.040402233600616455e-01,2.856673896312713623e-01,4.618232250213623047e-01,6.119785308837890625e-01,5.550380945205688477e-01,3.397861123085021973e-01,3.125760257244110107e-01,2.415047138929367065e-01,-2.557458400726318359e+00,5.055783987045288086e-01,5.681967139244079590e-01,-2.289870977401733398e-01,-8.018965721130371094e-01,2.692005336284637451e-01,-1.246569678187370300e-01,2.711961865425109863e-01,-3.397935628890991211e+00,-6.992720961570739746e-01,3.151096999645233154e-01,3.237008452415466309e-01,2.711652815341949463e-01,3.150925338268280029e-01,3.158537745475769043e-01,3.516973555088043213e-01,-1.315452098846435547e+00,-1.189792037010192871e+00,3.410777449607849121e-01,3.189712166786193848e-01,3.183454573154449463e-01,3.211672008037567139e-01,4.542909264564514160e-01,6.167138814926147461e-01,2.913509607315063477e-01,2.568432390689849854e-01,3.232391476631164551e-01
4.197141230106353760e-01,3.416737318038940430e-01,4.968246221542358398e-01,6.091082692146301270e-01,-8.441938757896423340e-01,2.644907534122467041e-01,3.187363445758819580e-01,2.766897678375244141e-01,1.048468872904777527e-01,3.055397272109985352e-01,4.832174479961395264e-01,3.613131642341613770e-01,2.922544479370117188e-01,3.479372859001159668e-01,2.171624749898910522e-01,4.803644120693206787e-01,2.255275398492813110e-01,6.165258288383483887e-01,5.190324187278747559e-01,-8.332023024559020996e-01,3.322271406650543213e-01,2.940450310707092285e-01,3.405178189277648926e-01,2.426873147487640381e-01,1.620284914970397949e-01,-4.644598960876464844e+00,-4.644598960876464844e+00,3.508890271186828613e-01,2.843218743801116943e-01,1.851757168769836426e-01,4.961236417293548584e-01,3.964076340198516846e-01,4.815532267093658447e-01,2.982414066791534424e-01,3.276254534721374512e-01,3.223442435264587402e-01,3.001273870468139648e-01,-1.575644165277481079e-01,-4.349218368530273438e+00,-1.514936804771423340e+00,3.291156589984893799e-01,4.373531341552734375e-01,3.548851311206817627e-01,-1.305551081895828247e-01,4.502092599868774414e-01,6.185119152069091797e-01,-2.589117586612701416e-01,4.224894344806671143e-01,3.549423515796661377e-01,-8.020576834678649902e-01,-5.704815387725830078e-01,4.947359859943389893e-01,2.806934714317321777e-01,4.447826147079467773e-01,3.381044566631317139e-01,-3.152242183685302734e+00,2.979671955108642578e-01,3.170439600944519043e-01,4.581727981567382812e-01,5.300402641296386719e-01,4.045929014682769775e-01,4.860428273677825928e-01,2.493943423032760620e-01,1.221277862787246704e-01,3.201435506343841553e-01,4.415471255779266357e-01,6.499369740486145020e-01,3.944048285484313965e-01,4.043640196323394775e-01,2.587717771530151367e-01,3.989898264408111572e-01,2.662274539470672607e-01,4.527032375335693359e-01,6.159440279006958008e-01,3.743886649608612061e-01,3.904134929180145264e-01,5.667886510491371155e-02,2.206301987171173096e-01,2.324396073818206787e-01,4.447659254074096680e-01,4.718300402164459229e-01,3.692180812358856201e-01,3.148957192897796631e-01,2.109761834144592285e-01,3.432163596153259277e-01,2.284101545810699463e-01,4.908066689968109131e-01,3.850059211254119873e-01,5.696505308151245117e-01,3.859072029590606689e-01,3.333358466625213623e-01,-6.852939128875732422e-01,-2.979120969772338867e+00,4.287386834621429443e-01,6.142178177833557129e-01,-2.345557063817977905e-01,-9.530308246612548828e-01,-8.384437114000320435e-02,-2.431420385837554932e-01,3.416451215744018555e-01,-3.659000396728515625e+00,-8.374105691909790039e-01,3.894407153129577637e-01,2.434812784194946289e-01,2.333523184061050415e-01,3.482419848442077637e-01,2.669260501861572266e-01,2.094039767980575562e-01,-1.464690208435058594e+00,-1.391704440116882324e+00,3.524579107761383057e-01,2.505864799022674561e-01,1.733639091253280640e-01,2.199864387512207031e-01,3.695461452007293701e-01,4.743860065937042236e-01,2.497043013572692871e-01,1.895628124475479126e-01,1.672315001487731934e-01
3.276498317718505859e-01,-5.991638898849487305e-01,-8.891988396644592285e-01,-2.914278805255889893e-01,2.126903980970382690e-01,1.046317577362060547e+00,1.151205822825431824e-01,-1.100643277168273926e+00,-2.667505443096160889e-01,-1.033143281936645508e+00,7.567989826202392578e-01,1.213985562324523926e+00,2.364985197782516479e-01,8.955020904541015625e-01,-1.930871963500976562e+00,8.155215382575988770e-01,-3.574890196323394775e-01,6.332380771636962891e-01,8.134437799453735352e-01,3.245019167661666870e-02,4.424455165863037109e-01,-1.121436119079589844e+00,6.927162408828735352e-01,-8.537061214447021484e-01,1.659990698099136353e-01,-2.732169389724731445e+00,-2.732169389724731445e+00,7.045248746871948242e-01,-1.043704390525817871e+00,-9.857882857322692871e-01,-1.001865983009338379e+00,9.126231074333190918e-01,1.184960484504699707e+00,-1.842041909694671631e-01,5.506621003150939941e-01,4.969418942928314209e-01,3.459675312042236328e-01,-3.991236388683319092e-01,-2.697199344635009766e+00,-7.649011015892028809e-01,-1.977839469909667969e-01,1.284065246582031250e+00,2.487143874168395996e-01,-9.743493199348449707e-01,-9.337284564971923828e-01,2.984331250190734863e-01,5.189889669418334961e-01,-5.530856847763061523e-01,5.504617691040039062e-01,-7.110175490379333496e-01,-1.688037753105163574e+00,-1.022637963294982910e+00,-2.534094154834747314e-01,1.192250251770019531e+00,7.822984457015991211e-01,-1.526026368141174316e+00,9.106756448745727539e-01,9.387093037366867065e-02,4.593993127346038818e-01,8.406012058258056641e-01,7.159917354583740234e-01,1.315037727355957031e+00,1.146046638488769531e+00,1.153984427452087402e+00,-3.133913576602935791e-01,-1.050057053565979004e+00,6.849485039710998535e-01,1.210627198219299316e+00,1.079334020614624023e+00,-1.083954498171806335e-01,3.827596902847290039e-01,-1.378617286682128906e+00,-7.165915966033935547e-01,6.818280816078186035e-01,1.221752643585205078e+00,8.051520586013793945e-01,2.925141751766204834e-01,-1.971414871513843536e-02,-2.151381969451904297e+00,-5.121969059109687805e-02,9.527370333671569824e-01,8.520987629890441895e-01,7.278975248336791992e-01,2.812508307397365570e-02,4.714026749134063721e-01,-6.943790316581726074e-01,4.486518800258636475e-01,1.511472225189208984e+00,1.457013845443725586e+00,9.081116318702697754e-01,6.814187169075012207e-01,5.109961628913879395e-01,-1.761270165443420410e+00,-3.326514363288879395e-01,1.238039255142211914e+00,1.503952294588088989e-01,-1.699409842491149902e+00,-1.083013534545898438e+00,-1.805322527885437012e+00,7.077665328979492188e-01,-2.048552989959716797e+00,3.177402317523956299e-01,2.649017572402954102e-01,9.938943982124328613e-01,-1.106084227561950684e+00,9.565747976303100586e-01,3.963934779167175293e-01,-2.670926749706268311e-01,-1.789608955383300781e+00,-7.178143858909606934e-01,1.475123912096023560e-01,4.919917881488800049e-01,6.746497154235839844e-01,-6.472191214561462402e-01,-8.518927693367004395e-01,1.398672819137573242e+00,9.104039072990417480e-01,1.031088948249816895e+00,7.429683804512023926e-01
2.569254040718078613e-01,2.590517401695251465e-01,4.332322776317596436e-01,4.849522411823272705e-01,-9.455341696739196777e-01,-1.370428409427404404e-02,1.221848651766777039e-01,1.012030839920043945e-01,1.177803352475166321e-01,4.691851735115051270e-01,3.568792343139648438e-01,1.495460867881774902e-01,2.192187756299972534e-01,2.567260861396789551e-01,1.931361854076385498e-01,2.749815881252288818e-01,1.155889853835105896e-01,4.227786362171173096e-01,1.947371065616607666e-01,-9.415923953056335449e-01,2.217651456594467163e-01,1.758118718862533569e-01,2.676832973957061768e-01,2.471576184034347534e-01,-2.870672941207885742e-02,-4.678702831268310547e+00,-4.678702831268310547e+00,2.036557942628860474e-01,2.242782860994338989e-01,2.436121702194213867e-01,4.104383587837219238e-01,4.109509587287902832e-01,2.623147964477539062e-01,2.602762877941131592e-01,3.111229240894317627e-01,2.782717049121856689e-01,2.292784601449966431e-01,4.600842297077178955e-01,-4.390918254852294922e+00,-1.582334756851196289e+00,2.388469278812408447e-01,2.497728019952774048e-01,2.567711770534515381e-01,-7.932556420564651489e-02,4.531712830066680908e-01,4.543887078762054443e-01,1.989475041627883911e-01,2.838723063468933105e-01,2.090024501085281372e-01,-7.826972007751464844e-01,-4.915308952331542969e-01,4.819454848766326904e-01,4.940342009067535400e-01,2.078752219676971436e-01,2.844442129135131836e-01,-3.154081583023071289e+00,2.123248279094696045e-01,2.981419265270233154e-01,5.397335290908813477e-01,5.032134652137756348e-01,2.234263271093368530e-01,2.596568763256072998e-01,7.892177999019622803e-02,2.971902787685394287e-01,3.841536045074462891e-01,5.674540400505065918e-01,5.397168993949890137e-01,3.029831051826477051e-01,3.826442956924438477e-01,2.859131693840026855e-01,3.604365289211273193e-01,3.276090621948242188e-01,5.379845499992370605e-01,5.900913476943969727e-01,2.302823066711425781e-01,3.644044101238250732e-01,2.184213995933532715e-01,3.435208797454833984e-01,3.588773906230926514e-01,5.681707262992858887e-01,5.905564427375793457e-01,3.325760066509246826e-01,3.440667092800140381e-01,3.179741501808166504e-01,2.621201872825622559e-01,3.067777156829833984e-01,5.600854754447937012e-01,5.578001737594604492e-01,5.143623948097229004e-01,3.671501278877258301e-01,3.870298266410827637e-01,2.952281832695007324e-01,-2.954669952392578125e+00,5.256181955337524414e-01,5.499522089958190918e-01,-2.738912701606750488e-01,-9.800944924354553223e-01,4.075028002262115479e-01,-1.093575060367584229e-01,4.014062285423278809e-01,-3.659508228302001953e+00,-9.313428401947021484e-01,3.209310770034790039e-01,3.486563265323638916e-01,3.298397958278656006e-01,3.165464699268341064e-01,2.542936205863952637e-01,3.887992203235626221e-01,-1.433651089668273926e+00,-1.375457286834716797e+00,3.628381490707397461e-01,3.752045333385467529e-01,3.773165941238403320e-01,3.603012859821319580e-01,5.316032171249389648e-01,5.710066556930541992e-01,3.047226071357727051e-01,3.150148689746856689e-01,3.853686451911926270e-01
4.184889793395996094e-01,4.147507846355438232e-01,5.559508204460144043e-01,6.694163680076599121e-01,-8.251484632492065430e-01,1.261652708053588867e-01,2.705088853836059570e-01,2.533796131610870361e-01,2.528314888477325439e-01,1.757313460111618042e-01,1.885542720556259155e-01,3.353051245212554932e-01,2.725444734096527100e-01,3.736369907855987549e-01,2.661499679088592529e-01,3.420530259609222412e-01,1.713367700576782227e-01,6.675863862037658691e-01,4.255828857421875000e-01,-7.913849949836730957e-01,4.147377312183380127e-01,3.624049723148345947e-01,3.014034628868103027e-01,3.286567628383636475e-01,2.284596711397171021e-01,-4.638827323913574219e+00,-4.638827323913574219e+00,4.116319715976715088e-01,2.899510562419891357e-01,1.344023793935775757e-01,4.720997214317321777e-01,5.185904502868652344e-01,4.095107614994049072e-01,2.824507355690002441e-01,3.375110924243927002e-01,4.083306193351745605e-01,3.669864535331726074e-01,-2.445630580186843872e-01,-4.348748683929443359e+00,-1.527371287345886230e+00,3.551719486713409424e-01,4.464147388935089111e-01,3.251358866691589355e-01,-1.296000480651855469e-01,4.846813976764678955e-01,5.831267237663269043e-01,-2.686649560928344727e-01,4.067092835903167725e-01,3.674080967903137207e-01,-8.035168051719665527e-01,-5.007826089859008789e-01,5.461597442626953125e-01,-3.576873838901519775e-01,3.321146070957183838e-01,2.923548221588134766e-01,-3.117330074310302734e+00,1.744925081729888916e-01,3.713353872299194336e-01,4.846861660480499268e-01,5.775607228279113770e-01,3.498102426528930664e-01,3.504122793674468994e-01,1.581226289272308350e-01,2.059239149093627930e-01,3.652781844139099121e-01,5.248519182205200195e-01,6.603968739509582520e-01,3.554653823375701904e-01,3.926996886730194092e-01,3.831368088722229004e-01,3.388607501983642578e-01,3.243078291416168213e-01,4.639517068862915039e-01,6.478021144866943359e-01,3.513902723789215088e-01,4.203950464725494385e-01,-1.403713077306747437e-01,2.465399950742721558e-01,3.151665925979614258e-01,4.958547353744506836e-01,6.048844456672668457e-01,3.495481312274932861e-01,1.366757303476333618e-01,1.980323791503906250e-01,3.713853657245635986e-01,2.240259796380996704e-01,5.023357272148132324e-01,4.530652761459350586e-01,5.516322851181030273e-01,3.774360418319702148e-01,3.760211765766143799e-01,-7.902657389640808105e-01,-2.979916095733642578e+00,3.900177478790283203e-01,6.542766094207763672e-01,-2.794153392314910889e-01,-9.364427924156188965e-01,-1.069947332143783569e-01,-1.021885275840759277e-01,3.663539886474609375e-01,-3.647814750671386719e+00,-8.075375556945800781e-01,3.985743224620819092e-01,2.450403720140457153e-01,1.781011968851089478e-01,3.832324445247650146e-01,2.831331789493560791e-01,2.788715958595275879e-01,-1.406764030456542969e+00,-1.349810600280761719e+00,4.026863574981689453e-01,3.149753212928771973e-01,2.365946173667907715e-01,3.038063347339630127e-01,4.605199396610260010e-01,1.379254311323165894e-01,3.018285632133483887e-01,3.412297368049621582e-01,3.729436695575714111e-01
4.174492955207824707e-01,3.997388780117034912e-01,6.534455418586730957e-01,6.697897315025329590e-01,-2.936821579933166504e-01,3.738300502300262451e-01,1.990210115909576416e-01,4.727169275283813477e-01,9.396801143884658813e-02,2.897563157603144646e-03,7.120745182037353516e-01,5.274291634559631348e-01,4.097164571285247803e-01,4.980788826942443848e-01,-7.303761839866638184e-01,3.727374672889709473e-01,1.863295882940292358e-01,7.326586246490478516e-01,4.048809409141540527e-01,-3.516396284103393555e-01,5.885834693908691406e-01,5.780369639396667480e-01,2.765284478664398193e-01,-8.991760760545730591e-02,-5.625486969947814941e-01,-3.668817758560180664e+00,-3.668817758560180664e+00,7.172045707702636719e-01,6.943660378456115723e-01,1.512203216552734375e-01,1.193737015128135681e-01,9.025330543518066406e-01,8.256653547286987305e-01,4.089211225509643555e-01,8.558632135391235352e-01,5.134864449501037598e-01,-4.146284759044647217e-01,-6.007484197616577148e-01,-3.447665929794311523e+00,-9.980967044830322266e-01,5.078896284103393555e-01,3.039377927780151367e-01,3.297815918922424316e-01,-1.030401945114135742e+00,3.367035984992980957e-01,5.180290341377258301e-01,6.534227132797241211e-01,7.457962632179260254e-01,6.886805891990661621e-01,-4.957356452941894531e-01,-8.192231059074401855e-01,-1.079018473625183105e+00,3.021961450576782227e-01,5.555835366249084473e-01,6.233900785446166992e-01,-2.348581314086914062e+00,6.539854407310485840e-01,-1.071016669273376465e+00,-7.085481286048889160e-01,6.330453157424926758e-01,7.780198454856872559e-01,8.122548460960388184e-01,6.830222606658935547e-01,6.413199305534362793e-01,3.658046424388885498e-01,1.490317843854427338e-02,1.033234357833862305e+00,3.518886566162109375e-01,6.576482653617858887e-01,6.395067572593688965e-01,6.899268031120300293e-01,1.299047470092773438e-01,-1.951118826866149902e+00,-4.775681793689727783e-01,5.922169089317321777e-01,6.243836283683776855e-01,6.674966216087341309e-01,4.679042100906372070e-01,-2.836310267448425293e-01,-7.833405733108520508e-01,-5.997053980827331543e-01,6.850599646568298340e-01,5.629563927650451660e-01,-6.340037286281585693e-02,4.112297594547271729e-01,-3.337627947330474854e-01,-7.803720831871032715e-01,1.044752359390258789e+00,3.343156278133392334e-01,7.543302774429321289e-01,5.439687967300415039e-01,-1.768755018711090088e-01,-2.882026195526123047e+00,-4.712952077388763428e-01,1.067281246185302734e+00,3.000965416431427002e-01,-4.360775649547576904e-01,5.970748662948608398e-01,2.312365733087062836e-02,-3.617836534976959229e-01,-3.208565711975097656e+00,-2.099118381738662720e-01,8.742219209671020508e-01,7.478455901145935059e-01,6.805058121681213379e-01,5.745862126350402832e-01,2.470852732658386230e-01,-6.769929528236389160e-01,-2.516698598861694336e+00,-2.438760995864868164e+00,8.409529924392700195e-01,7.118055224418640137e-01,7.381137609481811523e-01,-3.462773561477661133e-01,-1.004325985908508301e+00,-4.846863746643066406e-01,8.463261127471923828e-01,7.524667382240295410e-01,-2.318799495697021484e-01
3.524885773658752441e-01,-7.539639472961425781e-01,-6.938828229904174805e-01,-7.565743476152420044e-02,2.003806233406066895e-01,1.038156270980834961e+00,1.191703826189041138e-01,-1.095411300659179688e+00,-4.249524772167205811e-01,-8.176388144493103027e-01,6.251217126846313477e-01,1.302080512046813965e+00,3.059550225734710693e-01,9.602734446525573730e-01,-1.556935667991638184e+00,2.127546221017837524e-01,-2.959423065185546875e-01,8.594617247581481934e-01,7.568686008453369141e-01,-2.874002978205680847e-02,4.678471945226192474e-03,-1.052629232406616211e+00,7.555407285690307617e-01,-6.002932190895080566e-01,2.657230794429779053e-01,-2.843416690826416016e+00,-2.843416690826416016e+00,7.033055424690246582e-01,-1.063890814781188965e+00,-9.389903545379638672e-01,-7.416248321533203125e-01,8.316464424133300781e-01,1.142434000968933105e+00,1.678542345762252808e-01,4.638900756835937500e-01,3.589732348918914795e-01,1.519988775253295898e-01,-2.458350062370300293e-01,-2.776453495025634766e+00,-8.300448060035705566e-01,-5.036363601684570312e-01,1.353991508483886719e+00,-1.984738372266292572e-02,-8.336753845214843750e-01,-6.375111937522888184e-01,2.344513237476348877e-01,7.593046426773071289e-01,-4.586631357669830322e-01,5.350632071495056152e-01,-1.037907719612121582e+00,-1.520568251609802246e+00,-7.310439348220825195e-01,-9.874738752841949463e-02,1.253698706626892090e+00,9.262844920158386230e-01,-1.550521373748779297e+00,7.038190960884094238e-01,2.658474743366241455e-01,2.438803017139434814e-01,5.211804509162902832e-01,7.125535607337951660e-01,1.406867623329162598e+00,1.211565256118774414e+00,1.246771574020385742e+00,-6.106342077255249023e-01,-1.150677919387817383e+00,7.784025073051452637e-01,1.410217404365539551e+00,1.177514195442199707e+00,1.945511810481548309e-02,2.108335644006729126e-01,-1.373372197151184082e+00,-4.779234230518341064e-01,5.967466235160827637e-01,1.380582451820373535e+00,9.650876522064208984e-01,3.396862745285034180e-01,-1.666186749935150146e-01,-1.913479566574096680e+00,-1.307015568017959595e-01,1.142951130867004395e+00,8.815422654151916504e-01,6.615399718284606934e-01,-2.489259093999862671e-02,4.159739315509796143e-01,-8.938536047935485840e-01,2.393810153007507324e-01,1.541582942008972168e+00,1.597174406051635742e+00,1.156641960144042969e+00,6.337815523147583008e-01,6.082491278648376465e-01,-1.831858754158020020e+00,-3.564265072345733643e-01,1.276669621467590332e+00,2.276053838431835175e-02,-1.702664852142333984e+00,-1.330547451972961426e+00,-1.737585663795471191e+00,2.059909552335739136e-01,-2.386333942413330078e+00,3.732682764530181885e-01,3.156882226467132568e-01,8.479300737380981445e-01,-9.621883630752563477e-01,9.271225929260253906e-01,2.356597632169723511e-01,-1.166631206870079041e-01,-1.770065188407897949e+00,-6.538570523262023926e-01,1.450006365776062012e-01,2.368202060461044312e-01,4.202478826045989990e-01,-6.605904698371887207e-01,-5.778608322143554688e-01,1.297667860984802246e+00,1.109129309654235840e+00,1.134710788726806641e+00,6.405913829803466797e-01
7.370545715093612671e-02,-7.745210528373718262e-01,-2.770975232124328613e-01,2.499247193336486816e-01,4.784014225006103516e-01,9.983220696449279785e-01,-1.004923284053802490e-01,-9.922114014625549316e-01,-8.419390320777893066e-01,-4.694315791130065918e-01,7.577553391456604004e-01,1.516460657119750977e+00,-2.797395288944244385e-01,7.257071137428283691e-01,-8.580327033996582031e-01,-6.854101419448852539e-01,2.245110720396041870e-01,1.763222336769104004e+00,9.577945470809936523e-01,-8.148117661476135254e-01,-3.456843793392181396e-01,-8.388969898223876953e-01,7.565872073173522949e-01,-1.601194776594638824e-02,7.934262156486511230e-01,-2.240190267562866211e+00,-2.240190267562866211e+00,5.516142025589942932e-02,-8.502143621444702148e-01,-4.983938038349151611e-01,-1.646251380443572998e-01,1.147237539291381836e+00,1.198862195014953613e+00,4.207174777984619141e-01,-2.847682237625122070e-01,-1.962053179740905762e-01,6.228819116950035095e-02,3.148506581783294678e-02,-2.188593387603759766e+00,-8.035536408424377441e-01,-7.517124414443969727e-01,1.629134654998779297e+00,-6.204000115394592285e-01,-8.973469138145446777e-01,-1.353274844586849213e-02,5.003441572189331055e-01,1.287128806114196777e+00,-8.432559370994567871e-01,-5.110001564025878906e-02,-1.087118506431579590e+00,-1.248592019081115723e+00,-4.862161278724670410e-01,1.167343631386756897e-01,1.523000836372375488e+00,1.354428291320800781e+00,-8.971729874610900879e-01,2.078578919172286987e-01,-4.208374321460723877e-01,1.663856953382492065e-01,7.097569704055786133e-01,7.334851026535034180e-01,2.142538070678710938e+00,1.839172840118408203e+00,4.872395694255828857e-01,-6.695732474327087402e-01,-6.854031085968017578e-01,7.902406454086303711e-01,1.887713313102722168e+00,9.626981616020202637e-01,-4.469504058361053467e-01,-1.317387521266937256e-01,-8.495187163352966309e-01,-3.892183899879455566e-01,5.292879343032836914e-01,1.997184753417968750e+00,1.219548702239990234e+00,7.996635884046554565e-02,-5.740500688552856445e-01,-1.270851254463195801e+00,-1.620071828365325928e-01,1.410935521125793457e+00,8.255255818367004395e-01,-1.586029082536697388e-01,-4.163989126682281494e-01,-7.028019428253173828e-01,-8.623051047325134277e-01,2.576509416103363037e-01,1.481463193893432617e+00,2.392291307449340820e+00,1.403840184211730957e+00,1.486438810825347900e-01,-1.367743033915758133e-02,-1.570734381675720215e+00,2.975327372550964355e-01,1.616146564483642578e+00,3.762658238410949707e-01,-1.284740328788757324e+00,-8.320810794830322266e-01,-1.149996161460876465e+00,-2.884481847286224365e-01,-1.941622614860534668e+00,9.848814606666564941e-01,5.655471086502075195e-01,1.832805126905441284e-01,-7.545198798179626465e-01,7.885802984237670898e-01,-6.380430459976196289e-01,4.340076446533203125e-02,-1.458219408988952637e+00,-7.227983474731445312e-01,2.178116887807846069e-01,2.378266006708145142e-01,-4.821180403232574463e-01,-3.352662026882171631e-01,-2.770383059978485107e-01,1.221023321151733398e+00,7.340660691261291504e-01,-2.174916982650756836e+00,-2.240190267562866211e+00
4.116313457489013672e-01,4.029474556446075439e-01,4.868157505989074707e-01,5.975213646888732910e-01,-5.915403366088867188e-01,1.697433590888977051e-01,2.861484587192535400e-01,2.459639459848403931e-01,2.750235795974731445e-01,1.226841509342193604e-01,-8.931908756494522095e-02,3.352358937263488770e-01,3.438926339149475098e-01,3.627104461193084717e-01,3.502742350101470947e-01,3.696630001068115234e-01,2.317967265844345093e-01,6.156331896781921387e-01,4.260559976100921631e-01,-6.333124637603759766e-01,4.009633958339691162e-01,3.703606724739074707e-01,3.697926104068756104e-01,3.109474182128906250e-01,3.569936156272888184e-01,-3.938291788101196289e+00,-3.938291788101196289e+00,3.925438225269317627e-01,3.424516618251800537e-01,3.876723647117614746e-01,4.763632118701934814e-01,4.016440510749816895e-01,4.207334220409393311e-01,3.765409588813781738e-01,3.726633489131927490e-01,4.209796190261840820e-01,3.098377287387847900e-01,1.380859762430191040e-01,-3.689617872238159180e+00,-1.243627071380615234e+00,3.500131964683532715e-01,4.314719736576080322e-01,2.983461022377014160e-01,1.584165915846824646e-02,4.287098646163940430e-01,5.434122085571289062e-01,1.918668672442436218e-02,3.980705738067626953e-01,3.537387251853942871e-01,-6.059881448745727539e-01,-3.754332065582275391e-01,5.046849846839904785e-01,9.040113538503646851e-02,3.727665543556213379e-01,1.680116504430770874e-01,-2.609561920166015625e+00,2.311866581439971924e-01,2.798323929309844971e-01,4.128717482089996338e-01,5.466870069503784180e-01,3.619646131992340088e-01,3.852936625480651855e-01,1.971733868122100830e-01,3.439559936523437500e-01,3.629439771175384521e-01,4.579707980155944824e-01,5.920434594154357910e-01,3.688092827796936035e-01,4.004076421260833740e-01,3.933421373367309570e-01,3.724551796913146973e-01,3.622470200061798096e-01,3.841187953948974609e-01,5.929232835769653320e-01,3.253843784332275391e-01,4.060375988483428955e-01,1.077747195959091187e-01,3.028229176998138428e-01,3.505852222442626953e-01,4.347811639308929443e-01,5.871430635452270508e-01,3.671264350414276123e-01,3.427612185478210449e-01,2.930311262607574463e-01,3.785304725170135498e-01,3.192493617534637451e-01,4.782495200634002686e-01,5.833541154861450195e-01,5.925159454345703125e-01,3.626977801322937012e-01,3.723302781581878662e-01,-3.929103314876556396e-01,-2.489660024642944336e+00,3.969138264656066895e-01,5.805428028106689453e-01,-1.474633365869522095e-01,-7.553207278251647949e-01,1.525772362947463989e-01,-6.099731847643852234e-02,3.763002157211303711e-01,-3.130028963088989258e+00,-6.780552268028259277e-01,4.019735455513000488e-01,3.833113908767700195e-01,3.908102810382843018e-01,4.041650593280792236e-01,3.055745363235473633e-01,1.943468302488327026e-01,-1.198886156082153320e+00,-1.141266822814941406e+00,3.847415149211883545e-01,3.743052780628204346e-01,2.969014942646026611e-01,3.537767529487609863e-01,4.362438619136810303e-01,2.128286510705947876e-01,3.694030344486236572e-01,-3.874425172805786133e+00,-3.938291788101196289e+00
3.968840241432189941e-01,4.007704257965087891e-01,4.960365295410156250e-01,5.520859360694885254e-01,-7.849359512329101562e-01,1.210743933916091919e-01,2.715656459331512451e-01,2.493867874145507812e-01,2.384813874959945679e-01,1.139819324016571045e-01,-4.666383937001228333e-02,3.236635029315948486e-01,3.018180131912231445e-01,3.724641203880310059e-01,3.018935024738311768e-01,3.699623048305511475e-01,2.611346840858459473e-01,5.452558994293212891e-01,4.151583313941955566e-01,-8.565969467163085938e-01,3.939568400382995605e-01,3.666964173316955566e-01,3.498553931713104248e-01,2.597938179969787598e-01,3.519161641597747803e-01,-4.654763221740722656e+00,-4.654763221740722656e+00,3.958897292613983154e-01,2.911015450954437256e-01,2.892243862152099609e-01,4.383883774280548096e-01,4.746675491333007812e-01,3.777676820755004883e-01,3.635278940200805664e-01,3.647986054420471191e-01,4.025754034519195557e-01,3.778976500034332275e-01,-1.055043041706085205e-01,-4.369026660919189453e+00,-1.519921898841857910e+00,3.751973807811737061e-01,4.092033207416534424e-01,3.542946279048919678e-01,9.022213518619537354e-02,4.770625233650207520e-01,5.647456049919128418e-01,-1.123558282852172852e-01,4.064370393753051758e-01,3.671585023403167725e-01,-7.943115234375000000e-01,-4.963589608669281006e-01,4.946234822273254395e-01,-2.356716096401214600e-01,3.420413434505462646e-01,3.920190036296844482e-02,-3.123008966445922852e+00,2.596329152584075928e-01,3.626140654087066650e-01,4.610227048397064209e-01,5.160419344902038574e-01,3.355887830257415771e-01,3.380868732929229736e-01,1.209295839071273804e-01,3.441557586193084717e-01,3.572011590003967285e-01,4.663790762424468994e-01,5.780055522918701172e-01,3.651080131530761719e-01,3.961558341979980469e-01,3.916732966899871826e-01,3.281439840793609619e-01,3.470086753368377686e-01,4.595716893672943115e-01,5.418109297752380371e-01,3.214253187179565430e-01,3.955328762531280518e-01,-2.464808970689773560e-01,2.630696296691894531e-01,3.589174449443817139e-01,4.670701026916503906e-01,5.424484014511108398e-01,3.558219373226165771e-01,9.180639684200286865e-02,2.193807214498519897e-01,3.668531775474548340e-01,3.576694130897521973e-01,4.690195024013519287e-01,4.824939668178558350e-01,5.522303581237792969e-01,3.383426666259765625e-01,3.566462695598602295e-01,-6.882609128952026367e-01,-2.953938484191894531e+00,3.722413182258605957e-01,5.518858432769775391e-01,-2.830777466297149658e-01,-9.336366057395935059e-01,-4.459274932742118835e-02,-9.872374683618545532e-02,3.485124707221984863e-01,-3.688677072525024414e+00,-8.806785345077514648e-01,3.805380761623382568e-01,3.162063360214233398e-01,3.876305222511291504e-01,3.556994199752807617e-01,3.108408749103546143e-01,2.775045633316040039e-01,-1.464053988456726074e+00,-1.365413069725036621e+00,3.764866590499877930e-01,3.648006618022918701e-01,2.879495322704315186e-01,3.626965582370758057e-01,4.688297212123870850e-01,7.507882267236709595e-02,3.588473200798034668e-01,3.593733310699462891e-01,3.885728418827056885e-01
4.192870259284973145e-01,-8.842224478721618652e-01,-6.375377774238586426e-01,-2.749821357429027557e-02,3.750211894512176514e-01,1.100908160209655762e+00,2.005430012941360474e-01,-1.221709609031677246e+00,-1.014871358871459961e+00,-7.357804179191589355e-01,5.803241133689880371e-01,1.520638704299926758e+00,1.448476314544677734e-01,1.214040994644165039e+00,-1.039029002189636230e+00,-7.197726964950561523e-01,-2.939967252314090729e-02,1.404554367065429688e+00,8.786575794219970703e-01,-3.994543254375457764e-01,-2.917681634426116943e-01,-1.120908141136169434e+00,1.002351403236389160e+00,-4.686716794967651367e-01,4.845849871635437012e-01,-2.392568588256835938e+00,-2.392568588256835938e+00,6.098293066024780273e-01,-1.188791513442993164e+00,-5.938035249710083008e-01,-5.172098875045776367e-01,8.429509997367858887e-01,1.107333064079284668e+00,4.593569338321685791e-01,5.912591144442558289e-02,4.938135296106338501e-02,-2.176730036735534668e-01,-1.203750744462013245e-01,-2.345950126647949219e+00,-7.021659016609191895e-01,-9.536260366439819336e-01,1.653667092323303223e+00,-5.583432912826538086e-01,-8.684513568878173828e-01,-4.195914864540100098e-01,1.427988559007644653e-01,1.052132964134216309e+00,-5.136778354644775391e-01,5.963569879531860352e-01,-1.239281177520751953e+00,-1.367980360984802246e+00,-6.428955197334289551e-01,-4.435696825385093689e-02,1.454416155815124512e+00,1.230666160583496094e+00,-1.110231280326843262e+00,5.311533212661743164e-01,-1.542446017265319824e-01,-1.295570749789476395e-02,5.180031657218933105e-01,8.628968596458435059e-01,1.841901779174804688e+00,1.606328606605529785e+00,1.055752992630004883e+00,-8.839758038520812988e-01,-1.104046344757080078e+00,9.388042092323303223e-01,1.833095908164978027e+00,1.370364308357238770e+00,-6.649927049875259399e-02,1.704616248607635498e-01,-1.239197254180908203e+00,-4.545332193374633789e-01,3.724002242088317871e-01,1.784623026847839355e+00,1.190091490745544434e+00,2.254012525081634521e-01,-6.642088890075683594e-01,-1.626788258552551270e+00,-4.602752029895782471e-01,1.370357632637023926e+00,8.200771212577819824e-01,2.047825306653976440e-01,-3.200501203536987305e-01,-3.850104808807373047e-01,-1.001773238182067871e+00,1.098303794860839844e-01,1.381299614906311035e+00,1.887436509132385254e+00,1.400309205055236816e+00,5.269500017166137695e-01,3.917712271213531494e-01,-1.523921251296997070e+00,-2.196546792984008789e-01,1.539747238159179688e+00,1.814606189727783203e-01,-1.579365253448486328e+00,-1.261614799499511719e+00,-1.508312821388244629e+00,-2.875061631202697754e-01,-2.149313688278198242e+00,7.059996128082275391e-01,4.065029919147491455e-01,5.242166519165039062e-01,-1.079766631126403809e+00,7.899259328842163086e-01,-4.572397768497467041e-01,-1.173262298107147217e-01,-1.714537024497985840e+00,-4.674568474292755127e-01,2.208504080772399902e-02,7.770927250385284424e-02,-1.986332386732101440e-01,-5.756900310516357422e-01,-5.028214454650878906e-01,1.029952406883239746e+00,1.289502024650573730e+00,8.990014195442199707e-01,3.529124557971954346e-01
2.098264545202255249e-01,8.945544064044952393e-02,-8.768811821937561035e-02,1.013126492500305176e+00,-6.850436925888061523e-01,4.370537996292114258e-01,-3.280376270413398743e-02,3.789294064044952393e-01,-5.293857306241989136e-02,-6.180695891380310059e-01,1.051755666732788086e+00,7.230895757675170898e-01,3.897927999496459961e-01,6.496103405952453613e-01,-2.069324404001235962e-01,4.714167714118957520e-01,1.799702793359756470e-01,1.069392561912536621e+00,7.283154726028442383e-01,-6.662749052047729492e-01,-8.703034371137619019e-02,5.350019335746765137e-01,1.784279346466064453e-01,7.743981480598449707e-01,5.434460639953613281e-01,-3.811193466186523438e+00,-3.811193466186523438e+00,7.147241234779357910e-01,5.293644070625305176e-01,-2.035898864269256592e-01,8.843173980712890625e-01,1.001494407653808594e+00,4.730257093906402588e-01,3.404918611049652100e-01,7.212333083152770996e-01,4.482037127017974854e-01,-4.976178407669067383e-01,8.958457410335540771e-02,-3.544079780578613281e+00,-1.094668745994567871e+00,6.976501941680908203e-01,4.635040760040283203e-01,5.865727663040161133e-01,1.823047846555709839e-01,8.133825063705444336e-01,1.017817735671997070e+00,6.305695176124572754e-01,4.548743069171905518e-01,6.161888837814331055e-01,-5.369835495948791504e-01,-6.258478760719299316e-01,-7.467919588088989258e-01,2.051816731691360474e-01,6.992260217666625977e-01,6.792142987251281738e-01,-2.517287254333496094e+00,1.635343432426452637e-01,-7.432750463485717773e-01,-4.208444654941558838e-01,9.998317360877990723e-01,5.680561661720275879e-01,7.434625029563903809e-01,2.211498916149139404e-01,5.811148881912231445e-01,-5.065442323684692383e-01,6.141771674156188965e-01,1.021726012229919434e+00,5.448221564292907715e-01,6.081240177154541016e-01,3.554512262344360352e-01,7.156038284301757812e-01,3.123083710670471191e-01,-1.373253107070922852e+00,1.571740955114364624e-01,4.067839980125427246e-01,6.693093180656433105e-01,4.971115887165069580e-01,3.139447569847106934e-01,5.614896118640899658e-02,-7.222746610641479492e-01,-2.856040894985198975e-01,6.986877322196960449e-01,5.616963505744934082e-01,-8.919788599014282227e-01,-4.362518712878227234e-02,-3.184000849723815918e-01,7.921753823757171631e-02,1.067719936370849609e+00,7.294938564300537109e-01,6.994782686233520508e-01,5.345116257667541504e-01,-1.066382408142089844e+00,-3.153221607208251953e+00,-9.144521951675415039e-01,1.013961791992187500e+00,-4.909977018833160400e-01,-5.973976254463195801e-01,2.828496992588043213e-01,-2.284905463457107544e-01,-7.760961353778839111e-02,-3.263903617858886719e+00,-2.947867214679718018e-01,6.869462132453918457e-01,6.987780928611755371e-01,1.916342973709106445e-01,2.937457859516143799e-01,-5.787119865417480469e-01,-8.843672275543212891e-01,-2.175386905670166016e+00,-2.180253744125366211e+00,5.149679780006408691e-01,2.212063819169998169e-01,5.407261848449707031e-01,-3.250554203987121582e-02,-4.930941164493560791e-01,3.918771147727966309e-01,7.112072706222534180e-01,6.462246179580688477e-01,-2.233050167560577393e-01
-2.412445783615112305e+00,-3.458568453788757324e-01,8.562924861907958984e-01,1.374816894531250000e+00,-1.600591093301773071e-01,5.106105208396911621e-01,3.506039083003997803e-01,1.448268257081508636e-02,-7.175478339195251465e-01,6.889598369598388672e-01,1.329919099807739258e+00,3.171824514865875244e-01,-3.183706104755401611e-02,5.333832502365112305e-01,-1.810857951641082764e-01,-8.630171418190002441e-01,-1.313511848449707031e+00,1.382302999496459961e+00,6.649510860443115234e-01,-4.431921839714050293e-01,1.434859931468963623e-01,-4.601236581802368164e-01,-1.779070198535919189e-01,4.233514070510864258e-01,8.474278450012207031e-01,-3.559671163558959961e+00,-3.559671163558959961e+00,-9.825584888458251953e-01,6.034978851675987244e-02,3.510722517967224121e-01,6.586890220642089844e-01,1.205264449119567871e+00,6.966835856437683105e-01,1.046523079276084900e-01,2.052346169948577881e-01,2.994262874126434326e-01,-2.688700146973133087e-02,1.033196687698364258e+00,-3.296964406967163086e+00,-1.597705245018005371e+00,2.405898272991180420e-01,4.018026292324066162e-01,4.172129034996032715e-01,-5.760893821716308594e-01,7.293084859848022461e-01,1.062587022781372070e+00,3.371004760265350342e-01,-4.435171931982040405e-02,-7.009202986955642700e-02,-9.948809742927551270e-01,-1.659236788749694824e+00,-3.556102216243743896e-01,5.786344408988952637e-01,4.808258116245269775e-01,3.779141902923583984e-01,-2.355684280395507812e+00,2.488297410309314728e-02,2.486711293458938599e-01,9.640107750892639160e-01,1.283886671066284180e+00,1.478490680456161499e-01,2.565250992774963379e-01,3.404901027679443359e-01,3.511053323745727539e-01,-3.423659801483154297e-01,9.205482006072998047e-01,1.311704158782958984e+00,3.405624330043792725e-01,5.134032368659973145e-01,-2.838545292615890503e-02,2.157630622386932373e-01,-7.529109120368957520e-01,6.724603176116943359e-01,1.125949859619140625e+00,2.797169983386993408e-01,2.587345242500305176e-01,1.931209266185760498e-01,2.618575096130371094e-01,1.567012965679168701e-01,8.488064408302307129e-01,1.200359821319580078e+00,5.319050550460815430e-01,-1.844828426837921143e-01,1.345546729862689972e-02,-7.937969565391540527e-01,-1.201892614364624023e+00,4.276896715164184570e-01,1.342934012413024902e+00,1.034678578376770020e+00,3.190653324127197266e-01,-2.553942799568176270e-02,3.794382810592651367e-01,-2.668586015701293945e+00,9.945365786552429199e-01,1.338820934295654297e+00,-6.644820421934127808e-02,-1.593813776969909668e+00,4.056490063667297363e-01,-1.117047548294067383e+00,-3.761214613914489746e-01,-2.660142898559570312e+00,-8.901179581880569458e-02,-2.915653288364410400e-01,3.774801492691040039e-01,4.071329832077026367e-01,-9.069430828094482422e-01,-8.036660552024841309e-01,7.685563564300537109e-01,-7.912257909774780273e-01,-1.385716557502746582e+00,2.462922185659408569e-01,5.061755180358886719e-01,6.472733616828918457e-02,-7.721225917339324951e-02,2.386800795793533325e-01,9.881190657615661621e-01,6.047902107238769531e-01,3.818907737731933594e-01,3.754195272922515869e-01
3.306078612804412842e-01,4.417679905891418457e-01,2.288816422224044800e-01,5.254483222961425781e-01,-3.788413703441619873e-01,3.185357451438903809e-01,3.907134532928466797e-01,4.209266901016235352e-01,1.847377866506576538e-01,2.206968329846858978e-02,4.953074455261230469e-01,5.418269634246826172e-01,2.009774446487426758e-01,4.543286263942718506e-01,4.869132637977600098e-01,-1.722185164690017700e-01,2.907930612564086914e-01,3.093672096729278564e-01,3.734465837478637695e-01,-5.564669370651245117e-01,3.566209673881530762e-01,4.726072847843170166e-01,2.872368991374969482e-01,-1.563169658184051514e-01,-1.350619941949844360e-01,-3.853397369384765625e+00,-3.853397369384765625e+00,4.660995304584503174e-01,-1.214550733566284180e+00,-2.266881167888641357e-01,3.512431979179382324e-01,-2.446324797347187996e-03,5.274146199226379395e-01,1.560069620609283447e-01,4.383851587772369385e-01,3.632952570915222168e-01,-2.116275131702423096e-01,-4.345915466547012329e-02,-3.650446176528930664e+00,-9.923683404922485352e-01,2.953900396823883057e-01,5.483794808387756348e-01,4.759435653686523438e-01,1.601777225732803345e-01,3.034916222095489502e-01,4.434531331062316895e-01,5.222041606903076172e-01,5.656338334083557129e-01,5.315030217170715332e-01,-3.830998837947845459e-01,-3.227589726448059082e-01,4.005850255489349365e-01,5.359227061271667480e-01,6.001030802726745605e-01,4.671167135238647461e-01,-2.560499191284179688e+00,5.560064911842346191e-01,4.392626583576202393e-01,3.347936570644378662e-01,4.934002459049224854e-01,5.930742025375366211e-01,6.272228956222534180e-01,4.153322577476501465e-01,5.271674990653991699e-01,1.351155191659927368e-01,-4.290845245122909546e-03,6.242340803146362305e-01,6.259478330612182617e-01,4.405395090579986572e-01,4.965609908103942871e-01,2.779763340950012207e-01,4.291679263114929199e-01,-1.945594251155853271e-01,3.444256484508514404e-01,4.886313378810882568e-01,5.599927902221679688e-01,5.031564831733703613e-01,4.485013782978057861e-01,3.555142581462860107e-01,4.538092911243438721e-01,5.115410089492797852e-01,5.529560446739196777e-01,5.452688932418823242e-01,5.305700302124023438e-01,5.006171464920043945e-01,8.647210896015167236e-02,4.311109483242034912e-01,5.646685957908630371e-01,7.054449319839477539e-01,5.028879046440124512e-01,5.784057974815368652e-01,1.925979554653167725e-01,-2.526397228240966797e+00,-3.974065482616424561e-01,6.052623391151428223e-01,9.164751321077346802e-02,-6.302083730697631836e-01,5.541118383407592773e-01,4.616127163171768188e-02,3.268167376518249512e-01,-3.048573732376098633e+00,-6.576308012008666992e-01,2.845485508441925049e-01,4.915682673454284668e-01,4.755510091781616211e-01,2.954473495483398438e-01,3.463113605976104736e-01,-8.615067601203918457e-02,-1.364533543586730957e+00,-1.002472043037414551e+00,5.229716897010803223e-01,3.160486817359924316e-01,3.784937560558319092e-01,3.930636942386627197e-01,9.476529061794281006e-02,3.609403669834136963e-01,-4.720648825168609619e-01,-3.790217876434326172e+00,-3.853397369384765625e+00
1.837480217218399048e-01,3.983519375324249268e-01,4.907471835613250732e-01,5.130383372306823730e-01,-8.591989278793334961e-01,1.076619401574134827e-01,1.437859684228897095e-01,2.430602163076400757e-01,2.508053779602050781e-01,5.080536603927612305e-01,5.115803480148315430e-01,-1.047876998782157898e-01,3.961845040321350098e-01,2.684750258922576904e-01,2.551558613777160645e-01,4.356254637241363525e-01,2.327659726142883301e-01,5.367278456687927246e-01,4.054772853851318359e-01,-8.337060213088989258e-01,1.229161694645881653e-01,-1.810477524995803833e-01,4.103398025035858154e-01,3.160432279109954834e-01,3.817178606986999512e-01,-4.647251605987548828e+00,-4.647251605987548828e+00,1.013036072254180908e-01,3.550568819046020508e-01,4.192077517509460449e-01,4.777899086475372314e-01,5.193596482276916504e-01,4.110932648181915283e-01,2.410285174846649170e-01,3.514931797981262207e-01,3.657768070697784424e-01,2.479955255985260010e-01,5.086397528648376465e-01,-4.419672012329101562e+00,-1.470612406730651855e+00,2.606402039527893066e-01,3.021976053714752197e-01,3.772854059934616089e-02,1.219414472579956055e-01,4.914977550506591797e-01,5.278052091598510742e-01,3.337556719779968262e-01,3.194588720798492432e-01,2.649565637111663818e-01,-7.266487479209899902e-01,-5.999263525009155273e-01,5.063509941101074219e-01,5.122075676918029785e-01,2.820471525192260742e-01,4.205176532268524170e-01,-3.129186391830444336e+00,2.395129650831222534e-01,2.427949458360671997e-01,4.420454800128936768e-01,4.994127452373504639e-01,3.833095133304595947e-01,2.667188644409179688e-01,-1.564184874296188354e-01,3.762376010417938232e-01,2.552566230297088623e-01,4.830933213233947754e-01,5.337604880332946777e-01,3.780965805053710938e-01,1.087250858545303345e-01,2.071907669305801392e-01,1.622567921876907349e-01,3.956416249275207520e-01,4.691962897777557373e-01,5.344102978706359863e-01,1.488450765609741211e-01,2.074354737997055054e-01,2.276476472616195679e-01,3.065797686576843262e-01,4.223807454109191895e-01,4.839343726634979248e-01,5.518052577972412109e-01,3.605009615421295166e-01,2.644630372524261475e-01,8.306556940078735352e-02,2.381290197372436523e-01,3.720158636569976807e-01,4.826553165912628174e-01,5.249139666557312012e-01,5.055613517761230469e-01,2.724787890911102295e-01,1.781423389911651611e-01,2.101758122444152832e-01,-2.934954881668090820e+00,4.775472581386566162e-01,5.464360117912292480e-01,-4.408797025680541992e-01,-1.144337177276611328e+00,2.553697228431701660e-01,-3.447743356227874756e-01,2.605744004249572754e-01,-3.655449151992797852e+00,-9.764928817749023438e-01,3.769264817237854004e-01,2.721230387687683105e-01,3.820604681968688965e-01,3.873667418956756592e-01,4.235775470733642578e-01,3.362393677234649658e-01,-1.460762262344360352e+00,-1.337792754173278809e+00,3.860650360584259033e-01,1.751112341880798340e-01,4.078400731086730957e-01,3.933277726173400879e-01,5.077637434005737305e-01,5.398597121238708496e-01,2.799516916275024414e-01,2.181204259395599365e-01,1.343887150287628174e-01
3.852937221527099609e-01,3.544362187385559082e-01,5.176239013671875000e-01,5.517517328262329102e-01,-5.747789740562438965e-01,1.366624385118484497e-01,2.536087036132812500e-01,2.457602620124816895e-01,2.559647262096405029e-01,5.037635564804077148e-01,5.612459778785705566e-01,3.101617693901062012e-01,3.865385055541992188e-01,3.586122989654541016e-01,3.113932013511657715e-01,3.623606860637664795e-01,-1.150032505393028259e-01,6.016371250152587891e-01,3.758145570755004883e-01,-6.635504364967346191e-01,3.467946052551269531e-01,3.249587416648864746e-01,3.762306272983551025e-01,3.717432618141174316e-01,3.423394262790679932e-01,-3.750357389450073242e+00,-3.750357389450073242e+00,3.963854610919952393e-01,3.032906651496887207e-01,3.145998418331146240e-01,4.823591411113739014e-01,5.752279162406921387e-01,4.016744792461395264e-01,3.650313913822174072e-01,4.013645648956298828e-01,3.929575979709625244e-01,2.844648659229278564e-01,5.301693081855773926e-01,-3.750357389450073242e+00,-1.126536488533020020e+00,3.523952364921569824e-01,4.149783849716186523e-01,4.068796038627624512e-01,-6.052230671048164368e-02,5.136481523513793945e-01,5.592649579048156738e-01,3.785630166530609131e-01,3.779363334178924561e-01,3.929267823696136475e-01,-5.593262314796447754e-01,-3.083858489990234375e-01,4.952949285507202148e-01,5.822582840919494629e-01,3.458254933357238770e-01,3.847595155239105225e-01,-2.501403331756591797e+00,2.427262216806411743e-01,3.038659691810607910e-01,5.065516829490661621e-01,5.583574771881103516e-01,3.445687294006347656e-01,2.492531836032867432e-01,2.156013250350952148e-01,3.943873047828674316e-01,3.721970021724700928e-01,4.924389421939849854e-01,5.689098834991455078e-01,3.782393932342529297e-01,3.207038640975952148e-01,3.574445545673370361e-01,3.556073606014251709e-01,3.160141110420227051e-01,4.587031900882720947e-01,5.657885074615478516e-01,3.280133306980133057e-01,3.346841037273406982e-01,3.160586357116699219e-01,2.415019869804382324e-01,8.360502868890762329e-02,-2.112357616424560547e+00,-3.750357389450073242e+00,-3.750357389450073242e+00,-6.804516911506652832e-01,3.587629795074462891e-01,3.759433329105377197e-01,1.163853630423545837e-01,4.724094569683074951e-01,5.771404504776000977e-01,5.301179289817810059e-01,3.066705763339996338e-01,3.535013496875762939e-01,2.659178078174591064e-01,-2.792650938034057617e+00,4.992997944355010986e-01,5.812240839004516602e-01,-1.713213920593261719e-01,-7.221050858497619629e-01,3.687486052513122559e-01,-1.136499121785163879e-01,3.442091643810272217e-01,-2.933629512786865234e+00,-6.254502534866333008e-01,3.283454775810241699e-01,2.603877186775207520e-01,2.758089303970336914e-01,3.344991803169250488e-01,3.548420071601867676e-01,3.766364455223083496e-01,-1.097475171089172363e+00,-1.059499979019165039e+00,3.711902201175689697e-01,4.030613601207733154e-01,4.083024561405181885e-01,3.721028268337249756e-01,5.011763572692871094e-01,5.770822763442993164e-01,3.563435971736907959e-01,3.590232133865356445e-01,3.485787212848663330e-01
4.196690320968627930e-01,3.529051244258880615e-01,4.881140887737274170e-01,5.469757318496704102e-01,-5.877153277397155762e-01,1.645343899726867676e-01,2.873760759830474854e-01,2.828533053398132324e-01,2.709768712520599365e-01,5.174385309219360352e-01,5.529824495315551758e-01,3.300474286079406738e-01,3.639586269855499268e-01,3.367407917976379395e-01,3.163816034793853760e-01,4.033791422843933105e-01,6.279911380261182785e-03,5.572682619094848633e-01,3.682724833488464355e-01,-6.698548793792724609e-01,3.771913945674896240e-01,3.412427902221679688e-01,3.924024105072021484e-01,3.655446469783782959e-01,4.038886725902557373e-01,-3.789697885513305664e+00,-3.789697885513305664e+00,4.026451110839843750e-01,3.029212355613708496e-01,3.197756707668304443e-01,4.575426280498504639e-01,5.691121816635131836e-01,3.969998955726623535e-01,3.533081114292144775e-01,3.901699185371398926e-01,4.062235653400421143e-01,2.105479240417480469e-01,5.310500860214233398e-01,-3.552924871444702148e+00,-1.149290204048156738e+00,3.894262015819549561e-01,4.098140895366668701e-01,3.662848770618438721e-01,5.217513814568519592e-02,5.204808115959167480e-01,5.680692791938781738e-01,3.714607059955596924e-01,3.558073043823242188e-01,4.078389406204223633e-01,-5.364394783973693848e-01,-3.830979466438293457e-01,4.518178403377532959e-01,5.351577401161193848e-01,3.414036333560943604e-01,3.947117030620574951e-01,-2.541123151779174805e+00,2.898545265197753906e-01,3.609682619571685791e-01,4.596495628356933594e-01,5.397064685821533203e-01,3.751643598079681396e-01,3.314570188522338867e-01,2.138617336750030518e-01,3.819891512393951416e-01,3.624176084995269775e-01,4.973619580268859863e-01,5.557047128677368164e-01,3.829369544982910156e-01,3.456410169601440430e-01,3.422632217407226562e-01,3.156299293041229248e-01,3.339216113090515137e-01,4.668164551258087158e-01,5.357734560966491699e-01,3.296721279621124268e-01,3.614317774772644043e-01,2.826319336891174316e-01,2.333018332719802856e-01,2.226461023092269897e-01,-2.136188030242919922e+00,-3.789697885513305664e+00,-3.789697885513305664e+00,-6.961993575096130371e-01,3.402310013771057129e-01,3.678639531135559082e-01,2.460866272449493408e-01,5.063071846961975098e-01,5.650027990341186523e-01,4.938717484474182129e-01,3.153566718101501465e-01,3.562102615833282471e-01,2.757324278354644775e-01,-2.744460821151733398e+00,4.862859547138214111e-01,5.599923133850097656e-01,-1.552821546792984009e-01,-7.391695976257324219e-01,3.416526913642883301e-01,-1.153531670570373535e-01,3.333283960819244385e-01,-2.971320152282714844e+00,-6.419521570205688477e-01,3.040731251239776611e-01,3.296427130699157715e-01,3.146461844444274902e-01,3.661167621612548828e-01,3.164549469947814941e-01,3.460592329502105713e-01,-1.169418692588806152e+00,-1.054742813110351562e+00,3.394976854324340820e-01,3.959431350231170654e-01,3.995129168033599854e-01,3.060621023178100586e-01,4.573454558849334717e-01,4.925400018692016602e-01,3.531576395034790039e-01,3.273026347160339355e-01,2.950777411460876465e-01
2.818066477775573730e-01,-5.669184327125549316e-01,7.009977698326110840e-01,1.273379206657409668e+00,-5.927535891532897949e-01,-1.422662138938903809e+00,-5.735902190208435059e-01,2.140703499317169189e-01,3.104193508625030518e-02,8.020938634872436523e-01,1.133734226226806641e+00,4.899620711803436279e-01,2.446417659521102905e-01,4.041633605957031250e-01,1.093402355909347534e-01,-1.713732779026031494e-01,-1.726651310920715332e+00,1.266212463378906250e+00,6.199400424957275391e-01,-5.992436408996582031e-01,3.166389465332031250e-01,5.759801343083381653e-02,-2.764998003840446472e-02,2.496231496334075928e-01,5.822997689247131348e-01,-3.970431566238403320e+00,-3.970431566238403320e+00,-5.567219853401184082e-01,-9.973824769258499146e-02,1.648118048906326294e-01,6.030126810073852539e-01,9.866820573806762695e-01,6.153289079666137695e-01,2.389560341835021973e-01,4.432888925075531006e-01,3.480253517627716064e-01,3.961922824382781982e-01,8.091818690299987793e-01,-3.685768604278564453e+00,-1.308167576789855957e+00,3.111639022827148438e-01,4.466083943843841553e-01,3.407862484455108643e-01,-9.111201167106628418e-01,5.845382809638977051e-01,1.237900853157043457e+00,5.488165616989135742e-01,3.358835875988006592e-01,3.274103403091430664e-01,-9.480773210525512695e-01,-6.236398816108703613e-01,5.237678885459899902e-01,7.396360039710998535e-01,7.588320411741733551e-03,5.022847056388854980e-01,-2.584199905395507812e+00,4.118984565138816833e-02,3.656506538391113281e-01,7.329655289649963379e-01,1.190987229347229004e+00,3.634802103042602539e-01,2.298380285501480103e-01,2.123382538557052612e-01,3.725918531417846680e-01,-1.827281266450881958e-01,6.866387724876403809e-01,1.250780940055847168e+00,4.245613217353820801e-01,4.308449923992156982e-01,-6.185116767883300781e-01,3.690233826637268066e-01,-2.918889224529266357e-01,4.684512019157409668e-01,1.047824859619140625e+00,1.515784412622451782e-01,3.400712907314300537e-01,3.547558784484863281e-01,3.614906370639801025e-01,2.933002412319183350e-01,4.104917049407958984e-01,1.222443819046020508e+00,-9.316263347864151001e-02,2.648397088050842285e-01,3.946814835071563721e-01,1.456969529390335083e-01,-8.112773299217224121e-01,5.484173297882080078e-01,1.200030803680419922e+00,1.114472508430480957e+00,-5.591858550906181335e-02,1.550618112087249756e-01,1.911627501249313354e-01,-2.762061834335327148e+00,6.553289890289306641e-01,1.244224905967712402e+00,-7.687618583440780640e-02,-1.447959303855895996e+00,2.494337707757949829e-01,-8.421891927719116211e-01,-2.914144098758697510e-01,-3.093912839889526367e+00,-1.993788629770278931e-01,-1.377402544021606445e-01,2.366685569286346436e-01,-4.432909190654754639e-01,-1.060226917266845703e+00,-6.277977824211120605e-01,5.940529704093933105e-01,-9.438959956169128418e-01,-1.666340589523315430e+00,-3.327338099479675293e-01,5.046147108078002930e-01,3.521875143051147461e-01,3.642549738287925720e-02,-5.272674933075904846e-02,1.023730754852294922e+00,3.398138284683227539e-01,3.568348288536071777e-01,1.527849584817886353e-01
4.113249480724334717e-01,3.834815025329589844e-01,5.041012167930603027e-01,5.057653188705444336e-01,-6.148136258125305176e-01,1.464704871177673340e-01,2.576041221618652344e-01,2.628929316997528076e-01,2.690805494785308838e-01,4.962339401245117188e-01,5.189674496650695801e-01,3.203338682651519775e-01,3.957304656505584717e-01,3.625072538852691650e-01,3.153117895126342773e-01,3.875597715377807617e-01,-7.490073889493942261e-02,5.502203702926635742e-01,3.580612242221832275e-01,-6.534788608551025391e-01,3.830680847167968750e-01,3.653856813907623291e-01,4.126129746437072754e-01,3.656330704689025879e-01,3.585666716098785400e-01,-3.829659700393676758e+00,-3.829659700393676758e+00,4.078877568244934082e-01,3.153605759143829346e-01,3.706530332565307617e-01,4.731804132461547852e-01,5.245254039764404297e-01,3.812275230884552002e-01,3.671518564224243164e-01,4.061613678932189941e-01,4.016689956188201904e-01,3.817620575428009033e-01,4.720404446125030518e-01,-3.589347362518310547e+00,-1.170597672462463379e+00,3.827497959136962891e-01,4.054313898086547852e-01,3.966403603553771973e-01,1.285625398159027100e-01,5.149230957031250000e-01,4.724469482898712158e-01,3.388289213180541992e-01,3.811704516410827637e-01,3.930284678936004639e-01,-5.322225689888000488e-01,-2.851242125034332275e-01,4.833310842514038086e-01,5.282289385795593262e-01,3.492947518825531006e-01,3.781795501708984375e-01,-2.562122583389282227e+00,3.464699387550354004e-01,3.956405222415924072e-01,4.563252329826354980e-01,5.027969479560852051e-01,3.191004693508148193e-01,3.407026827335357666e-01,1.892244219779968262e-01,4.048069119453430176e-01,3.935214579105377197e-01,3.132968842983245850e-01,4.305970370769500732e-01,3.007918894290924072e-01,3.565151095390319824e-01,3.831182420253753662e-01,3.328353762626647949e-01,3.324703872203826904e-01,4.564701914787292480e-01,5.053570866584777832e-01,3.034195303916931152e-01,3.606320917606353760e-01,3.299205899238586426e-01,2.808763086795806885e-01,3.002937138080596924e-01,-2.169301033020019531e+00,-3.829659700393676758e+00,-3.829659700393676758e+00,-6.803657412528991699e-01,3.889633417129516602e-01,3.940421640872955322e-01,3.209133446216583252e-01,4.451899230480194092e-01,4.355374574661254883e-01,3.824003636837005615e-01,3.165040016174316406e-01,3.825854659080505371e-01,3.390821516513824463e-01,-2.430911064147949219e+00,4.357640743255615234e-01,5.211487412452697754e-01,-1.579017192125320435e-01,-7.291380763053894043e-01,3.658527433872222900e-01,-6.952752172946929932e-02,3.769029378890991211e-01,-3.010739803314208984e+00,-6.796565055847167969e-01,3.266494870185852051e-01,3.431209921836853027e-01,3.370385169982910156e-01,3.927946090698242188e-01,3.745019435882568359e-01,3.108024597167968750e-01,-1.160978078842163086e+00,-1.072732210159301758e+00,3.482862710952758789e-01,3.614883720874786377e-01,3.636991083621978760e-01,3.710612952709197998e-01,4.904234111309051514e-01,5.160284638404846191e-01,3.274936378002166748e-01,3.092611730098724365e-01,3.644290864467620850e-01
4.762358367443084717e-01,6.546093225479125977e-01,9.075043797492980957e-01,8.053415417671203613e-01,-2.957844436168670654e-01,6.460427045822143555e-01,6.571360230445861816e-01,7.187454700469970703e-01,6.290310621261596680e-01,8.675835728645324707e-01,1.175332665443420410e+00,8.282548785209655762e-01,9.569845795631408691e-01,8.455521464347839355e-01,-1.866476684808731079e-01,5.030255317687988281e-01,1.989453583955764771e-01,9.759751558303833008e-01,6.823529005050659180e-01,-4.752819836139678955e-01,5.698514580726623535e-01,5.062452554702758789e-01,4.524709284305572510e-01,3.662669062614440918e-01,-7.844925522804260254e-01,-3.920180559158325195e+00,-3.920180559158325195e+00,2.917929887771606445e-01,4.149874150753021240e-01,1.775597482919692993e-01,4.945515692234039307e-01,7.337366938591003418e-01,4.700857400894165039e-01,2.570866644382476807e-01,5.553860068321228027e-01,2.761951982975006104e-01,4.385548532009124756e-01,-2.233433127403259277e-01,-3.663760185241699219e+00,-1.177196145057678223e+00,6.174541711807250977e-01,3.055070042610168457e-01,6.102752685546875000e-01,-6.176036000251770020e-01,7.473989725112915039e-01,9.073801636695861816e-01,5.127099752426147461e-01,5.477827191352844238e-01,3.336554467678070068e-01,-6.075845956802368164e-01,-7.861195802688598633e-01,-1.343778729438781738e+00,8.235786557197570801e-01,5.418913960456848145e-01,4.777904450893402100e-01,-2.561491489410400391e+00,3.571794033050537109e-01,-2.182903438806533813e-01,-4.199567735195159912e-01,3.048259615898132324e-01,5.230146646499633789e-01,4.944853484630584717e-01,4.122301340103149414e-01,5.203608870506286621e-01,3.958105444908142090e-01,3.206576704978942871e-01,8.979490399360656738e-01,3.943215589970350266e-03,3.921900391578674316e-01,2.251314073801040649e-01,3.977977931499481201e-01,2.066045254468917847e-01,-1.662863373756408691e+00,-1.135296300053596497e-01,3.814238682389259338e-02,4.103319048881530762e-01,5.267511010169982910e-01,3.143543899059295654e-01,-6.102052927017211914e-01,-7.734219431877136230e-01,2.711256742477416992e-01,4.198143482208251953e-01,2.649797201156616211e-01,-6.032354831695556641e-01,2.263403087854385376e-01,-2.484260201454162598e-01,-2.344553023576736450e-01,6.589833498001098633e-01,5.984387397766113281e-01,4.444938004016876221e-01,3.581233620643615723e-01,2.665608227252960205e-01,-3.059570789337158203e+00,-6.520387530326843262e-01,8.385905623435974121e-01,1.534914970397949219e-02,-7.371535301208496094e-01,2.718874514102935791e-01,-2.514280080795288086e-01,-1.765272319316864014e-01,-3.180099010467529297e+00,-4.749466478824615479e-01,3.601395785808563232e-01,5.576278567314147949e-01,5.512670278549194336e-01,2.608735859394073486e-01,-2.945693433284759521e-01,-8.230619430541992188e-01,-2.294286251068115234e+00,-2.493310689926147461e+00,5.673115253448486328e-01,4.523786008358001709e-01,5.779225230216979980e-01,-1.879952698945999146e-01,-4.616569578647613525e-01,-2.144214361906051636e-01,5.063301324844360352e-01,6.834843754768371582e-01,-1.037362590432167053e-01
3.919689655303955078e-01,3.968676030635833740e-01,5.439703464508056641e-01,5.809009075164794922e-01,-4.890673756599426270e-01,1.409346610307693481e-01,2.024062573909759521e-01,2.617520689964294434e-01,2.645453512668609619e-01,5.080932974815368652e-01,5.619400143623352051e-01,3.380743861198425293e-01,3.859003484249114990e-01,3.452220261096954346e-01,2.896307110786437988e-01,3.546192944049835205e-01,-9.802527725696563721e-02,5.910573005676269531e-01,3.641816079616546631e-01,-5.560409426689147949e-01,4.032634496688842773e-01,3.725420236587524414e-01,3.742061853408813477e-01,3.430017530918121338e-01,3.445564210414886475e-01,-3.442490577697753906e+00,-3.442490577697753906e+00,4.128117263317108154e-01,3.331087231636047363e-01,3.609714210033416748e-01,4.755330979824066162e-01,5.564907193183898926e-01,4.462673962116241455e-01,4.067893922328948975e-01,4.227414727210998535e-01,4.279290139675140381e-01,3.726298213005065918e-01,5.073335170745849609e-01,-3.226066112518310547e+00,-1.004249453544616699e+00,3.679753839969635010e-01,4.097949564456939697e-01,3.859370648860931396e-01,1.516659464687108994e-02,4.951483905315399170e-01,5.254740118980407715e-01,4.119405448436737061e-01,4.215267896652221680e-01,4.161269664764404297e-01,-4.406508505344390869e-01,-2.382504642009735107e-01,5.149648189544677734e-01,5.873797535896301270e-01,3.633289337158203125e-01,3.864302635192871094e-01,-2.306174278259277344e+00,3.324494957923889160e-01,4.025244116783142090e-01,5.230018496513366699e-01,5.716638565063476562e-01,4.281077980995178223e-01,-2.730485916137695312e+00,-3.388993263244628906e+00,3.982147872447967529e-01,4.030064642429351807e-01,5.135809183120727539e-01,5.831403136253356934e-01,4.146568775177001953e-01,3.314263522624969482e-01,3.572140336036682129e-01,3.526601791381835938e-01,3.848851919174194336e-01,4.558571577072143555e-01,5.767029523849487305e-01,3.352922797203063965e-01,3.895715177059173584e-01,3.381893038749694824e-01,2.965548932552337646e-01,3.245452642440795898e-01,-1.917908310890197754e+00,-3.442490577697753906e+00,-3.442490577697753906e+00,-5.537233352661132812e-01,3.745324313640594482e-01,4.062770009040832520e-01,3.101127445697784424e-01,4.722099006175994873e-01,5.779639482498168945e-01,5.356974601745605469e-01,3.665643632411956787e-01,3.637503385543823242e-01,3.309628367424011230e-01,-2.177384376525878906e+00,5.063630938529968262e-01,5.712743997573852539e-01,-8.332489430904388428e-02,-5.957210063934326172e-01,3.824111223220825195e-01,-2.312609180808067322e-02,3.978715837001800537e-01,-2.693639039993286133e+00,-5.296626687049865723e-01,4.096608757972717285e-01,3.754646182060241699e-01,3.429149389266967773e-01,3.830914199352264404e-01,3.721685111522674561e-01,3.456635177135467529e-01,-9.646629095077514648e-01,-9.301298260688781738e-01,3.825404047966003418e-01,3.837949931621551514e-01,3.953783810138702393e-01,3.813688158988952637e-01,5.121683478355407715e-01,5.957500338554382324e-01,3.482196331024169922e-01,3.805148899555206299e-01,4.158763587474822998e-01
-1.671306729316711426e+00,-3.733554184436798096e-01,7.219770550727844238e-01,1.381641030311584473e+00,-4.676817730069160461e-02,6.425430774688720703e-01,7.665359973907470703e-01,3.074506819248199463e-01,-7.527500987052917480e-01,5.117071270942687988e-01,1.379892110824584961e+00,8.189792633056640625e-01,2.128194868564605713e-01,9.284164309501647949e-01,4.429538175463676453e-02,-4.137784838676452637e-01,-5.388659238815307617e-01,1.396002888679504395e+00,9.899122714996337891e-01,2.310785502195358276e-01,-7.902213372290134430e-03,-4.984984099864959717e-01,-9.819878637790679932e-02,5.184425115585327148e-01,1.178343653678894043e+00,-2.183087110519409180e+00,-2.183087110519409180e+00,-2.805787622928619385e-01,-2.085681706666946411e-01,3.071020543575286865e-01,7.340750694274902344e-01,9.713473916053771973e-01,-2.308328896760940552e-01,-2.183087110519409180e+00,-6.783886253833770752e-02,6.728633642196655273e-01,1.723362207412719727e-01,1.084498047828674316e+00,-2.002870321273803711e+00,-9.660197496414184570e-01,5.572506189346313477e-01,9.589948058128356934e-01,7.234352827072143555e-01,-4.955661296844482422e-01,5.162364244461059570e-01,1.039378404617309570e+00,4.819695055484771729e-01,-3.307460620999336243e-02,3.514014482498168945e-01,-4.864510595798492432e-01,-1.145921111106872559e+00,9.367556869983673096e-02,7.274307608604431152e-01,9.806100130081176758e-01,8.309484720230102539e-01,-1.463568329811096191e+00,5.355973914265632629e-02,3.255347013473510742e-01,2.911430895328521729e-01,1.342751860618591309e+00,5.899525880813598633e-01,3.253177106380462646e-01,6.470718383789062500e-01,7.818043828010559082e-01,-6.119730472564697266e-01,1.022389411926269531e+00,1.374951958656311035e+00,6.707975864410400391e-01,-1.118166804313659668e+00,7.146543860435485840e-01,3.812796473503112793e-01,-1.295068114995956421e-01,3.505057096481323242e-01,9.855015277862548828e-01,5.542659759521484375e-01,1.818794757127761841e-01,6.473970413208007812e-01,3.011969923973083496e-01,4.207228124141693115e-01,8.027266263961791992e-01,1.267876982688903809e+00,7.851616740226745605e-01,-1.426955163478851318e-01,6.511526703834533691e-01,-2.270558029413223267e-01,-5.158634781837463379e-01,-2.183087110519409180e+00,-2.183087110519409180e+00,-2.183087110519409180e+00,-2.058712244033813477e+00,-2.183087110519409180e+00,-2.183087110519409180e+00,-1.539464592933654785e+00,1.170576810836791992e+00,1.402437448501586914e+00,-2.183087110519409180e+00,-1.935597658157348633e+00,-2.019294977188110352e+00,-1.012413859367370605e+00,-3.341813087463378906e-01,-1.801327705383300781e+00,3.464887738227844238e-01,1.193615049123764038e-01,7.240587472915649414e-01,7.094393372535705566e-01,-6.944472789764404297e-01,-5.238547921180725098e-01,4.163135588169097900e-01,-3.499030172824859619e-01,-5.340024232864379883e-01,4.965495765209197998e-01,9.027709960937500000e-01,-1.224589422345161438e-01,-7.552526146173477173e-02,1.485221982002258301e-01,9.396232962608337402e-01,4.393435418605804443e-01,5.137048959732055664e-01,1.445657312870025635e-01
5.201387405395507812e-01,3.541001975536346436e-01,6.461008787155151367e-01,6.568279862403869629e-01,-6.355659961700439453e-01,2.355842143297195435e-01,1.404093950986862183e-01,2.386752367019653320e-01,4.833540692925453186e-02,6.503216028213500977e-01,6.281915903091430664e-01,-6.996683478355407715e-01,4.385913610458374023e-01,2.771554589271545410e-01,3.845318257808685303e-01,9.896742552518844604e-02,3.802903294563293457e-01,6.009360551834106445e-01,4.680663943290710449e-01,-6.920220851898193359e-01,4.712271690368652344e-01,4.020658135414123535e-01,4.517259597778320312e-01,4.587353467941284180e-01,4.141796231269836426e-01,-4.284340381622314453e+00,-4.284340381622314453e+00,5.169854164123535156e-01,4.052289128303527832e-01,3.589555025100708008e-01,5.037258863449096680e-01,6.312842369079589844e-01,4.196009635925292969e-01,4.941758215427398682e-01,4.991780519485473633e-01,4.738105237483978271e-01,4.338555037975311279e-01,4.011844396591186523e-01,-4.011003017425537109e+00,-1.271144628524780273e+00,4.310684502124786377e-01,4.617848396301269531e-01,4.706689715385437012e-01,-1.862332783639431000e-02,6.045182943344116211e-01,6.752151250839233398e-01,1.480807662010192871e-01,4.204921126365661621e-01,2.785010039806365967e-01,-7.244463562965393066e-01,-5.145904421806335449e-01,6.528521180152893066e-01,5.860821604728698730e-01,1.255614012479782104e-01,3.612901270389556885e-01,-2.860004901885986328e+00,1.777144521474838257e-01,2.603508234024047852e-01,5.545878410339355469e-01,4.571861028671264648e-01,3.376637995243072510e-01,2.602979540824890137e-01,2.186468094587326050e-01,3.717802762985229492e-01,1.043793708086013794e-01,4.630500972270965576e-01,5.564958453178405762e-01,3.250309526920318604e-01,3.288599848747253418e-01,5.038805603981018066e-01,2.826198935508728027e-01,1.032022684812545776e-01,4.387147426605224609e-01,5.455787181854248047e-01,3.132305145263671875e-01,4.207584857940673828e-01,4.682109355926513672e-01,2.707215249538421631e-01,9.639424085617065430e-02,5.270447134971618652e-01,6.121704578399658203e-01,4.282332062721252441e-01,3.386665880680084229e-01,-3.575585603713989258e+00,7.538847625255584717e-02,7.924491912126541138e-02,3.734489977359771729e-01,4.083802700042724609e-01,5.201935768127441406e-01,3.143684566020965576e-01,3.004116117954254150e-01,-6.996276378631591797e-01,-2.854722499847412109e+00,3.755231201648712158e-01,5.458509922027587891e-01,-3.205442130565643311e-01,-8.199924826622009277e-01,2.184372395277023315e-01,-4.498854652047157288e-02,1.402820944786071777e-01,-3.394254446029663086e+00,-8.528860807418823242e-01,1.231131851673126221e-01,2.674604654312133789e-01,7.904592901468276978e-02,-8.273820579051971436e-02,-5.768327414989471436e-02,3.854995220899581909e-02,-1.418171286582946777e+00,-1.377311348915100098e+00,1.241042241454124451e-01,1.181031391024589539e-01,1.885669380426406860e-01,1.259061098098754883e-01,4.089462757110595703e-01,5.940418243408203125e-01,3.744243681430816650e-01,1.303011626005172729e-01,4.854327440261840820e-01
-6.531515717506408691e-02,5.619611144065856934e-01,8.212910890579223633e-01,8.264391422271728516e-01,-6.751074790954589844e-01,-5.032349750399589539e-02,1.798132550902664661e-03,3.243605419993400574e-02,2.943608760833740234e-01,8.162441253662109375e-01,7.894054055213928223e-01,3.061435818672180176e-01,1.640098243951797485e-01,8.777339011430740356e-02,-5.152765661478042603e-03,1.631662249565124512e-01,6.215968728065490723e-01,8.245117068290710449e-01,5.501297712326049805e-01,-4.581239819526672363e-01,-1.987060010433197021e-01,-1.685213297605514526e-01,6.146624684333801270e-01,6.431247591972351074e-01,7.388193607330322266e-01,-3.931213140487670898e+00,-3.931213140487670898e+00,-3.760265111923217773e-01,3.299076855182647705e-01,7.314032912254333496e-01,7.867873907089233398e-01,8.229023218154907227e-01,6.754801869392395020e-01,6.930464506149291992e-01,7.127310633659362793e-01,7.086740136146545410e-01,6.888452768325805664e-01,7.885876297950744629e-01,-3.670116662979125977e+00,-1.062880516052246094e+00,7.041485607624053955e-02,-6.069856882095336914e-02,2.536506652832031250e-01,3.780254125595092773e-01,-4.261559247970581055e-01,8.423941731452941895e-01,4.384849667549133301e-01,-4.286522865295410156e-01,1.331851482391357422e-01,-1.007975459098815918e+00,-3.125413656234741211e-01,8.118371367454528809e-01,8.327568173408508301e-01,8.802414685487747192e-02,-3.101872205734252930e-01,-2.523080110549926758e+00,-5.429124236106872559e-01,7.113500237464904785e-01,3.017298281192779541e-01,8.321897983551025391e-01,3.751299157738685608e-02,-8.823531121015548706e-02,-5.386438965797424316e-01,1.038624048233032227e-01,6.570512652397155762e-01,8.151212930679321289e-01,8.234469294548034668e-01,6.153971552848815918e-01,-4.650105237960815430e-01,-9.119691252708435059e-01,6.784126162528991699e-01,6.841182708740234375e-01,7.856028079986572266e-01,8.312222957611083984e-01,-2.481588602066040039e+00,1.791190207004547119e-01,3.525246679782867432e-01,3.282946050167083740e-01,6.477020382881164551e-01,8.073197007179260254e-01,8.429237604141235352e-01,4.163039922714233398e-01,-3.000501990318298340e-01,-3.407686352729797363e-01,-6.464011669158935547e-01,6.381095647811889648e-01,7.969225645065307617e-01,-2.832455635070800781e-01,8.222548365592956543e-01,5.008708834648132324e-01,1.204993501305580139e-01,-6.944669783115386963e-02,-2.344932317733764648e+00,8.149847388267517090e-01,8.212424516677856445e-01,-4.558938741683959961e-02,-9.789701104164123535e-01,-4.434120282530784607e-02,-7.697440385818481445e-01,-4.654376953840255737e-02,-3.022001266479492188e+00,-4.847250580787658691e-01,2.759607434272766113e-01,-2.206367015838623047e+00,4.531192183494567871e-01,3.518674671649932861e-01,-5.945314168930053711e-01,6.910362839698791504e-01,-2.423096179962158203e+00,-8.843904733657836914e-01,4.428130090236663818e-01,-9.508118033409118652e-03,5.284562706947326660e-01,6.699185967445373535e-01,7.796182632446289062e-01,8.157313466072082520e-01,1.061985865235328674e-01,-2.435133308172225952e-01,-2.973049283027648926e-01
3.810741305351257324e-01,3.943380415439605713e-01,5.045070052146911621e-01,5.615471601486206055e-01,-7.983161211013793945e-01,1.175921037793159485e-01,2.152936160564422607e-01,2.484630644321441650e-01,1.885080635547637939e-01,4.872456192970275879e-01,5.445654988288879395e-01,2.386200129985809326e-01,2.994360327720642090e-01,3.837592005729675293e-01,2.987316548824310303e-01,3.611991405487060547e-01,8.655305951833724976e-02,5.785417556762695312e-01,3.438073992729187012e-01,-8.702251911163330078e-01,3.069920539855957031e-01,3.541891872882843018e-01,3.370031118392944336e-01,2.481016069650650024e-01,1.974879354238510132e-01,-4.576209545135498047e+00,-4.576209545135498047e+00,3.452691435813903809e-01,2.461566776037216187e-01,2.072212547063827515e-01,4.698616266250610352e-01,5.562781691551208496e-01,3.350388109683990479e-01,2.566602230072021484e-01,2.582802772521972656e-01,3.570485115051269531e-01,3.286575078964233398e-01,4.832374155521392822e-01,-4.298224925994873047e+00,-1.444011211395263672e+00,3.281583786010742188e-01,3.113273084163665771e-01,3.294944465160369873e-01,-3.117341399192810059e-01,4.434349238872528076e-01,5.364780426025390625e-01,3.281656801700592041e-01,3.244449198246002197e-01,3.056861162185668945e-01,-7.745508551597595215e-01,-4.754965603351593018e-01,4.676972329616546631e-01,5.419083833694458008e-01,2.948060631752014160e-01,3.375237882137298584e-01,-3.096498012542724609e+00,2.177656739950180054e-01,3.219233751296997070e-01,4.403432607650756836e-01,5.637717843055725098e-01,3.562051355838775635e-01,3.633717298507690430e-01,1.503467410802841187e-01,3.728791475296020508e-01,3.492171168327331543e-01,4.886742234230041504e-01,5.827844738960266113e-01,2.955203354358673096e-01,2.398937046527862549e-01,3.232981562614440918e-01,3.297504782676696777e-01,-1.805387496948242188e+00,4.948059320449829102e-01,-8.314253091812133789e-01,2.948447763919830322e-01,3.377862572669982910e-01,3.209960758686065674e-01,2.552746534347534180e-01,3.531951904296875000e-01,5.069274306297302246e-01,5.534102320671081543e-01,3.623678386211395264e-01,2.804083228111267090e-01,3.606328964233398438e-01,3.424420654773712158e-01,2.230346649885177612e-01,4.503584206104278564e-01,5.702649950981140137e-01,5.308063030242919922e-01,3.723756968975067139e-01,3.144125342369079590e-01,2.492599785327911377e-01,-2.897343635559082031e+00,4.889990985393524170e-01,5.698733925819396973e-01,-2.624328732490539551e-01,-9.258635044097900391e-01,3.413318991661071777e-01,-1.363270133733749390e-01,2.863571643829345703e-01,-3.595975875854492188e+00,-8.663052320480346680e-01,3.408844172954559326e-01,3.201548457145690918e-01,3.456112146377563477e-01,1.225831210613250732e-01,2.972823977470397949e-01,3.619526028633117676e-01,-1.434355378150939941e+00,-1.328807830810546875e+00,3.773391544818878174e-01,3.457424640655517578e-01,3.241845667362213135e-01,3.127860128879547119e-01,4.420084953308105469e-01,5.547893643379211426e-01,2.272339314222335815e-01,2.646034955978393555e-01,3.422420024871826172e-01
-1.569828242063522339e-01,4.053424894809722900e-01,5.159481167793273926e-01,5.309317708015441895e-01,-8.416594266891479492e-01,9.312674403190612793e-02,1.440653502941131592e-01,1.829730421304702759e-01,2.192170172929763794e-01,5.373072624206542969e-01,5.678317546844482422e-01,-5.179134756326675415e-02,4.067772030830383301e-01,2.423924803733825684e-01,2.270301431417465210e-01,3.862964510917663574e-01,2.084666490554809570e-01,5.911429524421691895e-01,2.621150612831115723e-01,-8.464201092720031738e-01,3.665219545364379883e-01,1.720390096306800842e-02,3.680592775344848633e-01,3.906227350234985352e-01,3.680299520492553711e-01,-4.633656501770019531e+00,-4.633656501770019531e+00,2.859276533126831055e-01,2.983745336532592773e-01,4.082495868206024170e-01,5.281985402107238770e-01,5.322135686874389648e-01,3.525771200656890869e-01,3.402994871139526367e-01,3.916469216346740723e-01,4.110017120838165283e-01,3.905808329582214355e-01,5.449206233024597168e-01,-4.347926139831542969e+00,-1.529515385627746582e+00,3.415268063545227051e-01,2.084833979606628418e-01,2.923890054225921631e-01,-8.543234318494796753e-02,5.376046895980834961e-01,5.766766071319580078e-01,2.817404270172119141e-01,5.228168889880180359e-02,1.731228679418563843e-01,-7.483078241348266602e-01,-4.942829310894012451e-01,5.493147373199462891e-01,5.627967119216918945e-01,2.673834264278411865e-01,3.430641293525695801e-01,-3.109393835067749023e+00,7.743808627128601074e-02,3.521226346492767334e-01,5.324397683143615723e-01,5.454546809196472168e-01,2.665980160236358643e-01,2.998075485229492188e-01,-1.990183591842651367e-01,2.769717872142791748e-01,3.831225335597991943e-01,4.901864230632781982e-01,5.505630373954772949e-01,3.308849334716796875e-01,2.546848058700561523e-01,3.106169700622558594e-01,3.286480605602264404e-01,3.762108385562896729e-01,5.376046895980834961e-01,5.703408718109130859e-01,2.409200966358184814e-01,1.880374103784561157e-01,3.064322769641876221e-01,2.809219062328338623e-01,3.995995223522186279e-01,5.230063796043395996e-01,5.613682866096496582e-01,2.360739558935165405e-01,-6.241176724433898926e-01,2.521630823612213135e-01,3.385401368141174316e-01,3.666643500328063965e-01,4.676774144172668457e-01,5.582308173179626465e-01,4.849670827388763428e-01,2.112271189689636230e-01,1.936746388673782349e-02,-2.344678714871406555e-02,-2.922891855239868164e+00,5.224262475967407227e-01,5.642858743667602539e-01,-3.426471054553985596e-01,-1.147690296173095703e+00,3.377233147621154785e-01,-4.064020514488220215e-01,3.243565559387207031e-01,-3.645603656768798828e+00,-8.880681395530700684e-01,3.511277735233306885e-01,3.040823042392730713e-01,7.900766283273696899e-02,3.751506507396697998e-01,3.900279104709625244e-01,3.815085291862487793e-01,-1.439041614532470703e+00,-1.371265292167663574e+00,3.427039086818695068e-01,3.858201801776885986e-01,3.553794920444488525e-01,3.634284436702728271e-01,5.255427956581115723e-01,5.234985947608947754e-01,2.841808795928955078e-01,1.904711574316024780e-01,2.678253352642059326e-01
1.907782852649688721e-01,2.524617016315460205e-01,4.088340401649475098e-01,5.873513817787170410e-01,-9.185495972633361816e-01,-4.420138895511627197e-02,7.728279381990432739e-02,1.317572891712188721e-01,1.737799942493438721e-01,4.509187936782836914e-01,5.111075639724731445e-01,2.440551668405532837e-01,3.053453862667083740e-01,2.441641241312026978e-01,1.524829715490341187e-01,2.102480828762054443e-01,-6.428609788417816162e-02,6.899778246879577637e-01,3.107137978076934814e-01,-9.292845726013183594e-01,3.124230504035949707e-01,2.329743653535842896e-01,2.317454814910888672e-01,2.107109278440475464e-01,7.226256281137466431e-02,-4.622943878173828125e+00,-4.622943878173828125e+00,4.576009213924407959e-01,4.470507204532623291e-01,3.874470293521881104e-01,3.859736919403076172e-01,5.331270098686218262e-01,5.328238606452941895e-01,3.562061786651611328e-01,2.275618761777877808e-01,3.562251329421997070e-01,2.609203457832336426e-01,3.677038550376892090e-01,-4.341516017913818359e+00,-1.534739494323730469e+00,2.890013158321380615e-01,2.431716471910476685e-01,1.912757158279418945e-01,-3.256109654903411865e-01,5.956134200096130371e-01,4.644298851490020752e-01,3.301518559455871582e-01,1.761231124401092529e-01,3.288145065307617188e-01,-8.651732206344604492e-01,-3.136276900768280029e-01,3.746986389160156250e-01,4.103831648826599121e-01,2.280735224485397339e-01,2.160594612360000610e-01,-3.150922536849975586e+00,7.892809063196182251e-02,2.464854568243026733e-01,3.628447055816650391e-01,4.150329232215881348e-01,2.349309176206588745e-01,2.822505235671997070e-01,3.520419895648956299e-01,1.810239553451538086e-01,2.442304491996765137e-01,7.573816776275634766e-01,7.074304819107055664e-01,4.841398596763610840e-01,6.112232208251953125e-01,5.439875125885009766e-01,5.895211100578308105e-01,3.982246220111846924e-01,3.771431446075439453e-01,4.335396289825439453e-01,2.073686867952346802e-01,2.620170414447784424e-01,2.261193394660949707e-01,1.429896801710128784e-01,2.564458549022674561e-01,3.804238140583038330e-01,7.751611471176147461e-01,6.427236199378967285e-01,-4.250349402427673340e-01,2.612993419170379639e-01,3.777708709239959717e-01,3.222508132457733154e-01,2.869192361831665039e-01,4.168426394462585449e-01,4.689754247665405273e-01,3.543372750282287598e-01,4.496870636940002441e-01,2.722896337509155273e-01,-2.908814907073974609e+00,4.919779002666473389e-01,4.241026937961578369e-01,-2.574846744537353516e-01,-1.024063110351562500e+00,2.538047432899475098e-01,-2.207745164632797241e-01,4.937639236450195312e-01,-3.681322813034057617e+00,-1.005954742431640625e+00,2.549914717674255371e-01,3.804238140583038330e-01,5.390786528587341309e-01,3.458293676376342773e-01,3.634710013866424561e-01,2.420725673437118530e-01,-1.400308370590209961e+00,-1.433453679084777832e+00,3.747578561305999756e-01,2.233882248401641846e-01,2.082640528678894043e-01,2.223625779151916504e-01,4.998491108417510986e-01,5.266817808151245117e-01,2.364753186702728271e-01,1.952409148216247559e-01,2.486812472343444824e-01
6.633381247520446777e-01,7.629690170288085938e-01,7.805764079093933105e-01,8.020543456077575684e-01,-1.022994816303253174e-01,5.903220176696777344e-01,5.065990090370178223e-01,6.320557594299316406e-01,5.127028822898864746e-01,8.104367256164550781e-01,1.082989931106567383e+00,7.058364748954772949e-01,8.216526508331298828e-01,7.136040329933166504e-01,6.139173507690429688e-01,5.977631211280822754e-01,2.258687764406204224e-01,1.102584600448608398e+00,7.890739440917968750e-01,-1.810318827629089355e-01,7.507902979850769043e-01,5.085143446922302246e-01,5.666556358337402344e-01,5.951574444770812988e-01,2.609775364398956299e-01,-3.199958562850952148e+00,-3.199958562850952148e+00,4.119926095008850098e-01,5.573687553405761719e-01,4.827224612236022949e-01,4.347301125526428223e-01,9.410461187362670898e-01,5.566179752349853516e-01,3.944028913974761963e-01,-3.199958562850952148e+00,-7.396577596664428711e-01,5.945797562599182129e-01,7.072302699089050293e-01,-3.199958562850952148e+00,-8.952075839042663574e-01,6.518148183822631836e-01,5.670884251594543457e-01,6.954190135002136230e-01,-4.486305639147758484e-02,7.861923575401306152e-01,1.061644434928894043e+00,6.744979023933410645e-01,7.071454524993896484e-01,6.196509003639221191e-01,-3.406077325344085693e-01,-5.074936151504516602e-01,-1.192412152886390686e-01,9.833148121833801270e-01,6.376663446426391602e-01,7.051156759262084961e-01,-2.014451980590820312e+00,3.955246508121490479e-01,3.242736756801605225e-01,2.541282176971435547e-01,6.851463913917541504e-01,5.188735127449035645e-01,6.451283693313598633e-01,4.752622544765472412e-01,6.922127008438110352e-01,5.693743824958801270e-01,5.775659680366516113e-01,1.026977300643920898e+00,2.027709037065505981e-01,-4.870268702507019043e-01,-1.397469401359558105e+00,3.088522553443908691e-01,4.702504873275756836e-01,-4.614409804344177246e-01,5.103321671485900879e-01,4.262806177139282227e-01,6.255017518997192383e-01,9.370864927768707275e-02,2.873358130455017090e-01,-3.039037585258483887e-01,6.905301660299301147e-02,-2.888702452182769775e-01,-9.949339032173156738e-01,-6.123570799827575684e-01,-2.052649557590484619e-01,4.667897820472717285e-01,2.062528133392333984e-01,4.214949905872344971e-01,7.862276434898376465e-01,-9.105632901191711426e-01,-1.092515587806701660e+00,-7.437049746513366699e-01,-1.107932448387145996e+00,-3.199958562850952148e+00,-1.328770071268081665e-01,-2.490588724613189697e-01,2.945229113101959229e-01,-4.527388513088226318e-01,-1.190095424652099609e+00,-9.936305284500122070e-01,3.263211250305175781e-01,-2.547480344772338867e+00,-4.041794538497924805e-01,5.872714519500732422e-01,-2.990297973155975342e-01,4.975545704364776611e-01,3.037429749965667725e-01,2.570646107196807861e-01,-4.800440073013305664e-01,-2.782953262329101562e+00,-1.863142967224121094e+00,7.643858194351196289e-01,6.931260228157043457e-01,6.248163580894470215e-01,2.178803533315658569e-01,3.293419480323791504e-01,-4.767959713935852051e-01,-5.613304972648620605e-01,-9.054890275001525879e-01,-1.612550735473632812e+00
5.790172815322875977e-01,7.299656867980957031e-01,8.990350961685180664e-01,8.162260055541992188e-01,-2.043296694755554199e-01,5.921631455421447754e-01,5.670893788337707520e-01,6.232972741127014160e-01,5.905579924583435059e-01,8.510060906410217285e-01,1.025575041770935059e+00,7.559518218040466309e-01,8.137249350547790527e-01,7.427368164062500000e-01,6.934707164764404297e-01,6.594268679618835449e-01,8.970911055803298950e-02,1.016153573989868164e+00,7.630494236946105957e-01,-2.728148698806762695e-01,6.897448897361755371e-01,5.919862985610961914e-01,7.490232586860656738e-01,6.630046963691711426e-01,3.115921318531036377e-01,-3.348367214202880859e+00,-3.348367214202880859e+00,7.141355276107788086e-01,5.040146112442016602e-01,6.974728107452392578e-01,6.061460971832275391e-01,9.228944778442382812e-01,5.536836385726928711e-01,3.392700254917144775e-01,6.734351515769958496e-01,4.350676834583282471e-01,7.036979198455810547e-01,5.740917325019836426e-01,-3.348367214202880859e+00,-1.194385528564453125e+00,7.058175206184387207e-01,5.784646868705749512e-01,6.953924298286437988e-01,1.511473953723907471e-01,7.389540076255798340e-01,9.343999028205871582e-01,6.687681078910827637e-01,7.351604700088500977e-01,6.415144801139831543e-01,-2.846447527408599854e-01,-4.475349783897399902e-01,-6.647937297821044922e-01,9.301838278770446777e-01,6.738469600677490234e-01,7.035909891128540039e-01,-2.103466749191284180e+00,1.131032183766365051e-01,5.761899948120117188e-01,2.673859596252441406e-01,8.859580755233764648e-01,6.515456438064575195e-01,6.586906313896179199e-01,5.152882933616638184e-01,6.283244490623474121e-01,4.513578116893768311e-01,4.432323575019836426e-01,9.299966692924499512e-01,4.780009016394615173e-02,-5.380901098251342773e-01,-1.409704685211181641e+00,1.320238709449768066e-01,5.226810574531555176e-01,-3.766595423221588135e-01,2.560955286026000977e-01,2.514534294605255127e-01,6.081284880638122559e-01,6.276105344295501709e-02,3.187649250030517578e-01,-3.248209953308105469e-01,-1.479328125715255737e-01,-5.508612394332885742e-01,-1.141147494316101074e+00,-6.983280777931213379e-01,-2.624714076519012451e-01,6.300162076950073242e-01,5.164684057235717773e-01,3.227624297142028809e-01,4.081367254257202148e-01,-1.027988076210021973e+00,-1.097158193588256836e+00,-9.319821596145629883e-01,-1.157831668853759766e+00,-3.348367214202880859e+00,-9.911946952342987061e-02,-3.997363448143005371e-01,1.945788264274597168e-01,-4.851801991462707520e-01,-1.353730320930480957e+00,-1.067157745361328125e+00,-2.293157130479812622e-01,-2.756205558776855469e+00,-3.826653957366943359e-01,6.661083698272705078e-01,-4.412799179553985596e-01,4.311350882053375244e-01,1.900807619094848633e-01,4.676622152328491211e-01,-7.615365386009216309e-01,-3.085851669311523438e+00,-1.387786626815795898e+00,7.308695316314697266e-01,7.192232608795166016e-01,7.194942831993103027e-01,-4.266655147075653076e-01,-7.343544624745845795e-03,-6.555919051170349121e-01,-7.029876708984375000e-01,-1.000458478927612305e+00,-1.538947224617004395e+00
3.320413827896118164e-01,2.775239348411560059e-01,4.948845803737640381e-01,5.772268176078796387e-01,-8.294036388397216797e-01,4.940696433186531067e-02,1.312757730484008789e-01,1.661693155765533447e-01,1.277355700731277466e-01,5.113613605499267578e-01,5.642082095146179199e-01,2.624774873256683350e-01,3.108251690864562988e-01,3.173667490482330322e-01,2.492423355579376221e-01,3.817885816097259521e-01,2.903801500797271729e-01,5.801145434379577637e-01,3.319460153579711914e-01,-9.303858280181884766e-01,3.462083935737609863e-01,3.483861684799194336e-01,3.410925567150115967e-01,3.508095741271972656e-01,1.718281358480453491e-01,-4.647112846374511719e+00,-4.647112846374511719e+00,2.827580273151397705e-01,2.733412384986877441e-01,3.083076477050781250e-01,4.772918522357940674e-01,5.332366824150085449e-01,3.229964375495910645e-01,3.441056013107299805e-01,3.268876373767852783e-01,3.236293494701385498e-01,2.807093560695648193e-01,5.293725728988647461e-01,-4.359470844268798828e+00,-1.509904503822326660e+00,3.577342331409454346e-01,3.443824946880340576e-01,3.165597915649414062e-01,-1.635827571153640747e-01,4.514045417308807373e-01,5.950277447700500488e-01,3.011248409748077393e-01,1.672498583793640137e-01,3.124512135982513428e-01,-8.142614364624023438e-01,-6.060364842414855957e-01,4.818159937858581543e-01,5.804226398468017578e-01,2.715549170970916748e-01,2.807947099208831787e-01,-3.192486763000488281e+00,2.923705279827117920e-01,2.538768351078033447e-01,4.807908236980438232e-01,5.518058538436889648e-01,2.282518297433853149e-01,6.923448294401168823e-02,-3.495854884386062622e-02,2.426120638847351074e-01,2.897576391696929932e-01,4.724366664886474609e-01,5.680515170097351074e-01,2.201800048351287842e-01,2.485261410474777222e-01,2.929805517196655273e-01,1.070494577288627625e-01,2.875569760799407959e-01,3.688436746597290039e-01,5.890920162200927734e-01,6.794823706150054932e-02,1.809242963790893555e-01,2.799577713012695312e-01,2.253141552209854126e-01,1.967348456382751465e-01,4.900814592838287354e-01,5.673624277114868164e-01,2.532447278499603271e-01,2.812944054603576660e-01,1.761440783739089966e-01,2.258221656084060669e-01,6.803484261035919189e-02,5.380439758300781250e-01,5.694602131843566895e-01,5.409337878227233887e-01,2.418200820684432983e-01,2.762455940246582031e-01,2.188746035099029541e-01,-2.994340658187866211e+00,4.742292463779449463e-01,5.684866905212402344e-01,-3.031336069107055664e-01,-1.043056726455688477e+00,3.392275273799896240e-01,-1.431743800640106201e-01,2.737826108932495117e-01,-3.673323869705200195e+00,-8.704456686973571777e-01,2.975213527679443359e-01,3.040566742420196533e-01,2.693484127521514893e-01,3.202394843101501465e-01,3.382219374179840088e-01,3.874070048332214355e-01,-1.456451892852783203e+00,-1.406197428703308105e+00,7.087924331426620483e-02,3.081269264221191406e-01,3.480676114559173584e-01,3.427419066429138184e-01,5.285335183143615723e-01,5.528780817985534668e-01,3.152348101139068604e-01,3.051892518997192383e-01,3.415510058403015137e-01
1.300522238016128540e-01,4.322222471237182617e-01,4.880405962467193604e-01,4.705460369586944580e-01,-1.034141540527343750e+00,1.498123407363891602e-01,2.425380796194076538e-01,2.931951582431793213e-01,2.815772593021392822e-01,4.747799932956695557e-01,4.829314351081848145e-01,3.568244576454162598e-01,1.901439391076564789e-02,4.206460118293762207e-01,3.516191542148590088e-01,4.227654039859771729e-01,1.961730122566223145e-01,5.092463493347167969e-01,4.162286221981048584e-01,-8.139926195144653320e-01,-3.430577218532562256e-01,1.005107611417770386e-01,4.103343486785888672e-01,3.253082334995269775e-01,3.191656172275543213e-01,-4.554533958435058594e+00,-4.554533958435058594e+00,4.390017688274383545e-01,3.123440444469451904e-01,4.110245108604431152e-01,4.538966715335845947e-01,5.155892372131347656e-01,4.143732190132141113e-01,3.962998390197753906e-01,4.145534634590148926e-01,4.361197352409362793e-01,4.054607152938842773e-01,4.734721481800079346e-01,-4.276803970336914062e+00,-1.406013369560241699e+00,-6.221834421157836914e-01,4.335300922393798828e-01,3.678339123725891113e-01,1.203926652669906616e-01,4.997770786285400391e-01,4.979885518550872803e-01,2.656472921371459961e-01,-2.740308344364166260e-01,4.071610867977142334e-01,-7.391615509986877441e-01,-4.059479832649230957e-01,4.636924266815185547e-01,4.990159869194030762e-01,1.880536079406738281e-01,4.425126910209655762e-01,-3.066531658172607422e+00,-6.454020142555236816e-01,4.127168953418731689e-01,4.754381179809570312e-01,4.536082744598388672e-01,4.218076467514038086e-01,4.049419760704040527e-01,-2.734860777854919434e-01,4.161957800388336182e-01,4.254587590694427490e-01,4.428031146526336670e-01,4.850884377956390381e-01,4.240808486938476562e-01,1.585195586085319519e-02,3.335798382759094238e-01,4.109604358673095703e-01,-1.418713778257369995e-01,4.701434671878814697e-01,4.781226813793182373e-01,3.426665961742401123e-01,3.422860503196716309e-01,3.982505798339843750e-01,3.332834243774414062e-01,4.211226999759674072e-01,4.706582129001617432e-01,4.644855260848999023e-01,4.070401191711425781e-01,4.057691395282745361e-01,6.128972023725509644e-02,2.967080771923065186e-01,4.082506299018859863e-01,4.577541053295135498e-01,4.899632930755615234e-01,4.642011523246765137e-01,2.572947740554809570e-01,3.429449796676635742e-01,2.617990970611572266e-01,-2.842767715454101562e+00,4.546377062797546387e-01,4.958555698394775391e-01,-2.230873554944992065e-01,-1.221910238265991211e+00,-3.445758521556854248e-01,-1.116426229476928711e+00,4.326528608798980713e-01,-3.586799860000610352e+00,-9.362641572952270508e-01,4.098288416862487793e-01,4.265022277832031250e-01,4.115512669086456299e-01,4.487254321575164795e-01,4.386372566223144531e-01,3.612114191055297852e-01,-1.668443679809570312e+00,-1.276986360549926758e+00,4.634661078453063965e-01,4.252765178680419922e-01,4.505659937858581543e-01,4.331956207752227783e-01,4.531396031379699707e-01,4.884631931781768799e-01,4.182666838169097900e-01,4.389477074146270752e-01,7.019021362066268921e-02
3.419133126735687256e-01,3.686549365520477295e-01,3.964334428310394287e-01,4.121960103511810303e-01,-8.646107316017150879e-01,9.549861401319503784e-02,1.010620743036270142e-01,1.865942627191543579e-01,1.883632391691207886e-01,4.057547450065612793e-01,4.572331309318542480e-01,2.725468277931213379e-01,3.275368809700012207e-01,3.408634960651397705e-01,2.758864462375640869e-01,3.610332012176513672e-01,3.654161095619201660e-02,4.803057312965393066e-01,2.958216071128845215e-01,-8.700560331344604492e-01,3.363817632198333740e-01,3.237406611442565918e-01,3.539089858531951904e-01,2.236552685499191284e-01,2.248473763465881348e-01,-4.686595439910888672e+00,-4.686595439910888672e+00,3.197827637195587158e-01,2.713547050952911377e-01,3.849779665470123291e-01,3.985417187213897705e-01,3.480333983898162842e-01,3.012522757053375244e-01,3.244865536689758301e-01,3.058913648128509521e-01,2.993617057800292969e-01,2.903228104114532471e-01,4.265228509902954102e-01,-4.404005527496337891e+00,-1.527216315269470215e+00,3.603015542030334473e-01,3.356897830963134766e-01,3.524332046508789062e-01,7.072075968608260155e-04,4.405759572982788086e-01,4.476833343505859375e-01,2.653652727603912354e-01,3.025844991207122803e-01,3.506461083889007568e-01,-7.633482813835144043e-01,-5.555549263954162598e-01,4.293640851974487305e-01,4.420698583126068115e-01,2.987796664237976074e-01,3.435667455196380615e-01,-3.172445058822631836e+00,2.618695795536041260e-01,3.011358678340911865e-01,4.074728488922119141e-01,4.401060044765472412e-01,3.435300886631011963e-01,2.742950916290283203e-01,1.314791738986968994e-01,3.367137312889099121e-01,3.545091450214385986e-01,3.764758408069610596e-01,4.542000591754913330e-01,3.593637943267822266e-01,3.637205064296722412e-01,3.235358595848083496e-01,3.513812124729156494e-01,3.456879556179046631e-01,4.093892574310302734e-01,4.540599286556243896e-01,2.150237858295440674e-01,3.171075284481048584e-01,3.543560802936553955e-01,2.765025496482849121e-01,2.370077520608901978e-01,4.142180681228637695e-01,4.723187983036041260e-01,3.293424844741821289e-01,3.487857282161712646e-01,1.044896543025970459e-01,3.435926139354705811e-01,3.402879238128662109e-01,4.186523556709289551e-01,4.681000709533691406e-01,4.565907418727874756e-01,3.146090805530548096e-01,3.186919987201690674e-01,2.368490844964981079e-01,-2.974613189697265625e+00,4.016890525817871094e-01,4.776240289211273193e-01,-3.065248727798461914e-01,-1.015446782112121582e+00,3.073874413967132568e-01,-2.071543186902999878e-01,2.941233515739440918e-01,-3.708163022994995117e+00,-9.974327683448791504e-01,3.494281172752380371e-01,3.333292603492736816e-01,3.109430670738220215e-01,3.193020522594451904e-01,3.301819264888763428e-01,3.457090854644775391e-01,-1.536817789077758789e+00,-1.358057498931884766e+00,3.724533021450042725e-01,3.479040563106536865e-01,3.437478244304656982e-01,3.282849192619323730e-01,3.489560186862945557e-01,4.249793589115142822e-01,2.747801244258880615e-01,3.375932574272155762e-01,2.837004661560058594e-01
3.944672644138336182e-01,4.951390027999877930e-01,6.884175539016723633e-01,7.432156205177307129e-01,-7.004781365394592285e-01,-3.710789382457733154e-01,2.095269113779067993e-01,-4.327058419585227966e-02,3.137329518795013428e-01,6.385948657989501953e-01,6.854865550994873047e-01,3.961027860641479492e-01,-6.206254363059997559e-01,1.523364782333374023e-01,3.424733579158782959e-01,3.052332699298858643e-01,3.263305723667144775e-01,7.500601410865783691e-01,4.880449473857879639e-01,-7.705423831939697266e-01,4.205061495304107666e-01,2.950346767902374268e-01,4.654105901718139648e-01,4.903784692287445068e-01,1.747659742832183838e-01,-4.437717437744140625e+00,-4.437717437744140625e+00,4.770315289497375488e-01,3.566084504127502441e-01,4.732431173324584961e-01,6.207565069198608398e-01,7.014557719230651855e-01,4.945444464683532715e-01,4.655975103378295898e-01,5.105950236320495605e-01,4.662400484085083008e-01,5.074554085731506348e-01,6.927274465560913086e-01,-4.157942295074462891e+00,-1.321610569953918457e+00,-1.626026183366775513e-01,4.062934517860412598e-01,-4.345506429672241211e-01,-1.174778640270233154e-01,6.220853328704833984e-01,7.409980893135070801e-01,-1.383758988231420517e-02,-2.240866869688034058e-01,2.653596997261047363e-01,-1.425803661346435547e+00,-3.452482521533966064e-01,6.096500158309936523e-01,7.081146240234375000e-01,2.535216510295867920e-02,-1.697538197040557861e-01,-2.966825008392333984e+00,3.019497394561767578e-01,4.254898726940155029e-01,6.126565337181091309e-01,7.018166780471801758e-01,-5.127841234207153320e-01,2.607431113719940186e-01,1.573615223169326782e-01,3.830291032791137695e-01,3.703830540180206299e-01,6.278743147850036621e-01,4.428442716598510742e-01,2.127103209495544434e-01,-6.949749588966369629e-01,1.148702800273895264e-01,4.063122272491455078e-01,4.334400594234466553e-01,-6.127167120575904846e-02,7.240024805068969727e-01,3.733662068843841553e-01,-7.979393601417541504e-01,-4.710722565650939941e-01,2.943921387195587158e-01,4.136908054351806641e-01,6.611457467079162598e-01,6.988210082054138184e-01,1.458866298198699951e-01,-1.888668090105056763e-01,3.884508907794952393e-01,-2.943338453769683838e-02,3.710443675518035889e-01,6.260239481925964355e-01,7.359789013862609863e-01,6.947050690650939941e-01,1.109433770179748535e-01,3.080360218882560730e-02,-4.855857789516448975e-01,-2.771913051605224609e+00,5.900780558586120605e-01,6.655161976814270020e-01,-3.467189371585845947e-01,-1.229068756103515625e+00,-8.882924914360046387e-02,-9.499470591545104980e-01,3.043575286865234375e-01,-3.451650619506835938e+00,-7.202044725418090820e-01,4.642039835453033447e-01,4.626269042491912842e-01,4.196587502956390381e-01,-4.514892399311065674e-02,4.764682650566101074e-01,5.061482787132263184e-01,-1.261113166809082031e+00,-1.213533043861389160e+00,4.943024516105651855e-01,4.827558100223541260e-01,4.481325745582580566e-01,4.807761013507843018e-01,6.206834912300109863e-01,7.047727108001708984e-01,4.978342652320861816e-01,4.474316239356994629e-01,3.353759646415710449e-01
3.381292223930358887e-01,2.096826881170272827e-01,6.031920313835144043e-01,6.404201388359069824e-01,-8.546223044395446777e-01,-4.226545989513397217e-02,1.333435177803039551e-01,-8.235177956521511078e-03,1.988995671272277832e-01,5.492785573005676270e-01,6.756319403648376465e-01,1.982899904251098633e-01,2.737543284893035889e-01,3.101793229579925537e-01,2.292066067457199097e-01,3.583990037441253662e-01,3.734734952449798584e-01,6.959504485130310059e-01,3.400767147541046143e-01,-9.501274228096008301e-01,3.005935847759246826e-01,2.846728563308715820e-01,3.206284046173095703e-01,4.039714932441711426e-01,-9.954889118671417236e-02,-4.634844303131103516e+00,-4.634844303131103516e+00,3.028426468372344971e-01,2.618725001811981201e-01,3.231546878814697266e-01,4.563428759574890137e-01,6.505804061889648438e-01,2.748863101005554199e-01,3.369929492473602295e-01,2.754822373390197754e-01,3.037845492362976074e-01,2.726885080337524414e-01,5.828821063041687012e-01,-4.341549396514892578e+00,-1.498352289199829102e+00,2.625602483749389648e-01,2.857429087162017822e-01,2.741985619068145752e-01,1.682063378393650055e-02,3.578688800334930420e-01,6.658859848976135254e-01,3.081989586353302002e-01,2.094584256410598755e-01,3.017319738864898682e-01,-8.235796689987182617e-01,-5.165279507637023926e-01,5.294235348701477051e-01,6.846047043800354004e-01,2.676073014736175537e-01,9.022470563650131226e-02,-3.154985427856445312e+00,3.216019272804260254e-01,2.107997387647628784e-01,5.109137296676635742e-01,6.460887193679809570e-01,2.130957990884780884e-01,1.259995549917221069e-01,-5.640530586242675781e-02,1.451625227928161621e-01,2.619109451770782471e-01,5.156450867652893066e-01,6.876291036605834961e-01,1.920084208250045776e-01,1.937598288059234619e-01,2.576306760311126709e-01,1.817221045494079590e-01,2.603474855422973633e-01,5.119158625602722168e-01,6.893612742424011230e-01,1.260251849889755249e-01,-4.633897915482521057e-02,2.417548149824142456e-01,1.733943670988082886e-01,1.999281942844390869e-01,4.875221848487854004e-01,6.559243202209472656e-01,1.198089718818664551e-01,1.036562919616699219e-01,9.714618325233459473e-02,2.479317337274551392e-01,2.758773565292358398e-01,5.722924470901489258e-01,6.611080765724182129e-01,6.339377760887145996e-01,1.126952692866325378e-01,-2.784453891217708588e-02,1.559627354145050049e-01,-2.956619262695312500e+00,5.086800456047058105e-01,6.698544621467590332e-01,-3.164317011833190918e-01,-1.152305722236633301e+00,2.687200903892517090e-01,-1.733574867248535156e-01,3.244404792785644531e-01,-3.634461164474487305e+00,-7.865737080574035645e-01,3.144531846046447754e-01,2.890556454658508301e-01,2.027120888233184814e-01,3.047713339328765869e-01,3.672154247760772705e-01,4.492718875408172607e-01,-1.373043298721313477e+00,-1.382133483886718750e+00,2.204175293445587158e-01,3.268454670906066895e-01,3.043889999389648438e-01,3.271978795528411865e-01,5.621599555015563965e-01,6.109046339988708496e-01,2.914114892482757568e-01,2.890983521938323975e-01,3.092288672924041748e-01
-3.269775509834289551e-01,-8.056559562683105469e-01,-2.521960735321044922e-01,3.132350742816925049e-01,5.353158116340637207e-01,9.191656708717346191e-01,-4.777237176895141602e-01,-9.957537055015563965e-01,-8.724065423011779785e-01,-4.715869724750518799e-01,8.456875085830688477e-01,1.448273539543151855e+00,-4.710984528064727783e-01,2.164005935192108154e-01,-8.375516533851623535e-01,-7.177329063415527344e-01,1.533638089895248413e-01,2.007187843322753906e+00,9.060506820678710938e-01,-9.417655467987060547e-01,-4.941762685775756836e-01,-8.649011850357055664e-01,4.588767588138580322e-01,7.034024596214294434e-02,8.455295562744140625e-01,-2.211321115493774414e+00,-2.211321115493774414e+00,-2.636040151119232178e-01,-9.057456851005554199e-01,-5.276143550872802734e-01,-7.301153987646102905e-02,1.363990187644958496e+00,1.251542568206787109e+00,2.269334048032760620e-01,-3.070593774318695068e-01,-2.741825580596923828e-01,-2.752942964434623718e-02,-9.426839649677276611e-02,-2.158370256423950195e+00,-9.526766538619995117e-01,-7.320967316627502441e-01,1.768793463706970215e+00,-6.255858540534973145e-01,-1.093110799789428711e+00,5.329693108797073364e-02,6.576372981071472168e-01,1.349116206169128418e+00,-9.798516035079956055e-01,-5.808832645416259766e-01,-1.018962502479553223e+00,-1.260657906532287598e+00,-4.677475988864898682e-01,2.276713401079177856e-01,1.639878273010253906e+00,1.448845148086547852e+00,-7.810482382774353027e-01,6.043765228241682053e-03,-6.076591014862060547e-01,1.477068066596984863e-01,6.705668568611145020e-01,4.597111642360687256e-01,2.370714187622070312e+00,1.900560617446899414e+00,3.169476389884948730e-01,-6.730573177337646484e-01,-6.289908289909362793e-01,9.111152291297912598e-01,1.862823724746704102e+00,5.905470252037048340e-01,-6.360376477241516113e-01,-3.087431490421295166e-01,-7.763607501983642578e-01,-4.323451220989227295e-01,5.593830943107604980e-01,2.315524578094482422e+00,1.090064525604248047e+00,3.877508267760276794e-02,-2.709792554378509521e-01,-1.239413499832153320e+00,-1.755791008472442627e-01,1.553555846214294434e+00,6.769256591796875000e-01,-1.233702898025512695e-01,-6.912273168563842773e-01,-7.507656216621398926e-01,-8.100711107254028320e-01,3.686118125915527344e-01,1.531211853027343750e+00,2.859162569046020508e+00,1.319547533988952637e+00,-1.620654165744781494e-01,-2.067567855119705200e-01,-1.744032025337219238e+00,3.762198984622955322e-01,1.587230920791625977e+00,3.639305830001831055e-01,-1.197049379348754883e+00,-8.625273108482360840e-01,-1.161674857139587402e+00,-5.112320780754089355e-01,-1.929167985916137695e+00,1.244325280189514160e+00,6.215530633926391602e-01,2.262976765632629395e-02,-7.653381824493408203e-01,5.852164030075073242e-01,-5.929335355758666992e-01,2.048346698284149170e-01,-1.445679426193237305e+00,-1.037739396095275879e+00,4.557661339640617371e-02,2.570642530918121338e-01,-5.764161348342895508e-01,-5.161627531051635742e-01,-4.954026937484741211e-01,1.378931999206542969e+00,2.868604362010955811e-01,2.906312048435211182e-01,-1.166830882430076599e-01
4.510128200054168701e-01,4.307102859020233154e-01,3.991383612155914307e-01,7.460101842880249023e-01,-6.719189286231994629e-01,2.255199104547500610e-01,3.223140537738800049e-01,2.752403020858764648e-01,2.783808708190917969e-01,-9.687517583370208740e-02,-2.818450927734375000e-01,4.225304722785949707e-01,3.168997466564178467e-01,3.961071372032165527e-01,3.682072758674621582e-01,3.619374036788940430e-01,1.809891164302825928e-01,6.685765981674194336e-01,4.922730028629302979e-01,-7.217192649841308594e-01,4.563320577144622803e-01,3.989892899990081787e-01,4.372830688953399658e-01,7.837016880512237549e-02,3.105905652046203613e-01,-4.606329441070556641e+00,-4.606329441070556641e+00,3.968330919742584229e-01,3.778246939182281494e-01,3.899647295475006104e-01,4.837190210819244385e-01,1.445365697145462036e-01,4.449287652969360352e-01,3.332009911537170410e-01,2.950934767723083496e-01,3.742533326148986816e-01,1.670839041471481323e-01,-2.646666765213012695e-01,-4.320354461669921875e+00,-1.462441563606262207e+00,3.109410107135772705e-01,4.990199208259582520e-01,1.459862887859344482e-01,-2.136425971984863281e-01,1.489980667829513550e-01,7.102667093276977539e-01,2.360708080232143402e-02,4.223036170005798340e-01,3.141364157199859619e-01,-7.702621817588806152e-01,-5.896695256233215332e-01,5.054000020027160645e-01,2.387925088405609131e-01,3.943376541137695312e-01,5.606498452834784985e-04,-3.048779964447021484e+00,1.606736034154891968e-01,1.344641447067260742e-01,3.387574553489685059e-01,6.291511058807373047e-01,4.120043516159057617e-01,4.051057696342468262e-01,1.302813589572906494e-01,3.074322938919067383e-01,3.517016470432281494e-01,3.003025352954864502e-01,6.899183392524719238e-01,4.182720780372619629e-01,4.536918997764587402e-01,4.284438788890838623e-01,3.669399023056030273e-01,3.153830468654632568e-01,1.374824196100234985e-01,7.262650132179260254e-01,3.800349235534667969e-01,4.347029328346252441e-01,4.752204567193984985e-02,3.473352193832397461e-01,3.128962814807891846e-01,2.445801496505737305e-01,6.529818177223205566e-01,4.123198091983795166e-01,3.638654649257659912e-01,2.928573191165924072e-01,3.834961056709289551e-01,2.370182871818542480e-01,4.044424891471862793e-01,6.821987628936767578e-01,7.443681359291076660e-01,3.910147547721862793e-01,3.642154633998870850e-01,-5.164347290992736816e-01,-2.991929769515991211e+00,1.193749681115150452e-01,6.932001709938049316e-01,-1.796388030052185059e-01,-9.110352993011474609e-01,1.130208373069763184e-01,-1.559770554304122925e-01,3.725724220275878906e-01,-3.833840847015380859e+00,-9.404670000076293945e-01,4.228502511978149414e-01,3.994430005550384521e-01,3.623241484165191650e-01,3.561575412750244141e-01,1.017450019717216492e-01,-8.714282512664794922e-02,-1.459243893623352051e+00,-1.373103380203247070e+00,3.878733515739440918e-01,3.593974709510803223e-01,1.454742401838302612e-01,2.923690378665924072e-01,3.041871488094329834e-01,1.159051507711410522e-01,3.383905887603759766e-01,3.040143251419067383e-01,3.740264773368835449e-01
3.010607659816741943e-01,4.126482605934143066e-01,6.606432795524597168e-01,6.324343085289001465e-01,-8.005603551864624023e-01,6.845359224826097488e-03,1.576177775859832764e-01,1.459942609071731567e-01,2.584169209003448486e-01,6.267266869544982910e-01,6.350469589233398438e-01,2.230151295661926270e-01,1.589725464582443237e-01,3.121509850025177002e-01,2.510969936847686768e-01,3.898827731609344482e-01,4.129546582698822021e-01,6.414067149162292480e-01,3.378864526748657227e-01,-8.641106486320495605e-01,2.954587042331695557e-01,2.528906464576721191e-01,3.928821086883544922e-01,4.777508080005645752e-01,4.805104434490203857e-01,-4.369969844818115234e+00,-4.369969844818115234e+00,2.812155187129974365e-01,2.556813061237335205e-01,3.568638265132904053e-01,5.943627953529357910e-01,6.156343817710876465e-01,3.240610361099243164e-01,2.491828501224517822e-01,3.243653476238250732e-01,3.423639237880706787e-01,3.790442943572998047e-01,6.561757326126098633e-01,-4.085969448089599609e+00,-1.392294883728027344e+00,2.732078731060028076e-01,2.798905968666076660e-01,3.169849812984466553e-01,2.213382422924041748e-01,6.256957054138183594e-01,6.710979342460632324e-01,2.702068686485290527e-01,2.795510590076446533e-01,2.543915510177612305e-01,-1.648419737815856934e+00,-3.793267905712127686e-01,6.309975981712341309e-01,6.470625996589660645e-01,2.936679720878601074e-01,2.739304006099700928e-01,-2.943943262100219727e+00,2.422247976064682007e-01,3.939561545848846436e-01,6.357860565185546875e-01,6.848443150520324707e-01,2.314533889293670654e-01,2.015634030103683472e-01,7.829150557518005371e-02,2.967008650302886963e-01,3.486657142639160156e-01,6.011407375335693359e-01,6.744008064270019531e-01,2.672331929206848145e-01,2.807952761650085449e-01,3.126706182956695557e-01,2.822133898735046387e-01,3.906355202198028564e-01,6.560536026954650879e-01,6.918064951896667480e-01,2.252240628004074097e-01,-1.159809413366019726e-03,-1.013005375862121582e+00,2.438768446445465088e-01,4.016698300838470459e-01,2.133190035820007324e-01,6.415598988533020020e-01,2.610630691051483154e-01,2.555053234100341797e-01,2.879168689250946045e-01,3.471006155014038086e-01,3.790049552917480469e-01,6.676319837570190430e-01,6.826809048652648926e-01,5.629863739013671875e-01,2.748433649539947510e-01,2.354447990655899048e-01,2.557102739810943604e-01,-2.803252458572387695e+00,6.401107311248779297e-01,-7.846515178680419922e-01,-3.052063286304473877e-01,-9.389499425888061523e-01,3.254998326301574707e-01,-1.387038677930831909e-01,3.868246376514434814e-01,-3.410765647888183594e+00,-7.239730358123779297e-01,2.948335111141204834e-01,2.848835587501525879e-01,3.074407875537872314e-01,3.055303990840911865e-01,-4.799656867980957031e-01,-2.525831222534179688e+00,-1.249521374702453613e+00,-1.279566287994384766e+00,2.836977243423461914e-01,3.216326534748077393e-01,-1.970119178295135498e-01,3.838058114051818848e-01,6.110260486602783203e-01,6.310244798660278320e-01,2.794599831104278564e-01,2.762581706047058105e-01,2.868589758872985840e-01
4.144496619701385498e-01,3.273689448833465576e-01,1.981568932533264160e-01,7.293127775192260742e-01,-5.393005609512329102e-01,2.985687553882598877e-01,-2.068864554166793823e-01,2.467344999313354492e-01,-1.894638687372207642e-02,1.106680706143379211e-01,7.368676066398620605e-01,4.869445264339447021e-01,3.629423081874847412e-01,5.432434678077697754e-01,1.471246182918548584e-01,4.746955633163452148e-01,2.782959342002868652e-01,7.824464440345764160e-01,5.495240688323974609e-01,-7.691782116889953613e-01,3.258400857448577881e-01,4.603797197341918945e-01,1.052824184298515320e-01,5.218296051025390625e-01,4.031894803047180176e-01,-4.231606483459472656e+00,-4.231606483459472656e+00,5.304198861122131348e-01,4.709516465663909912e-01,1.835507154464721680e-01,6.452572345733642578e-01,6.961169242858886719e-01,3.919374048709869385e-01,4.738854467868804932e-01,4.814200103282928467e-01,4.288589060306549072e-01,-5.365250706672668457e-01,2.849472761154174805e-01,-3.956129789352416992e+00,-1.235461115837097168e+00,5.199860930442810059e-01,4.215233325958251953e-01,4.542623460292816162e-01,9.304685890674591064e-02,6.805037260055541992e-01,7.764589786529541016e-01,4.674708545207977295e-01,4.763888418674468994e-01,5.334715247154235840e-01,-5.519169569015502930e-01,-7.095495462417602539e-01,-5.870172977447509766e-01,3.103893101215362549e-01,5.381432771682739258e-01,5.600891113281250000e-01,-2.931902885437011719e+00,4.701557457447052002e-01,-6.287344098091125488e-01,-4.984349757432937622e-02,6.933191418647766113e-01,5.214113593101501465e-01,5.501059889793395996e-01,3.417091369628906250e-01,1.778434664011001587e-01,1.009427979588508606e-01,6.371014118194580078e-01,7.493866086006164551e-01,4.859618544578552246e-01,3.810893595218658447e-01,5.394020676612854004e-01,5.007669925689697266e-01,2.235887646675109863e-01,-1.246201515197753906e+00,4.313115179538726807e-01,3.473697006702423096e-01,5.484837293624877930e-01,5.128453969955444336e-01,4.482546150684356689e-01,1.243605911731719971e-01,-2.369137704372406006e-01,3.856880366802215576e-01,4.756290912628173828e-01,5.214519500732421875e-01,-4.361152648925781250e-01,1.485052406787872314e-01,-3.029034733772277832e-01,6.319261193275451660e-01,7.764306068420410156e-01,7.384472489356994629e-01,4.983853995800018311e-01,5.307204127311706543e-01,-2.495915442705154419e-01,-3.520131349563598633e+00,-7.511793971061706543e-01,7.789522409439086914e-01,-4.974311292171478271e-01,-8.309237360954284668e-01,5.137996673583984375e-01,-1.509972363710403442e-01,-3.142712712287902832e-01,-3.407135486602783203e+00,-6.044923067092895508e-01,5.492288470268249512e-01,5.282576084136962891e-01,2.892134189605712891e-01,-2.341432496905326843e-02,-6.795291304588317871e-01,-8.483346104621887207e-01,-1.547666549682617188e+00,-1.691259384155273438e+00,5.096029639244079590e-01,5.518865585327148438e-01,5.086730718612670898e-01,-6.205185502767562866e-02,5.351842194795608521e-02,6.480103731155395508e-01,5.215372443199157715e-01,5.220285654067993164e-01,1.949002444744110107e-01
5.119398608803749084e-02,-1.246107667684555054e-01,2.192977964878082275e-01,6.763370037078857422e-01,-5.966331362724304199e-01,-2.112398855388164520e-02,-7.947801798582077026e-02,-6.717200875282287598e-01,-4.400184452533721924e-01,-1.486847698688507080e-01,9.619469642639160156e-01,1.092622995376586914e+00,4.542757291346788406e-03,1.544575393199920654e-02,-4.878322184085845947e-01,-6.615604273974895477e-03,-1.883291751146316528e-01,1.233587861061096191e+00,1.910819709300994873e-01,-9.325979351997375488e-01,1.619206666946411133e-01,-1.387243866920471191e-01,2.612382173538208008e-01,1.939069926738739014e-01,9.426860809326171875e-01,-3.737533092498779297e+00,-3.737533092498779297e+00,2.523924112319946289e-01,-1.725188195705413818e-01,-1.617927074432373047e+00,1.627947390079498291e-01,1.443832635879516602e+00,4.051857590675354004e-01,2.605760693550109863e-01,-8.962698578834533691e-01,3.881707042455673218e-02,1.074628159403800964e-01,1.987114995718002319e-01,-3.602586746215820312e+00,-1.203927516937255859e+00,4.466990008950233459e-02,8.733576536178588867e-01,1.718239188194274902e-01,-9.196868538856506348e-01,3.304700851440429688e-01,9.061779975891113281e-01,2.388495057821273804e-01,-3.957203328609466553e-01,3.440174972638487816e-03,-7.930841445922851562e-01,-1.025983214378356934e+00,-1.792542934417724609e-01,3.540727794170379639e-01,-2.103351056575775146e-01,5.875431299209594727e-01,-1.995293021202087402e+00,-1.085054874420166016e-02,-2.733786776661872864e-02,4.885141253471374512e-01,7.912638187408447266e-01,-1.267787963151931763e-01,1.139411330223083496e+00,3.759901821613311768e-01,2.005681842565536499e-01,2.691625058650970459e-01,-3.367379009723663330e-01,8.146179914474487305e-01,9.311803579330444336e-01,2.960729598999023438e-01,-2.052135318517684937e-01,1.747117638587951660e-01,-2.147568613290786743e-01,3.801034390926361084e-01,1.003250956535339355e+00,1.694373011589050293e+00,5.674138665199279785e-01,1.868430376052856445e-01,1.614407896995544434e-01,-7.697528004646301270e-01,3.045536875724792480e-01,1.137066245079040527e+00,1.988417506217956543e-01,3.712056577205657959e-01,2.610881067812442780e-02,8.967368863523006439e-03,2.674008160829544067e-02,8.458787798881530762e-01,1.648161649703979492e+00,3.280997514724731445e+00,7.350035309791564941e-01,1.795477122068405151e-01,1.504023969173431396e-01,-2.428682088851928711e+00,5.567594170570373535e-01,1.517231464385986328e+00,-3.848059177398681641e-01,-1.221844673156738281e+00,-3.076080083847045898e-01,-8.755818605422973633e-01,-4.014610499143600464e-02,-2.991696119308471680e+00,6.990896463394165039e-01,8.014106005430221558e-02,2.729986906051635742e-01,7.204592972993850708e-02,3.670655488967895508e-01,6.472489982843399048e-02,4.543100893497467041e-01,-1.727374076843261719e+00,-1.421353220939636230e+00,6.536188721656799316e-02,4.242895543575286865e-01,1.305656284093856812e-01,-1.767092049121856689e-01,-1.672836369834840298e-03,1.549197793006896973e+00,8.535118401050567627e-02,3.689005076885223389e-01,1.105106323957443237e-01
1.572593152523040771e-01,3.981837630271911621e-01,5.079813599586486816e-01,7.629570364952087402e-01,-7.111811041831970215e-01,4.449393227696418762e-02,3.029273152351379395e-01,2.321947813034057617e-01,2.975064814090728760e-01,2.529259771108627319e-02,7.058736681938171387e-01,4.354205727577209473e-01,4.768431186676025391e-01,3.733841180801391602e-01,4.242483973503112793e-01,2.856393158435821533e-01,3.517170995473861694e-02,9.363259077072143555e-01,5.364120602607727051e-01,-6.511163711547851562e-01,-5.405495315790176392e-02,4.651597738265991211e-01,3.862808346748352051e-01,1.457865089178085327e-01,-2.268805354833602905e-01,-4.465718746185302734e+00,-4.465718746185302734e+00,4.697394073009490967e-01,4.358280599117279053e-01,6.163323521614074707e-01,5.733387470245361328e-01,-3.682536631822586060e-02,4.698820114135742188e-01,2.658027708530426025e-01,1.402312070131301880e-01,1.052491068840026855e-01,-1.929737329483032227e-01,-4.021876677870750427e-02,-4.178946018218994141e+00,-1.425612449645996094e+00,4.155242741107940674e-01,3.511561155319213867e-01,1.373584866523742676e-01,-7.787773609161376953e-01,-1.439358443021774292e-01,6.810582280158996582e-01,1.633149087429046631e-01,3.259738981723785400e-01,-3.724593222141265869e-01,-8.537671566009521484e-01,-1.130900740623474121e+00,7.860996127128601074e-01,4.918632805347442627e-01,3.236965239048004150e-01,5.147993937134742737e-02,-2.948996782302856445e+00,-2.227785736322402954e-01,3.093260824680328369e-01,4.028928577899932861e-01,1.028925180435180664e-01,5.154925584793090820e-01,3.723088204860687256e-01,6.616051495075225830e-02,1.570148319005966187e-01,4.128462374210357666e-01,6.216137409210205078e-01,9.315040707588195801e-01,5.295845270156860352e-01,3.910800516605377197e-01,5.121082067489624023e-01,3.312439620494842529e-01,4.421009719371795654e-01,4.355994164943695068e-01,9.051265716552734375e-01,4.652639329433441162e-01,-6.975056529045104980e-01,-1.698564924299716949e-02,2.432397305965423584e-01,4.150194525718688965e-01,3.394773006439208984e-01,9.148427248001098633e-01,4.881416261196136475e-01,6.403030455112457275e-02,3.496755957603454590e-01,4.140030145645141602e-01,1.205431669950485229e-01,5.970540642738342285e-01,7.878585457801818848e-01,9.359524250030517578e-01,3.863193094730377197e-01,3.382208943367004395e-01,-3.126422762870788574e-01,-2.800370931625366211e+00,1.531161740422248840e-02,8.734315037727355957e-01,-1.091099455952644348e-01,-8.769636154174804688e-01,2.323192805051803589e-01,-3.401358127593994141e-01,4.006603360176086426e-01,-3.878314495086669922e+00,-9.177867174148559570e-01,4.511741995811462402e-01,3.952272832393646240e-01,4.849872887134552002e-01,4.547174572944641113e-01,1.152595132589340210e-01,-3.542472720146179199e-01,-1.187237024307250977e+00,-1.254548072814941406e+00,4.431898593902587891e-01,5.040333271026611328e-01,1.295348703861236572e-01,4.391829669475555420e-01,5.463251471519470215e-01,1.388955861330032349e-01,2.557991445064544678e-01,3.204231262207031250e-01,4.084273278713226318e-01
-1.922930628061294556e-01,-2.469067126512527466e-01,1.458522230386734009e-01,7.688927650451660156e-01,-4.214442968368530273e-01,-1.471715420484542847e-01,-2.502332814037799835e-02,-6.633884906768798828e-01,-3.931551277637481689e-01,-9.396875649690628052e-02,9.351260662078857422e-01,1.057956695556640625e+00,-5.776400491595268250e-02,1.723518967628479004e-02,-5.614864826202392578e-01,-8.448141813278198242e-02,-1.658220589160919189e-01,1.423488020896911621e+00,7.586912810802459717e-02,-8.797408342361450195e-01,-2.262084186077117920e-02,-1.871615350246429443e-01,-2.262622490525245667e-02,1.904839277267456055e-01,1.322505235671997070e+00,-3.445164680480957031e+00,-3.445164680480957031e+00,7.562571018934249878e-02,-3.198574781417846680e-01,-1.493418455123901367e+00,2.119818925857543945e-01,1.434157729148864746e+00,3.488584160804748535e-01,3.889746069908142090e-01,-1.315461099147796631e-01,-1.421590298414230347e-01,2.938517741858959198e-02,4.663379490375518799e-02,-3.321012496948242188e+00,-1.229781866073608398e+00,-9.816727787256240845e-02,1.239034295082092285e+00,-3.736948594450950623e-02,-8.225452303886413574e-01,1.315611153841018677e-01,7.407232522964477539e-01,1.636068224906921387e-01,-6.341393589973449707e-01,-1.502899229526519775e-01,-6.837142109870910645e-01,-9.952957630157470703e-01,-1.429903656244277954e-01,4.318000972270965576e-01,1.339252758771181107e-02,5.576928853988647461e-01,-1.707886815071105957e+00,-9.180071949958801270e-02,-5.032389238476753235e-02,3.583266139030456543e-01,9.251829385757446289e-01,-1.641892939805984497e-01,1.532945513725280762e+00,2.375079393386840820e-01,1.325060725212097168e-01,8.888812363147735596e-02,-3.071751892566680908e-01,9.931995868682861328e-01,1.114537954330444336e+00,9.154359996318817139e-02,-2.302920520305633545e-01,-3.305135294795036316e-02,-2.817538082599639893e-01,1.637647151947021484e-01,1.013976812362670898e+00,2.391782045364379883e+00,3.463614284992218018e-01,5.076229106634855270e-03,1.839080452919006348e-01,-9.779754281044006348e-01,2.217874228954315186e-01,9.812170267105102539e-01,-5.933456122875213623e-02,2.916909754276275635e-01,-2.080375105142593384e-01,-1.760522127151489258e-01,-1.162472292780876160e-01,8.117482066154479980e-01,1.817003488540649414e+00,3.803259134292602539e+00,7.965599298477172852e-01,4.597291722893714905e-02,4.099091514945030212e-02,-2.241140604019165039e+00,6.080452203750610352e-01,1.663933992385864258e+00,-2.156809717416763306e-01,-1.199065089225769043e+00,-2.469575405120849609e-01,-8.847563266754150391e-01,-1.359898447990417480e-01,-2.794950485229492188e+00,1.041333079338073730e+00,9.249454736709594727e-02,4.958831146359443665e-02,2.136672288179397583e-02,4.125323593616485596e-01,-1.282716244459152222e-01,4.688415825366973877e-01,-1.620411634445190430e+00,-1.321431636810302734e+00,1.138130947947502136e-01,5.495948791503906250e-01,-1.694374382495880127e-01,-2.380461543798446655e-01,-1.702807396650314331e-01,1.583931803703308105e+00,2.591930702328681946e-02,3.758766651153564453e-01,-1.196353510022163391e-01
3.002639710903167725e-01,-4.173615947365760803e-03,8.164252042770385742e-01,7.684084773063659668e-01,-4.900901019573211670e-01,1.625430583953857422e-01,-1.109881997108459473e+00,2.563206553459167480e-01,-2.205354928970336914e+00,-3.149156093597412109e+00,-3.149156093597412109e+00,-3.149156093597412109e+00,-2.204524993896484375e+00,1.822639554738998413e-01,3.061860203742980957e-01,4.340414702892303467e-01,-1.019413024187088013e-01,9.540213346481323242e-01,2.567252218723297119e-01,-5.280910134315490723e-01,3.335558474063873291e-01,1.488828659057617188e-01,1.616419255733489990e-01,2.635096609592437744e-01,7.946195602416992188e-01,-3.149156093597412109e+00,-3.149156093597412109e+00,3.385414779186248779e-01,1.231385990977287292e-01,-1.867210268974304199e-01,-6.147318705916404724e-02,9.208667278289794922e-01,-6.655491888523101807e-04,4.084365665912628174e-01,3.002484142780303955e-01,3.839648067951202393e-01,4.624182581901550293e-01,8.988068699836730957e-01,-2.921430826187133789e+00,-8.994584679603576660e-01,3.905780911445617676e-01,3.570016324520111084e-01,2.284341901540756226e-01,-3.245021104812622070e-01,7.167107462882995605e-01,1.152328252792358398e+00,4.203957915306091309e-01,-1.130961537361145020e+00,5.942568778991699219e-01,-7.833938598632812500e-01,-1.231373071670532227e+00,9.622892141342163086e-01,9.321585893630981445e-01,4.439684748649597168e-01,6.195654869079589844e-01,-1.986359477043151855e+00,-2.924782335758209229e-01,3.978656828403472900e-01,6.491632461547851562e-01,1.001719951629638672e+00,4.785387516021728516e-01,4.441534876823425293e-01,2.701558172702789307e-01,4.710354208946228027e-01,5.330464243888854980e-01,8.245565295219421387e-01,1.095611333847045898e+00,5.722109079360961914e-01,3.958099484443664551e-01,4.218021333217620850e-01,-1.619843989610671997e-01,-1.612361073493957520e-01,6.780632138252258301e-01,8.350029587745666504e-01,4.816941320896148682e-01,3.497482836246490479e-01,5.130249857902526855e-01,-6.705912202596664429e-02,-8.677845597267150879e-01,4.018077254295349121e-01,9.493524432182312012e-01,4.921719729900360107e-01,2.408529967069625854e-01,2.234184741973876953e-01,4.840199351310729980e-01,-2.451565265655517578e-01,5.966563224792480469e-01,1.069726943969726562e+00,7.913037538528442383e-01,5.255426764488220215e-01,4.531430602073669434e-01,2.478127628564834595e-01,-1.960673689842224121e+00,8.457795381546020508e-01,1.048617362976074219e+00,-1.858798228204250336e-02,-5.611481070518493652e-01,2.199169695377349854e-01,-4.683265984058380127e-01,4.126604199409484863e-01,-2.378759384155273438e+00,-2.419786900281906128e-01,3.665603697299957275e-01,3.917731642723083496e-01,4.313301146030426025e-01,4.508908987045288086e-01,6.602748483419418335e-02,6.391774415969848633e-01,-1.361859321594238281e+00,-8.517460227012634277e-01,1.821239143610000610e-01,4.690633416175842285e-01,5.295245051383972168e-01,4.015493020415306091e-02,5.175220370292663574e-01,1.058753252029418945e+00,2.627202272415161133e-01,-1.726189106702804565e-01,1.124491095542907715e-01
4.285326302051544189e-01,4.669442772865295410e-01,2.306694984436035156e-01,7.040848731994628906e-01,-6.703121066093444824e-01,1.885321140289306641e-01,3.407992720603942871e-01,3.214730620384216309e-01,3.401750922203063965e-01,-3.049787580966949463e-01,-3.641546368598937988e-01,4.369471669197082520e-01,4.343271553516387939e-01,3.570853769779205322e-01,4.360100626945495605e-01,4.377226531505584717e-01,2.664797008037567139e-01,5.286474227905273438e-01,4.556887745857238770e-01,-7.035992145538330078e-01,4.680244326591491699e-01,4.576969444751739502e-01,4.929831624031066895e-01,-2.465470284223556519e-01,3.580987453460693359e-01,-4.514770030975341797e+00,-4.514770030975341797e+00,4.318967759609222412e-01,4.442052543163299561e-01,4.596882462501525879e-01,5.496054291725158691e-01,-2.905140817165374756e-01,5.120533704757690430e-01,4.314783215522766113e-01,3.365726172924041748e-01,4.890793263912200928e-01,8.626400679349899292e-02,-5.888919234275817871e-01,-4.227995872497558594e+00,-1.398412346839904785e+00,3.113888204097747803e-01,5.463196039199829102e-01,2.160935103893280029e-01,-1.972541958093643188e-01,6.958459317684173584e-02,6.880638599395751953e-01,1.124892234802246094e-01,5.002705454826354980e-01,3.971213996410369873e-01,-6.902022957801818848e-01,-6.113052368164062500e-01,6.196798086166381836e-01,2.375029474496841431e-01,4.350589513778686523e-01,-2.517046034336090088e-01,-3.009003639221191406e+00,1.465942561626434326e-01,1.074301972985267639e-01,2.865393459796905518e-01,6.111869215965270996e-01,4.140118956565856934e-01,4.298848807811737061e-01,9.700170159339904785e-02,3.904322385787963867e-01,4.548151493072509766e-01,1.193470060825347900e-01,6.630139946937561035e-01,4.748991429805755615e-01,4.932927787303924561e-01,4.975350797176361084e-01,3.946370184421539307e-01,3.341999948024749756e-01,-9.458164870738983154e-02,6.691693067550659180e-01,3.473165035247802734e-01,4.369409680366516113e-01,8.792340755462646484e-02,4.146327674388885498e-01,4.586699306964874268e-01,-7.864557206630706787e-03,6.029929518699645996e-01,4.629617035388946533e-01,4.361823797225952148e-01,3.550211191177368164e-01,4.371574223041534424e-01,3.183356523513793945e-01,3.702658116817474365e-01,6.670089364051818848e-01,6.739661097526550293e-01,3.984035551548004150e-01,3.564504683017730713e-01,-4.292005002498626709e-01,-2.869240522384643555e+00,-3.382221460342407227e-01,6.574256420135498047e-01,-1.444430053234100342e-01,-8.494270443916320801e-01,1.983677595853805542e-01,-6.192040443420410156e-02,4.429622590541839600e-01,-3.982123136520385742e+00,-1.219977736473083496e+00,4.870880246162414551e-01,4.676719605922698975e-01,4.420420527458190918e-01,4.090237617492675781e-01,6.525240838527679443e-02,-2.666170001029968262e-01,-1.450387835502624512e+00,-1.293045163154602051e+00,4.349764883518218994e-01,4.474045038223266602e-01,1.949314475059509277e-01,4.179845750331878662e-01,3.249567747116088867e-01,-4.334906488656997681e-02,3.591343760490417480e-01,3.581098616123199463e-01,4.939243793487548828e-01
3.785935938358306885e-01,4.396405220031738281e-01,3.404578864574432373e-01,4.367803335189819336e-01,-3.181799352169036865e-01,2.538920938968658447e-01,3.503098785877227783e-01,4.535056650638580322e-01,2.165228277444839478e-01,2.330448180437088013e-01,4.844797551631927490e-01,4.428470432758331299e-01,4.537477493286132812e-01,4.030466377735137939e-01,3.664110302925109863e-01,9.047017991542816162e-02,6.439861655235290527e-02,2.945907711982727051e-01,4.198799729347229004e-01,-7.130929827690124512e-01,2.946168482303619385e-01,3.367113471031188965e-01,2.783160805702209473e-01,-4.139071330428123474e-02,-1.456165034323930740e-02,-3.941909551620483398e+00,-3.941909551620483398e+00,3.274902701377868652e-01,-8.593456149101257324e-01,1.361929252743721008e-02,2.546413838863372803e-01,1.982124745845794678e-01,4.143421053886413574e-01,2.174851596355438232e-01,3.346407115459442139e-01,3.000131845474243164e-01,4.901026561856269836e-02,3.133532404899597168e-01,-3.727332830429077148e+00,-1.064816594123840332e+00,4.385120868682861328e-01,4.862710833549499512e-01,3.500030040740966797e-01,-1.246896609663963318e-01,2.191759347915649414e-01,4.339797496795654297e-01,4.089591503143310547e-01,4.246767163276672363e-01,4.088712632656097412e-01,-4.421097934246063232e-01,-3.733314573764801025e-01,3.376498520374298096e-01,5.140796303749084473e-01,5.379256010055541992e-01,5.429353713989257812e-01,-2.631229400634765625e+00,5.056554675102233887e-01,3.973076641559600830e-01,3.181909620761871338e-01,4.323261976242065430e-01,5.588369369506835938e-01,5.786123871803283691e-01,3.064225316047668457e-01,5.033465027809143066e-01,3.410947322845458984e-01,3.307377696037292480e-01,5.824632048606872559e-01,6.275258660316467285e-01,4.385865628719329834e-01,4.462099969387054443e-01,2.913767993450164795e-01,4.717877209186553955e-01,-6.187747791409492493e-02,4.402810633182525635e-01,4.859955012798309326e-01,5.812379121780395508e-01,4.582838118076324463e-01,4.624735116958618164e-01,3.890362381935119629e-01,4.150161743164062500e-01,5.267679095268249512e-01,5.453933477401733398e-01,4.357375502586364746e-01,4.676650464534759521e-01,4.293766319751739502e-01,1.798261553049087524e-01,3.516341745853424072e-01,4.454465210437774658e-01,7.237067818641662598e-01,4.319873154163360596e-01,4.565073549747467041e-01,1.251490861177444458e-01,-2.598802804946899414e+00,-1.286708265542984009e-01,5.108358263969421387e-01,2.441944181919097900e-02,-6.488194465637207031e-01,4.789269864559173584e-01,9.942772798240184784e-03,3.058192133903503418e-01,-3.101717472076416016e+00,-6.258203387260437012e-01,2.256187796592712402e-01,4.750091433525085449e-01,5.009711980819702148e-01,5.237170457839965820e-01,3.805488049983978271e-01,1.503597386181354523e-02,-1.247514247894287109e+00,-1.071255803108215332e+00,5.248760581016540527e-01,3.993894755840301514e-01,3.933041393756866455e-01,3.768357932567596436e-01,2.681341469287872314e-01,3.095210492610931396e-01,-5.048661231994628906e-01,-3.810520172119140625e+00,-3.769256114959716797e+00
5.159300565719604492e-01,4.158636629581451416e-01,7.364621758460998535e-01,9.459263682365417480e-01,-3.363955318927764893e-01,4.194192886352539062e-01,4.872943162918090820e-01,5.733390450477600098e-01,2.250529527664184570e-01,3.530122041702270508e-01,1.081829071044921875e+00,6.173389554023742676e-01,7.183040976524353027e-01,5.850949287414550781e-01,-4.954759478569030762e-01,4.739279150962829590e-01,4.774973690509796143e-01,1.179240703582763672e+00,7.037160396575927734e-01,-4.412968456745147705e-01,6.422265768051147461e-01,4.976166188716888428e-01,2.798289954662322998e-01,1.528739184141159058e-01,-6.307721734046936035e-01,-3.807816982269287109e+00,-3.807816982269287109e+00,4.848316311836242676e-01,5.099688768386840820e-01,8.101552724838256836e-02,-1.247954219579696655e-01,7.429559230804443359e-01,6.581488847732543945e-01,3.779996633529663086e-01,5.892225503921508789e-01,3.142938315868377686e-01,-1.349784880876541138e-01,-6.117791533470153809e-01,-3.517798185348510742e+00,-1.013043284416198730e+00,4.892560243606567383e-01,5.188925862312316895e-01,4.558308422565460205e-01,-8.963416814804077148e-01,3.505850136280059814e-01,7.863816022872924805e-01,6.248529553413391113e-01,7.113415598869323730e-01,5.123461484909057617e-01,-5.867084860801696777e-01,-9.368836283683776855e-01,-1.141586661338806152e+00,4.942962229251861572e-01,6.512861847877502441e-01,4.728815853595733643e-01,-2.480868339538574219e+00,5.322434306144714355e-01,-4.942676126956939697e-01,-4.440025389194488525e-01,-8.057082444429397583e-02,6.354027390480041504e-01,5.518689155578613281e-01,3.531647622585296631e-01,4.136694967746734619e-01,2.500581741333007812e-01,-2.112057805061340332e-01,1.011798620223999023e+00,4.702802002429962158e-01,7.426979541778564453e-01,6.931446790695190430e-01,4.854668378829956055e-01,-7.301466912031173706e-02,-1.620627641677856445e+00,-3.663649559020996094e-01,4.834862649440765381e-01,6.911002993583679199e-01,7.262375354766845703e-01,3.605517148971557617e-01,-4.817711114883422852e-01,-8.673764467239379883e-01,-1.391060799360275269e-01,7.602163553237915039e-01,3.495004177093505859e-01,-2.091769427061080933e-01,4.151063859462738037e-01,-4.020653069019317627e-01,-6.330801248550415039e-01,1.062292337417602539e+00,8.923037648200988770e-01,6.602376699447631836e-01,5.426595211029052734e-01,2.982677817344665527e-01,-2.835203170776367188e+00,-6.200814843177795410e-01,1.067185521125793457e+00,1.590042710304260254e-01,-5.060495734214782715e-01,4.757165312767028809e-01,-7.195836305618286133e-02,-3.335439562797546387e-01,-3.295895814895629883e+00,-3.161847591400146484e-01,6.647647023200988770e-01,6.820734143257141113e-01,6.658381819725036621e-01,3.508235812187194824e-01,-1.701850593090057373e-01,-9.057675004005432129e-01,-2.350752115249633789e+00,-2.441894769668579102e+00,6.701155900955200195e-01,6.748589873313903809e-01,5.955970287322998047e-01,-3.417741656303405762e-01,-7.893660664558410645e-01,-2.870675027370452881e-01,7.508699297904968262e-01,6.156635284423828125e-01,-4.097379744052886963e-01
4.004659652709960938e-01,4.035214483737945557e-01,5.071336030960083008e-01,5.289606451988220215e-01,-7.998448610305786133e-01,1.005575284361839294e-01,2.354963868856430054e-01,2.191836237907409668e-01,8.290903270244598389e-02,3.256680667400360107e-01,5.191773176193237305e-01,2.684485912322998047e-01,3.202894926071166992e-01,3.337820470333099365e-01,2.886492609977722168e-01,3.385072946548461914e-01,2.988067865371704102e-01,5.299648046493530273e-01,2.944307327270507812e-01,-8.644938468933105469e-01,3.767064809799194336e-01,3.143281042575836182e-01,3.288272619247436523e-01,3.041943609714508057e-01,1.035027727484703064e-01,-4.646628856658935547e+00,-4.646628856658935547e+00,3.515411913394927979e-01,2.632413208484649658e-01,1.772182285785675049e-01,4.426813721656799316e-01,4.695393741130828857e-01,3.302572369575500488e-01,3.471679985523223877e-01,3.693884611129760742e-01,4.017139971256256104e-01,3.439137339591979980e-01,-7.394494861364364624e-02,-4.360861301422119141e+00,-1.516106963157653809e+00,3.523465692996978760e-01,3.964883089065551758e-01,3.233634233474731445e-01,9.107217937707901001e-02,4.880383312702178955e-01,4.524073004722595215e-01,-4.107258617877960205e-01,3.615950047969818115e-01,3.396635055541992188e-01,-8.050419092178344727e-01,-5.185735225677490234e-01,4.874973297119140625e-01,5.065229535102844238e-01,2.952328026294708252e-01,3.523383736610412598e-01,-3.129837751388549805e+00,2.132755070924758911e-01,3.426759541034698486e-01,4.885469675064086914e-01,5.106973648071289062e-01,2.984789013862609863e-01,3.632733821868896484e-01,1.512393653392791748e-01,-2.440742962062358856e-02,3.560557663440704346e-01,4.906450212001800537e-01,5.631182193756103516e-01,2.811849117279052734e-01,3.690564930438995361e-01,3.813624680042266846e-01,3.560414314270019531e-01,3.271382451057434082e-01,4.749351739883422852e-01,5.324321389198303223e-01,2.617473900318145752e-01,3.741079866886138916e-01,3.096639215946197510e-01,2.770658433437347412e-01,3.271238803863525391e-01,4.818207919597625732e-01,5.288355946540832520e-01,3.183094859123229980e-01,3.353763818740844727e-01,2.344651818275451660e-01,3.304007053375244141e-01,2.269791215658187866e-01,4.751175343990325928e-01,4.541225731372833252e-01,5.090824961662292480e-01,3.037660717964172363e-01,3.314294517040252686e-01,-9.151449799537658691e-01,-2.963080883026123047e+00,4.621168375015258789e-01,5.264564156532287598e-01,-2.819766998291015625e-01,-9.545954465866088867e-01,-2.641724646091461182e-01,-1.018046513199806213e-01,3.750855028629302979e-01,-3.649925231933593750e+00,-8.725414276123046875e-01,3.534962236881256104e-01,3.214924335479736328e-01,3.410734236240386963e-01,3.821682631969451904e-01,3.227978348731994629e-01,3.365182578563690186e-01,-1.456306576728820801e+00,-1.383839607238769531e+00,3.734460771083831787e-01,3.135616779327392578e-01,2.994789481163024902e-01,3.399381041526794434e-01,4.800194501876831055e-01,5.021108388900756836e-01,2.849658727645874023e-01,3.142522871494293213e-01,3.651935756206512451e-01
3.412571847438812256e-01,4.991322457790374756e-01,4.452752172946929932e-01,7.386583685874938965e-01,-3.832145631313323975e-01,3.071196973323822021e-01,-1.330367088317871094e+00,-1.789508312940597534e-01,-1.141343116760253906e+00,-3.273671388626098633e+00,-3.273671388626098633e+00,-3.273671388626098633e+00,-2.244537591934204102e+00,4.975489675998687744e-01,4.503802955150604248e-01,5.111613273620605469e-01,4.501645267009735107e-01,7.620593309402465820e-01,4.369020164012908936e-01,-4.037742018699645996e-01,5.302574485540390015e-03,4.787385761737823486e-01,4.239425361156463623e-01,6.104145646095275879e-01,-1.461330801248550415e-01,-3.273671388626098633e+00,-3.273671388626098633e+00,5.030822157859802246e-01,4.562006592750549316e-01,5.282307267189025879e-01,6.908125877380371094e-01,7.173502445220947266e-01,3.725513815879821777e-01,4.908224344253540039e-01,4.890798032283782959e-01,4.604924917221069336e-01,-2.100973278284072876e-01,7.253082394599914551e-01,-3.047559976577758789e+00,-9.113672971725463867e-01,4.912273883819580078e-01,2.524663507938385010e-01,5.159991979598999023e-01,1.686777025461196899e-01,7.192836999893188477e-01,7.620593309402465820e-01,4.959341287612915039e-01,5.169568061828613281e-01,4.898780882358551025e-01,-3.458842337131500244e-01,-5.107746124267578125e-01,-6.708767265081405640e-02,7.589043378829956055e-01,5.010773539543151855e-01,4.832362234592437744e-01,-2.130007266998291016e+00,3.850186169147491455e-01,-1.000857114791870117e+00,3.164392411708831787e-01,7.547369599342346191e-01,3.900705575942993164e-01,4.877952337265014648e-01,3.458162248134613037e-01,4.352194666862487793e-01,1.550570130348205566e-01,6.724535822868347168e-01,7.910665273666381836e-01,4.424903392791748047e-01,3.409601151943206787e-01,4.464817941188812256e-01,4.640192091464996338e-01,4.645320475101470947e-01,-3.427939713001251221e-01,7.682647109031677246e-01,3.853538632392883301e-01,4.994459152221679688e-01,4.958826899528503418e-01,3.972285985946655273e-01,3.860027790069580078e-01,5.246741175651550293e-01,7.341086268424987793e-01,4.810909628868103027e-01,4.493479728698730469e-01,-5.149934291839599609e-01,3.173948526382446289e-01,-2.548611760139465332e-01,7.003439068794250488e-01,7.817642688751220703e-01,7.153105139732360840e-01,4.786688685417175293e-01,4.633271396160125732e-01,-6.985471248626708984e-01,-2.979655742645263672e+00,1.908405423164367676e-01,7.651943564414978027e-01,-1.299748122692108154e-01,-5.042240023612976074e-01,5.059550404548645020e-01,7.671628892421722412e-02,-1.930627673864364624e-01,-2.510596275329589844e+00,-3.339962065219879150e-01,4.742807745933532715e-01,4.934612512588500977e-01,5.215165019035339355e-01,-2.843794040381908417e-02,-5.856128334999084473e-01,-9.066819399595260620e-02,-8.144574761390686035e-01,-8.148508071899414062e-01,5.034506320953369141e-01,4.993596374988555908e-01,4.811151921749114990e-01,5.660707503557205200e-02,6.088461875915527344e-01,7.778508067131042480e-01,4.759503901004791260e-01,3.664538562297821045e-01,4.013909697532653809e-01
2.926217019557952881e-01,3.092017769813537598e-01,3.868412971496582031e-01,5.198990702629089355e-01,-8.616043925285339355e-01,-1.535213459283113480e-02,8.292275667190551758e-02,1.491220742464065552e-01,1.751971840858459473e-01,4.787136912345886230e-01,5.099282860755920410e-01,2.318198084831237793e-01,2.442106008529663086e-01,2.668740451335906982e-01,2.239843457937240601e-01,3.286591768264770508e-01,2.431050539016723633e-01,5.052214264869689941e-01,2.788423001766204834e-01,-9.890800118446350098e-01,2.624255418777465820e-01,3.053960502147674561e-01,3.127637803554534912e-01,3.312400281429290771e-01,3.987990617752075195e-01,-4.675710678100585938e+00,-4.675710678100585938e+00,2.256238013505935669e-01,2.182703167200088501e-01,3.180071115493774414e-01,4.461778998374938965e-01,5.304246544837951660e-01,3.533549010753631592e-01,2.864051461219787598e-01,2.958377897739410400e-01,3.097428083419799805e-01,3.529654443264007568e-01,4.876082241535186768e-01,-4.385200023651123047e+00,-1.517448067665100098e+00,2.868113517761230469e-01,1.894384771585464478e-01,3.081996738910675049e-01,5.517258495092391968e-02,4.781190752983093262e-01,5.429100990295410156e-01,2.767170667648315430e-01,2.825399637222290039e-01,2.549057900905609131e-01,-8.048892021179199219e-01,-5.050088167190551758e-01,4.747538864612579346e-01,5.390784144401550293e-01,2.871798574924468994e-01,2.763715982437133789e-01,-3.172571182250976562e+00,1.857450008392333984e-01,3.237650990486145020e-01,4.686340689659118652e-01,5.182256698608398438e-01,3.185033500194549561e-01,2.454564124345779419e-01,4.473910480737686157e-02,3.049919605255126953e-01,3.400675356388092041e-01,4.566993415355682373e-01,5.146121382713317871e-01,2.810596525669097900e-01,2.503015100955963135e-01,3.128064870834350586e-01,3.124480247497558594e-01,3.266650438308715820e-01,4.830843210220336914e-01,5.369431376457214355e-01,2.604359984397888184e-01,2.484924495220184326e-01,2.907519042491912842e-01,2.101082056760787964e-01,3.217466771602630615e-01,4.751646816730499268e-01,4.888146817684173584e-01,2.931891083717346191e-01,2.938566207885742188e-01,2.971062362194061279e-01,2.879164814949035645e-01,3.127893209457397461e-01,4.645134508609771729e-01,5.331654548645019531e-01,4.948675036430358887e-01,3.371466696262359619e-01,2.717463672161102295e-01,2.208553403615951538e-01,-2.981908321380615234e+00,4.565749466419219971e-01,4.893745779991149902e-01,-3.028794527053833008e-01,-1.000049591064453125e+00,2.785638272762298584e-01,-1.230655238032341003e-01,3.433171510696411133e-01,-3.679111242294311523e+00,-9.843040704727172852e-01,-6.556726247072219849e-02,2.951531112194061279e-01,2.969600856304168701e-01,3.368661105632781982e-01,3.524084985256195068e-01,3.228140771389007568e-01,-1.462361812591552734e+00,-1.384090781211853027e+00,3.163567781448364258e-01,3.188299834728240967e-01,3.301164805889129639e-01,3.393431007862091064e-01,4.541448652744293213e-01,4.990006685256958008e-01,3.302253484725952148e-01,3.068010210990905762e-01,2.772426307201385498e-01
-1.099045947194099426e-01,4.691108167171478271e-01,5.567356944084167480e-01,5.741778612136840820e-01,-6.222926974296569824e-01,1.751741170883178711e-01,2.300963699817657471e-01,3.218486607074737549e-01,3.270271718502044678e-01,5.718070864677429199e-01,5.809368491172790527e-01,-5.046023130416870117e-01,4.243535399436950684e-01,2.913472056388854980e-01,3.360438346862792969e-01,4.411260485649108887e-01,-9.709927439689636230e-01,5.907252430915832520e-01,2.908937335014343262e-01,-5.884600877761840820e-01,3.341802954673767090e-01,1.026533776894211769e-03,4.545952975749969482e-01,4.483650028705596924e-01,5.105972886085510254e-01,-3.768200635910034180e+00,-3.768200635910034180e+00,1.960392445325851440e-01,3.897880911827087402e-01,4.564395248889923096e-01,5.509871244430541992e-01,5.732209682464599609e-01,4.102925062179565430e-01,4.074682593345642090e-01,4.514755010604858398e-01,4.652865231037139893e-01,4.655503034591674805e-01,5.700070261955261230e-01,-3.528101444244384766e+00,-1.158840656280517578e+00,3.960487246513366699e-01,2.598629593849182129e-01,3.200054764747619629e-01,2.234698534011840820e-01,5.845990777015686035e-01,5.859318971633911133e-01,3.319305181503295898e-01,4.169014394283294678e-01,2.312616109848022461e-01,-5.011610984802246094e-01,-2.903717756271362305e-01,5.675948262214660645e-01,5.734709501266479492e-01,3.533691167831420898e-01,4.012403786182403564e-01,-2.490709066390991211e+00,2.655839323997497559e-01,4.329660236835479736e-01,4.975032210350036621e-01,5.772607922554016113e-01,3.401788473129272461e-01,3.966487646102905273e-01,-1.269122958183288574e-01,3.356579542160034180e-01,3.972229361534118652e-01,5.342173576354980469e-01,5.878647565841674805e-01,3.468412160873413086e-01,1.970410197973251343e-01,3.511328101158142090e-01,3.922744095325469971e-01,4.446786344051361084e-01,5.640877485275268555e-01,6.061035394668579102e-01,2.956870794296264648e-01,1.817316710948944092e-01,3.150345385074615479e-01,3.789444863796234131e-01,4.434975385665893555e-01,-2.235707283020019531e+00,-3.768200635910034180e+00,-3.768200635910034180e+00,-3.672219812870025635e-01,1.453471779823303223e-01,3.404288589954376221e-01,4.245432019233703613e-01,5.569305419921875000e-01,5.999791026115417480e-01,5.312896370887756348e-01,2.724428772926330566e-01,3.461261093616485596e-02,1.261811889708042145e-02,-2.318626642227172852e+00,5.637877583503723145e-01,5.816541314125061035e-01,-2.709294855594635010e-01,-8.777189850807189941e-01,4.053819477558135986e-01,-2.654512822628021240e-01,4.068440794944763184e-01,-2.936311244964599609e+00,-6.685621738433837891e-01,4.137444198131561279e-01,3.683249950408935547e-01,1.574363708496093750e-01,4.579313397407531738e-01,4.737145006656646729e-01,4.399797916412353516e-01,-1.088678598403930664e+00,-1.023118615150451660e+00,4.444700181484222412e-01,4.427509605884552002e-01,4.474494457244873047e-01,4.508596062660217285e-01,5.625463128089904785e-01,5.870819687843322754e-01,3.790186345577239990e-01,2.745343446731567383e-01,2.472054660320281982e-01
3.128037154674530029e-01,3.713732659816741943e-01,5.405450463294982910e-01,6.150879263877868652e-01,-5.932596921920776367e-01,1.660403460264205933e-01,1.722915619611740112e-01,2.479365170001983643e-01,2.543324530124664307e-01,5.395730733871459961e-01,5.887336134910583496e-01,5.432846024632453918e-02,3.835026621818542480e-01,3.950492143630981445e-01,3.261685073375701904e-01,4.027759134769439697e-01,-1.081075549125671387e+00,6.767981052398681641e-01,3.612316846847534180e-01,-6.740180253982543945e-01,4.133483171463012695e-01,3.685560524463653564e-01,4.035066962242126465e-01,4.293709993362426758e-01,3.060584664344787598e-01,-3.780841350555419922e+00,-3.780841350555419922e+00,3.799162805080413818e-01,2.864914536476135254e-01,3.913733065128326416e-01,4.762624502182006836e-01,6.082769036293029785e-01,3.725151419639587402e-01,2.919760644435882568e-01,3.555058836936950684e-01,3.783048689365386963e-01,3.938799500465393066e-01,5.394561290740966797e-01,-3.535374641418457031e+00,-1.147940397262573242e+00,3.630495369434356689e-01,4.373421370983123779e-01,3.292648792266845703e-01,-1.445917487144470215e-01,5.438244342803955078e-01,5.992625951766967773e-01,3.500421047210693359e-01,3.379174768924713135e-01,3.658923208713531494e-01,-5.581979751586914062e-01,-3.034135997295379639e-01,5.136901140213012695e-01,6.025584340095520020e-01,3.567939102649688721e-01,3.678490221500396729e-01,-2.530129671096801758e+00,2.637655436992645264e-01,3.730175793170928955e-01,5.178607702255249023e-01,5.811388492584228516e-01,3.016664087772369385e-01,3.645202517509460449e-01,1.632647812366485596e-01,3.805429339408874512e-01,3.700779378414154053e-01,5.034553408622741699e-01,5.936025381088256836e-01,3.516801893711090088e-01,3.047814071178436279e-01,3.057149946689605713e-01,3.681559562683105469e-01,3.410507738590240479e-01,5.091921091079711914e-01,5.919893383979797363e-01,3.098220825195312500e-01,3.593772649765014648e-01,3.442644476890563965e-01,2.401371151208877563e-01,3.425854444503784180e-01,-2.253293514251708984e+00,-3.780841350555419922e+00,-3.780841350555419922e+00,-4.682444334030151367e-01,3.513202667236328125e-01,3.591415882110595703e-01,3.111174106597900391e-01,5.130726099014282227e-01,6.348687410354614258e-01,5.780695080757141113e-01,3.554912805557250977e-01,3.476114869117736816e-01,2.845917344093322754e-01,-2.379456043243408203e+00,4.667182862758636475e-01,5.779306888580322266e-01,-1.602490395307540894e-01,-7.348775267601013184e-01,3.385148942470550537e-01,-7.359282672405242920e-02,3.383961617946624756e-01,-2.956716537475585938e+00,-6.807796955108642578e-01,2.896046340465545654e-01,3.464513421058654785e-01,3.183230459690093994e-01,3.448476195335388184e-01,3.347604572772979736e-01,3.334143161773681641e-01,-1.099236607551574707e+00,-1.107954978942871094e+00,3.309566676616668701e-01,3.382225930690765381e-01,3.399417996406555176e-01,3.384301364421844482e-01,5.083626508712768555e-01,5.875552296638488770e-01,3.352482616901397705e-01,3.078269958496093750e-01,3.424557149410247803e-01
3.564310967922210693e-01,3.348617255687713623e-01,4.402572512626647949e-01,4.869855642318725586e-01,-8.235988616943359375e-01,2.999943122267723083e-02,1.997494399547576904e-01,1.963612735271453857e-01,2.099795043468475342e-01,4.653486609458923340e-01,4.737237393856048584e-01,2.543073594570159912e-01,3.175752460956573486e-01,3.408530056476593018e-01,2.628250420093536377e-01,3.449841141700744629e-01,-5.300946161150932312e-02,4.966240525245666504e-01,3.458589613437652588e-01,-9.229395389556884766e-01,3.531752526760101318e-01,3.283082842826843262e-01,3.289991915225982666e-01,2.928254902362823486e-01,3.013297021389007568e-01,-4.548210620880126953e+00,-4.548210620880126953e+00,3.657715916633605957e-01,-3.244660496711730957e-01,3.257000148296356201e-01,4.254975914955139160e-01,4.854877591133117676e-01,3.563393354415893555e-01,3.233996629714965820e-01,3.722396492958068848e-01,3.632149994373321533e-01,3.248358964920043945e-01,4.685210883617401123e-01,-4.269725799560546875e+00,-1.453335881233215332e+00,3.527640402317047119e-01,3.702193796634674072e-01,3.313059210777282715e-01,-2.885343432426452637e-01,4.474066495895385742e-01,4.986045956611633301e-01,3.224056065082550049e-01,3.340591788291931152e-01,3.692082464694976807e-01,-7.179490923881530762e-01,-4.595100283622741699e-01,3.095696866512298584e-01,4.832410216331481934e-01,2.740491330623626709e-01,3.558430969715118408e-01,-3.063547372817993164e+00,1.541780531406402588e-01,3.353484272956848145e-01,4.466482102870941162e-01,4.717114269733428955e-01,3.496392667293548584e-01,3.196332752704620361e-01,1.659162491559982300e-01,3.598001897335052490e-01,-6.538806557655334473e-01,4.430800378322601318e-01,4.967432320117950439e-01,3.428315520286560059e-01,3.232506811618804932e-01,3.177997171878814697e-01,3.377779126167297363e-01,3.228911161422729492e-01,4.576887488365173340e-01,4.857042729854583740e-01,2.926089763641357422e-01,3.390472829341888428e-01,3.254656195640563965e-01,2.240709066390991211e-01,3.482229113578796387e-01,4.739422500133514404e-01,4.981715381145477295e-01,3.521935045719146729e-01,-5.417807102203369141e-01,3.636122941970825195e-01,3.425872027873992920e-01,2.988545298576354980e-01,4.480423331260681152e-01,4.998779296875000000e-01,4.618226289749145508e-01,3.535069823265075684e-01,3.417310416698455811e-01,2.817579507827758789e-01,-2.873064279556274414e+00,4.653923809528350830e-01,5.031337738037109375e-01,-2.682998776435852051e-01,-9.254731535911560059e-01,3.402670025825500488e-01,-1.202269122004508972e-01,3.261072635650634766e-01,-4.215250015258789062e+00,-8.841115236282348633e-01,3.033042550086975098e-01,3.431354761123657227e-01,3.202196657657623291e-01,3.381915092468261719e-01,3.734672963619232178e-01,3.353289663791656494e-01,-1.431730747222900391e+00,-1.340330123901367188e+00,3.213992416858673096e-01,3.223488032817840576e-01,3.659940958023071289e-01,3.634970784187316895e-01,4.283322989940643311e-01,4.842739999294281006e-01,3.489718139171600342e-01,2.986638247966766357e-01,3.479507565498352051e-01
3.191185593605041504e-01,1.173078194260597229e-01,1.230271831154823303e-01,8.763703107833862305e-01,-7.001835703849792480e-01,2.574582397937774658e-02,2.659087479114532471e-01,1.644305139780044556e-01,-3.519153296947479248e-01,4.270908832550048828e-01,6.702529191970825195e-01,5.830259919166564941e-01,-9.705145657062530518e-02,3.881627321243286133e-01,2.687284648418426514e-01,-3.225352168083190918e-01,4.921052455902099609e-01,1.151077628135681152e+00,5.593789815902709961e-01,-5.596294999122619629e-01,1.851759403944015503e-01,-5.062919110059738159e-02,-1.738869026303291321e-02,1.709425896406173706e-01,4.149304330348968506e-01,-4.443603038787841797e+00,-4.443603038787841797e+00,6.694838404655456543e-01,3.513524234294891357e-01,-4.322500899434089661e-02,3.158838152885437012e-01,1.050840735435485840e+00,8.330928683280944824e-01,-2.112740883603692055e-03,-5.595949012786149979e-03,-6.089897453784942627e-02,1.597901731729507446e-01,3.957633078098297119e-01,-4.131583690643310547e+00,-1.553784847259521484e+00,-2.724660038948059082e-01,4.791213274002075195e-01,2.080993354320526123e-01,1.659615188837051392e-01,4.175570309162139893e-01,7.108611464500427246e-01,3.478431701660156250e-01,1.666808724403381348e-01,3.427011966705322266e-01,-1.033513784408569336e+00,-8.385838270187377930e-01,4.773371219635009766e-01,1.003064870834350586e+00,5.276306867599487305e-01,3.530632555484771729e-01,-2.828939437866210938e+00,8.343172818422317505e-02,-3.250477612018585205e-01,4.007373154163360596e-01,5.063456892967224121e-01,1.648422479629516602e-01,4.971762597560882568e-01,2.169625908136367798e-01,3.040569722652435303e-01,1.140020787715911865e-01,4.276020228862762451e-01,6.511970162391662598e-01,4.594288766384124756e-01,4.015192016959190369e-02,1.253982335329055786e-01,2.862646877765655518e-01,6.521113961935043335e-02,8.536111116409301758e-01,3.400036096572875977e-01,2.142981290817260742e-01,1.762123703956604004e-01,5.492952466011047363e-02,-5.543043464422225952e-02,-6.051326543092727661e-02,5.513387322425842285e-01,7.836251854896545410e-01,2.906419038772583008e-01,5.780932307243347168e-02,4.433886706829071045e-02,-1.261357665061950684e-01,4.731298089027404785e-01,9.846265912055969238e-01,1.175926208496093750e+00,1.134030699729919434e+00,2.678973972797393799e-01,1.559685915708541870e-01,-6.757528334856033325e-02,-3.037884712219238281e+00,7.115237116813659668e-01,1.097620248794555664e+00,-1.362470090389251709e-01,-1.069097876548767090e+00,-3.037367761135101318e-01,-5.721582174301147461e-01,3.536960482597351074e-02,-3.489556550979614258e+00,-4.226343929767608643e-01,4.657469391822814941e-01,5.556496977806091309e-01,4.217264652252197266e-01,2.186555042862892151e-02,1.009542495012283325e-01,2.790531888604164124e-02,-1.646627068519592285e+00,-1.024323105812072754e+00,3.812010586261749268e-01,-3.449721038341522217e-01,6.603461503982543945e-02,2.932169139385223389e-01,7.112359404563903809e-01,9.306146502494812012e-01,5.489913225173950195e-01,2.263379096984863281e-01,-2.369169294834136963e-01
4.898772835731506348e-01,3.913289308547973633e-01,2.538858354091644287e-01,6.149920821189880371e-01,-6.224724650382995605e-01,2.296100407838821411e-01,-1.768791824579238892e-01,1.551373749971389771e-01,8.731908351182937622e-02,5.239917039871215820e-01,6.278731226921081543e-01,-6.618571281433105469e-01,3.823400139808654785e-01,4.766150116920471191e-01,3.485412597656250000e-01,4.447013139724731445e-01,3.395283222198486328e-01,6.282867789268493652e-01,4.231805205345153809e-01,-7.458336949348449707e-01,3.938087224960327148e-01,4.716192483901977539e-01,3.401615023612976074e-01,4.468578100204467773e-01,3.538312911987304688e-01,-4.164516925811767578e+00,-4.164516925811767578e+00,4.636424481868743896e-01,4.012441933155059814e-01,3.404279649257659912e-01,5.420286059379577637e-01,5.876289010047912598e-01,3.971690833568572998e-01,4.676146507263183594e-01,4.324862062931060791e-01,4.088588654994964600e-01,-3.763637244701385498e-01,2.675750553607940674e-01,-3.900699138641357422e+00,-1.280140519142150879e+00,4.411396682262420654e-01,3.854830861091613770e-01,4.433506727218627930e-01,1.153048053383827209e-01,5.887534618377685547e-01,6.232624053955078125e-01,3.702411949634552002e-01,4.117045700550079346e-01,4.568607211112976074e-01,-5.539024472236633301e-01,-5.456625819206237793e-01,4.706643149256706238e-02,3.654048144817352295e-01,3.914928734302520752e-01,4.566453397274017334e-01,-2.873069286346435547e+00,3.985395133495330811e-01,-2.973600029945373535e-01,3.946225941181182861e-01,5.330111086368560791e-02,3.233173787593841553e-01,4.719756841659545898e-01,2.696869671344757080e-01,2.066025286912918091e-01,3.832911550998687744e-01,5.964862704277038574e-01,6.200774312019348145e-01,3.622598350048065186e-01,3.904197514057159424e-01,4.543428421020507812e-01,4.430971741676330566e-01,2.093358039855957031e-01,-3.499459326267242432e-01,4.402399957180023193e-01,3.277756273746490479e-01,4.746365249156951904e-01,4.378402829170227051e-01,3.676958680152893066e-01,2.699500024318695068e-01,4.091466665267944336e-01,6.097161173820495605e-01,4.288536608219146729e-01,4.720824062824249268e-01,-3.687875747680664062e+00,3.155578672885894775e-01,-9.122487157583236694e-02,5.730056762695312500e-01,6.354325413703918457e-01,5.890660285949707031e-01,4.125737547874450684e-01,4.790394902229309082e-01,-3.006906211376190186e-01,-3.270802974700927734e+00,-1.364706009626388550e-01,6.306083202362060547e-01,-3.327285945415496826e-01,-8.068100214004516602e-01,4.790223240852355957e-01,-3.212446719408035278e-02,-2.579200863838195801e-01,-3.288236856460571289e+00,-6.749706864356994629e-01,4.207945168018341064e-01,4.614409506320953369e-01,3.282258510589599609e-01,1.881340891122817993e-01,-4.752131998538970947e-01,-1.005073189735412598e-01,-1.221586704254150391e+00,-1.409641146659851074e+00,4.174703657627105713e-01,4.801945686340332031e-01,4.819729030132293701e-01,1.560465544462203979e-01,3.020478188991546631e-01,5.856161117553710938e-01,4.064134061336517334e-01,4.471665918827056885e-01,3.660280704498291016e-01
-2.182516455650329590e-02,3.958109915256500244e-01,8.094008266925811768e-02,1.658957451581954956e-02,-9.951571375131607056e-02,6.647819280624389648e-01,1.276842057704925537e-01,-6.835188865661621094e-01,-4.203714430332183838e-01,-1.170941948890686035e+00,5.138056278228759766e-01,8.363371491432189941e-01,3.454023301601409912e-01,7.261908650398254395e-01,-1.391121745109558105e+00,8.839592337608337402e-01,-2.495815753936767578e-01,3.300665020942687988e-01,7.957155704498291016e-01,-1.914350092411041260e-01,6.393522024154663086e-01,-1.218023061752319336e+00,5.106552243232727051e-01,-1.159279823303222656e+00,1.870737522840499878e-01,-3.345064640045166016e+00,-3.345064640045166016e+00,8.663569092750549316e-01,-4.046544134616851807e-01,-1.424143552780151367e+00,-1.329911351203918457e+00,8.997852802276611328e-01,9.364712834358215332e-01,-1.771635413169860840e-01,7.586321830749511719e-01,7.706607580184936523e-01,6.930221319198608398e-01,1.514849513769149780e-01,-3.182375431060791016e+00,-8.557966947555541992e-01,3.022877871990203857e-01,8.945444226264953613e-01,1.603188961744308472e-01,-8.639120459556579590e-01,-1.412551403045654297e+00,2.298715859651565552e-01,5.501748919486999512e-01,-6.754900217056274414e-01,8.691136240959167480e-01,-4.312693178653717041e-01,-1.485234618186950684e+00,-8.428805470466613770e-01,-6.134579777717590332e-01,8.783431053161621094e-01,4.837840199470520020e-01,-2.055610895156860352e+00,6.293787360191345215e-01,-7.286030054092407227e-02,7.842088937759399414e-01,6.121149063110351562e-01,6.258983612060546875e-01,9.041919708251953125e-01,7.339748144149780273e-01,8.501482009887695312e-01,5.311376452445983887e-01,-1.125650763511657715e+00,2.568032145500183105e-01,8.947691321372985840e-01,8.796082139015197754e-01,2.487062364816665649e-01,5.094192624092102051e-01,-1.635126620531082153e-01,-7.776534557342529297e-01,6.979517936706542969e-01,8.375414609909057617e-01,8.768036365509033203e-01,5.532814264297485352e-01,3.896217942237854004e-01,-2.548280239105224609e+00,-1.800261996686458588e-02,6.673224568367004395e-01,8.481428623199462891e-01,6.531651616096496582e-01,4.303663671016693115e-01,5.181626081466674805e-01,-1.263534426689147949e-01,8.250304460525512695e-01,1.019544124603271484e+00,1.011148810386657715e+00,8.234136104583740234e-01,8.527999520301818848e-01,7.199975848197937012e-01,-1.952438354492187500e+00,-1.128517091274261475e-01,8.874124288558959961e-01,9.840835630893707275e-02,-1.409252643585205078e+00,-8.956536650657653809e-01,-1.546667933464050293e+00,8.644454479217529297e-01,-2.522503376007080078e+00,-2.221177518367767334e-01,5.188752412796020508e-01,8.792380690574645996e-01,-1.555431038141250610e-01,8.182641267776489258e-01,3.887820839881896973e-01,-4.739400744438171387e-01,-2.065400123596191406e+00,-8.827209472656250000e-01,2.408071421086788177e-02,7.551333904266357422e-01,8.877033591270446777e-01,2.297795116901397705e-01,-3.966108262538909912e-01,9.774773120880126953e-01,8.327351808547973633e-01,8.618526458740234375e-01,8.101512789726257324e-01
